,model,MdAPE,MAPE,R2,MAE,MSE,RMSE
0,Ordinary Linear Regression,71.15501152111389,63.263883486030494,0.07759157115195081,731537.4859282714,1906662394060.6653,1380819.4646877865
1,Ridge Regression,47.2301573553687,33.68626596646802,0.2850111828883378,482676.8066538848,1477916123840.2944,1215695.7365394905
2,Lasso Regression,71.11547365185281,63.218811061887436,0.07793160631357299,731150.9088959753,1905959525098.2327,1380564.929692998
3,ElasticNet,56.643709972136016,23.40534695233506,0.2839224129487722,491162.4030207138,1480166663443.609,1216621.0023847234
