,Actual,Predicted
172329,4100.0,125314.51446850784
172330,2250000.0,1416433.3493923321
172331,950000.0,1102010.4121644255
172332,245000.0,327119.75869575236
172333,1175000.0,1020904.0585827976
172334,12202020.0,3333933.635469912
172335,340000.0,705659.775539103
172336,392500.0,560244.6485487269
172337,900000.0,1202051.4348808713
172338,865000.0,707279.5793798734
172339,1075000.0,1260967.6218986772
172340,2300000.0,1351809.8809557213
172341,999999.0,911753.8234679773
172342,620000.0,813989.7641547201
172343,2900000.0,1226784.0519390674
172344,4300.0,378755.12857557647
172345,499000.0,636004.8085387284
172346,600500.0,622746.7068412472
172347,960000.0,1221642.2437441582
172348,825000.0,1363968.215656574
172349,2280000.0,1497092.0531410873
172350,1250000.0,1055498.9926494984
172351,1198000.0,1582881.5766343242
172352,392500.0,802530.4723541066
172353,4500.0,86173.59346693568
172354,1600000.0,1453805.357118113
172355,1196000.0,972991.0994485961
172356,1680000.0,1324366.751603893
172357,2350000.0,1970477.5925618196
172358,412000.0,394366.2852073731
172359,2000.0,379323.1318794666
172360,2305000.0,1405293.7318178546
172361,1320000.0,620858.5403114688
172362,3150.0,-196551.66316639073
172363,2950.0,-211046.04266311415
172364,900000.0,942371.4540564828
172365,7500.0,210367.42253845744
172366,1655000.0,667098.4453275325
172367,670000.0,946748.5706115421
172368,1100000.0,1067928.2490326865
172369,1382000.0,1000986.1155630508
172370,450000.0,600977.1920375647
172371,710000.0,1042743.9742345568
172372,1700000.0,1394093.1861235471
172373,550000.0,850712.7279800866
172374,245000.0,386007.9626714159
172375,8100000.0,2965864.475967367
172376,1850000.0,1251152.508864427
172377,3650000.0,1380997.3750320664
172378,1000000.0,1175661.5499550458
172379,3700000.0,2345772.670589341
172380,1800.0,-105803.31966471579
172381,9100000.0,4061685.649714519
172382,780000.0,849493.5494142668
172383,2795.0,-416442.3407441508
172384,4000000.0,1322695.6543930583
172385,1015000.0,1479133.699446207
172386,1775000.0,717882.3948271936
172387,640000.0,848483.7876612879
172388,6150000.0,3064775.753668149
172389,2400000.0,1373839.7105739014
172390,4200.0,328170.5321179237
172391,2190000.0,1735587.8979052948
172392,2600.0,-157634.89036384877
172393,570000.0,635585.7707724879
172394,10800.0,641412.5719708083
172395,7400000.0,1853232.6802493958
172396,2300.0,-308793.9152864693
172397,3600.0,187395.78058325313
172398,510000.0,701290.8418116365
172399,1125000.0,1190389.414503947
172400,4500.0,251473.01836844254
172401,2000000.0,1343328.8534272816
172402,975000.0,1303215.8710535588
172403,620000.0,891180.6010636277
172404,24000.0,1024448.6247558119
172405,1750000.0,1282988.3293396095
172406,764500.0,937616.3057865268
172407,658000.0,1330208.03810208
172408,370800.0,550872.5983913084
172409,820000.0,1143081.9768726267
172410,7000.0,569393.7842994379
172411,940000.0,1141009.7599246623
172412,4200000.0,2166908.2297004163
172413,390000.0,788598.1652376242
172414,4000.0,118425.24284207448
172415,3200.0,89543.5745089855
172416,751000.0,816896.5776233701
172417,1425000.0,858003.245809136
172418,1850.0,-340949.4728729008
172419,19000000.0,1888626.9825378582
172420,880000.0,1057686.8879028792
172421,1995.0,-130529.54878745228
172422,855000.0,1224634.91646579
172423,870000.0,825870.0276532322
172424,6500.0,303664.96530348714
172425,1995.0,-247388.66265065502
172426,1300000.0,1563996.3335130783
172427,600000.0,653922.6993705984
172428,225000.0,703507.9825831968
172429,4100.0,6791.314048564993
172430,2500000.0,1291788.435351938
172431,770000.0,644903.7314527435
172432,3000000.0,1722635.9885381227
172433,1325000.0,1028396.8448479604
172434,2995.0,-162612.36176489946
172435,5500000.0,1931280.0057530869
172436,3300.0,-285044.11106556
172437,5995.0,475710.6943901982
172438,2550.0,-242461.93898707815
172439,1800.0,-328789.345177277
172440,832393.0,1156917.2798863929
172441,2200.0,-271033.796524398
172442,2500.0,-140846.14843063802
172443,1950.0,-521189.1237444822
172444,3000.0,-13380.550453305244
172445,2500.0,-44945.36883715354
172446,3125000.0,1267059.8683958678
172447,600000.0,938500.5465202397
172448,4950.0,284803.85138307326
172449,1175.0,-408779.11543319374
172450,3423.0,145738.30863243528
172451,3850.0,-7486.471408590674
172452,2700.0,-203991.84366796724
172453,1369000.0,1359711.1948655238
172454,4450.0,143475.80897198245
172455,5600000.0,2673876.6988237845
172456,1795.0,-213792.1420792034
172457,625000.0,877805.9908393351
172458,2400.0,-76087.29309567623
172459,6375.0,537288.9467281699
172460,2250.0,-168881.36919990554
172461,2700.0,-476967.9102445282
172462,1250000.0,1200125.616985334
172463,5550.0,416956.0340914801
172464,6500.0,492948.18587107304
172465,3500.0,108158.83997014817
172466,1712500.0,822552.826187931
172467,6900.0,1025809.9942112807
172468,5595.0,454150.432280167
172469,5000.0,155238.4760785196
172470,3800.0,56957.80256627221
172471,4000.0,140225.04074400663
172472,5500.0,243634.69595051464
172473,6825000.0,1144260.268447157
172474,1500.0,-497938.1751938667
172475,1850000.0,1146636.0778837623
172476,7250.0,167029.56294867955
172477,3400.0,-53859.65077850502
172478,3000000.0,1372359.0021814117
172479,1995.0,-395088.6391070904
172480,1999.0,-501859.77766192984
172481,950000.0,935727.1251917621
172482,3050.0,-189240.19042461738
172483,725.0,-482905.1417695768
172484,4500.0,90920.85731647164
172485,680000.0,952877.2606463749
172486,2500.0,-199304.64032406267
172487,3500.0,97061.76952487789
172488,3395000.0,1830450.2913009664
172489,2845.0,-146978.94177827705
172490,382200.0,1050416.1141542206
172491,5500.0,423777.34088578913
172492,2500.0,-500616.6675173454
172493,17500.0,1389015.3634318653
172494,4600.0,71799.5505460985
172495,1310000.0,1619065.9312906228
172496,2775.0,-176792.6075923331
172497,3300000.0,1118293.370362118
172498,4900.0,588628.2458413495
172499,3600.0,45270.42066270299
172500,905000.0,1246440.6488045612
172501,2973750.0,1486722.616549923
172502,3450.0,145582.37507257145
172503,5200.0,609449.1202784516
172504,4750.0,55194.922542158514
172505,10500.0,777899.0721576279
172506,1000000.0,1140371.7010038942
172507,3800.0,62377.93929080572
172508,3750.0,39248.79112392757
172509,2000.0,-676579.939306681
172510,2350000.0,1705677.3749466287
172511,6400.0,389640.7357040895
172512,7800.0,504162.0134686073
172513,850000.0,898968.0591857629
172514,2695.0,-131440.95401464216
172515,2000.0,-200715.46870086063
172516,1772000.0,1154024.1281048758
172517,2595.0,-234751.14224712923
172518,4050.0,119103.54558682349
172519,4950.0,300561.5997279361
172520,6050.0,245523.3218664201
172521,510000.0,749164.3171164021
172522,2890.0,-387044.342407424
172523,4500.0,101174.55885917041
172524,3700.0,75920.37439593673
172525,3790.0,14951.893545696512
172526,1589000.0,1438353.2735235738
172527,1025000.0,1167638.4294445878
172528,4300.0,86259.91991742421
172529,3300.0,5590.116101246327
172530,2675.0,-55079.22109917179
172531,1800.0,131240.93389659468
172532,3275.0,-55218.535423226655
172533,1850.0,-106322.0667598173
172534,2400.0,-222160.86003628746
172535,1800000.0,990528.6214441843
172536,2800.0,-241819.0952514708
172537,4380.0,234303.60459997598
172538,3700.0,109586.48089612089
172539,3600.0,398050.0449025938
172540,4700.0,284369.249252378
172541,2599.0,103836.18125779275
172542,575000.0,1276780.6034254972
172543,2397.0,-273721.25853330735
172544,255000.0,472133.9027405549
172545,816000.0,829146.0235225912
172546,255000.0,522714.1302785175
172547,1480000.0,1269150.5492952336
172548,3100000.0,1769709.2961114096
172549,2900.0,-233934.49545143452
172550,3400.0,-107145.34317820333
172551,1100000.0,1221280.4015972381
172552,4000.0,358335.0603009341
172553,2895.0,-28979.73833659105
172554,3095.0,-42740.32202829886
172555,3395.0,-85767.02061868366
172556,1695.0,-555267.5966425007
172557,610000.0,949740.6101430012
172558,1695.0,-439309.59897632524
172559,1260000.0,1027671.2245809091
172560,6300.0,717843.1373241618
172561,7500.0,597735.3574541649
172562,11000.0,793244.0330339065
172563,297213.0,839156.5986173693
172564,2675000.0,1824534.604546126
172565,2720.0,-353402.41391237266
172566,1700000.0,1271151.7538153213
172567,2450.0,-215113.67750677
172568,4200.0,172962.7997417627
172569,3200.0,366972.18320434634
172570,850000.0,486812.89720129315
172571,4300.0,195981.8218215704
172572,4400.0,194889.69140896015
172573,2499000.0,1482387.3304240573
172574,820000.0,843358.5603195252
172575,1050000.0,1035095.6226902651
172576,5200.0,385445.4616223648
172577,5200.0,279765.3765891902
172578,3100.0,-138103.54352669604
172579,4400.0,552631.997568056
172580,4500.0,-25184.428576122038
172581,1425000.0,1314602.9547117967
172582,3595.0,58322.02134444844
172583,3495.0,105423.6855051564
172584,3400.0,81796.45545168873
172585,4500.0,173980.01897901762
172586,887000.0,1111375.2603450967
172587,980000.0,1020580.4603444012
172588,4350.0,115798.82075971738
172589,4000.0,160595.9424408935
172590,3100.0,-204191.43067900464
172591,3585.0,28635.344945512712
172592,5300.0,475352.42194535397
172593,6650.0,480507.5530026676
172594,3850.0,160722.28556514904
172595,3650000.0,1212789.6671896204
172596,27500000.0,1875831.1124328813
172597,6700.0,142557.29070163984
172598,2295.0,-376878.5804038085
172599,614000.0,636029.0129533987
172600,1050000.0,1223706.921943265
172601,1875.0,-444455.6522381343
172602,14800.0,1065599.2732757498
172603,45000.0,442597.93985108193
172604,3895.0,229087.82301897183
172605,3400.0,89033.30694433022
172606,2950.0,24504.457590340637
172607,4800.0,322834.61379323713
172608,4900.0,513739.9986076532
172609,3200.0,-167112.78885931242
172610,6200000.0,1904013.8309328454
172611,2350.0,-49836.12254877016
172612,1950.0,-775644.8404301256
172613,5000.0,95518.91415931378
172614,1600000.0,1114779.8192436816
172615,1875000.0,1400375.9364014566
172616,2350.0,-239567.0584434392
172617,6500.0,415999.42772411834
172618,6000.0,810859.7684888197
172619,12900000.0,2076621.4083828581
172620,4325.0,125212.6103239404
172621,2950.0,-218226.03735222295
172622,25000.0,991341.7561397562
172623,4900.0,518919.8144653803
172624,3450000.0,1393308.922629919
172625,1775000.0,1225499.5616474329
172626,2900.0,-57274.78123486601
172627,3850.0,308082.07312451955
172628,6500.0,20561.989670257084
172629,3512500.0,1483628.700097397
172630,3050000.0,2262804.0364000313
172631,3400000.0,1550230.7322170567
172632,690000.0,867183.0076961741
172633,650000.0,2011175.4809452593
172634,3100.0,-292368.21836895123
172635,3600.0,117545.88621012773
172636,1990.0,-259553.8362320233
172637,750000.0,890859.754412842
172638,4400000.0,1727308.358450397
172639,10000.0,385482.74850015156
172640,11500.0,450040.80030768085
172641,185000.0,575759.2557914881
172642,6200.0,616368.6299589733
172643,6950.0,457780.56963754725
172644,4350.0,315745.3211273039
172645,2800000.0,1532501.2628831277
172646,6000.0,255508.15119482018
172647,900000.0,1241996.641238613
172648,3800.0,55420.004795710556
172649,325000.0,717825.0305488249
172650,330000.0,576461.0775938611
172651,2800.0,-124860.01624302845
172652,2910000.0,845456.6549665527
172653,3000.0,-121109.83226868231
172654,6400.0,413834.8854596382
172655,4400.0,113908.9543831721
172656,1300.0,-320994.1962817572
172657,4000.0,73700.25653190631
172658,3300.0,-2254.0832958137617
172659,4575.0,134115.36200226564
172660,5000.0,371242.77228008304
172661,2350.0,-312265.4839460524
172662,3300.0,60732.26699203625
172663,3600.0,6210.952996080741
172664,1200000.0,1204471.2920665452
172665,3100.0,-182531.14706215542
172666,3250.0,12614.929831293412
172667,1225000.0,1413509.5571600115
172668,2900.0,-133858.9553561136
172669,6100.0,241699.7364518745
172670,4000.0,253590.95100129582
172671,4250.0,150900.87742805574
172672,3100.0,-74827.49978004768
172673,6995.0,679610.362127875
172674,3900.0,-142510.96765661892
172675,2980.0,-279162.9575962182
172676,9500.0,694378.7231698763
172677,4000.0,153521.4113062732
172678,4600.0,184226.5636686869
172679,5250.0,210418.96372732054
172680,10000.0,969898.6978069413
172681,3600.0,24546.5776287131
172682,3850.0,180862.6402006764
172683,4000.0,139647.536903264
172684,1500.0,-284084.55993962847
172685,6500.0,698961.3683331804
172686,5500.0,434735.65864442755
172687,3400.0,153080.39324461948
172688,6250.0,407337.14046283346
172689,8000.0,512188.22369473986
172690,3125.0,-114839.61774082202
172691,920000.0,1208448.2412052462
172692,3300.0,21493.162210179493
172693,3200.0,-45676.72586668655
172694,3500.0,80293.24413665663
172695,536500.0,799093.0580423195
172696,5000.0,251756.11705087125
172697,4600.0,251629.5334170144
172698,470000.0,1004936.1757627092
172699,17000.0,861150.836238212
172700,17000.0,1082368.6927987626
172701,7500.0,557345.0635856073
172702,10500.0,792938.9494032292
172703,3800.0,77311.490281282
172704,4800.0,128217.39287038054
172705,4500.0,283225.2325369511
172706,5500.0,190450.45129819494
172707,2500.0,-393593.67616100144
172708,3500.0,110091.68351056147
172709,1785000.0,1355752.2906566802
172710,5200.0,163155.96392902546
172711,3200.0,-414569.87241687346
172712,2500000.0,1973927.14857064
172713,530000.0,628786.1970567256
172714,3500.0,110492.01035957877
172715,1350000.0,1285895.554780528
172716,7000.0,270194.96829159
172717,3500.0,197581.73198371008
172718,8300.0,1072164.484611635
172719,8500.0,485433.6091677435
172720,460000.0,482344.2586301612
172721,561000.0,695760.5708121192
172722,7000.0,737789.2663204093
172723,4500.0,227133.8731128471
172724,2835.0,-158861.42592029367
172725,1675000.0,1031550.3778954577
172726,3250.0,-70858.2339630276
172727,3100.0,-266826.7522748271
172728,7500.0,906524.7150186133
172729,3300.0,-154887.5472854171
172730,5950.0,473139.79196976963
172731,3600.0,278397.6011419343
172732,995000.0,884522.2497748891
172733,3600.0,-161184.35035488848
172734,12000000.0,5095770.392628448
172735,4000.0,217063.82089108415
172736,925000.0,1081950.839774833
172737,805000.0,1225191.4235532703
172738,3450.0,-75144.22342123184
172739,4200.0,249134.78625071235
172740,4400.0,376595.3181397319
172741,2795.0,1896541.041222521
172742,359900.0,529665.5032407325
172743,12000.0,1266560.674578946
172744,6200.0,247285.95340525918
172745,410000.0,730998.5473408839
172746,2895.0,-288973.5838389769
172747,1675000.0,1196802.7116700932
172748,386500.0,583048.9497891255
172749,385000.0,808149.9184786584
172750,5200.0,226044.9990229616
172751,5300.0,278704.14398879744
172752,2300.0,-452376.4538588226
172753,7475.0,806934.2584653199
172754,2400.0,-74594.32114494313
172755,655000.0,941296.6026266692
172756,2595.0,-231248.11567415018
172757,1700000.0,1296141.5312901493
172758,1775000.0,1173110.524072989
172759,4650.0,196714.11965694465
172760,5500.0,654815.7942993212
172761,775000.0,843553.4040729273
172762,3500.0,14185.5847253846
172763,3420000.0,2533892.35109484
172764,6200.0,592367.4900094466
172765,5000.0,216677.96719354764
172766,1900000.0,1870080.7134282803
172767,1625000.0,1122942.8237995123
172768,1769000.0,1426121.8372961953
172769,4700.0,254280.69689557143
172770,3320000.0,1203764.8112159725
172771,3900.0,-1246.4468157524243
172772,3800.0,187763.42948418483
172773,3700.0,53734.96067768149
172774,5000.0,460337.22980645485
172775,440000.0,1384826.4200047795
172776,2500.0,-54793.43782054726
172777,722000.0,953695.233947577
172778,1000.0,-649080.3893160373
172779,3200.0,-236156.68832399324
172780,8400.0,1472060.087973753
172781,5200.0,346353.170083113
172782,1612000.0,1345107.0849684048
172783,4995000.0,1798376.2332146112
172784,5900.0,770475.6920777
172785,3600.0,-159264.61442340724
172786,1450000.0,1070395.6391061442
172787,3200.0,95791.99270414654
172788,3500.0,43951.85615781136
172789,7500.0,414726.6335589774
172790,455000.0,809145.8580841413
172791,995000.0,745933.7557371231
172792,815000.0,760963.2163224434
172793,3595.0,-117524.8129841173
172794,850000.0,898976.741757744
172795,1100000.0,565881.634118991
172796,670000.0,896759.6619971124
172797,880000.0,842888.3552222019
172798,698000.0,648942.4911631327
172799,640000.0,943697.1806394961
172800,725000.0,662521.7887976309
172801,2400000.0,801366.0516334604
172802,3300.0,-237417.49618719518
172803,3000.0,-8062.305670497008
172804,2500000.0,1243971.0149050765
172805,4350.0,230670.70484274626
172806,2900.0,-134796.37564740423
172807,1375000.0,1393841.9997033216
172808,19000.0,520618.30290691927
172809,840000.0,941747.1139264172
172810,4900.0,240594.0770685412
172811,1200000.0,1068043.1754306229
172812,302000.0,1174534.257637307
172813,1335000.0,905815.6608168958
172814,2800.0,-186712.9457714539
172815,1940000.0,1438018.3243865771
172816,5500.0,127864.46047058236
172817,2600.0,72666.68410101626
172818,2549000.0,1134881.2769922502
172819,3300.0,-284201.18394238316
172820,625000.0,782592.4351486396
172821,1449000.0,1141648.1790346643
172822,4500.0,142337.14648598153
172823,950000.0,999166.618582312
172824,930000.0,876859.0023908559
172825,680000.0,741727.1145040598
172826,950000.0,1129050.1830338724
172827,4500.0,206501.6319377292
172828,1275000.0,1511233.2960682428
172829,1030000.0,1704672.2190543767
172830,3250.0,-227966.26191134378
172831,4550.0,200081.0610572407
172832,1300000.0,1592711.746431401
172833,3800.0,-51158.516921324655
172834,1200000.0,1001512.0806339802
172835,3800.0,-20900.911115889437
172836,2750.0,-416328.60993874166
172837,300000.0,802447.4303873517
172838,5700.0,407125.98399150465
172839,3200.0,-216906.3178683091
172840,230000.0,506003.8928652173
172841,3550.0,35278.999459577724
172842,190000.0,543920.5636415556
172843,6500.0,359446.23702905327
172844,5500.0,387931.0046416456
172845,6500.0,171953.17076214217
172846,4000.0,32983.803486415185
172847,1700.0,-309877.79561844654
172848,3600.0,-102809.80763335899
172849,2500.0,-188849.5688897008
172850,640000.0,633421.2947976701
172851,3850.0,-88254.73170816153
172852,5500.0,103495.47848064732
172853,2000000.0,825043.963658303
172854,1280000.0,1046782.9825362191
172855,869000.0,1039872.2950554267
172856,853000.0,880508.4801041968
172857,4250000.0,1365187.9156487137
172858,1974000.0,967421.8867956419
172859,4500.0,362205.21137587447
172860,460000.0,876435.2356102737
172861,2800.0,31749.41184569616
172862,1300000.0,1097200.5579406125
172863,1175000.0,1130257.2544678655
172864,640000.0,865277.6568795014
172865,3950000.0,1522833.4665314378
172866,9000.0,387032.16391257104
172867,2700.0,-303713.256258253
172868,3650.0,-151807.46314166766
172869,5200.0,121301.84269973636
172870,6300.0,357367.48742776737
172871,1660000.0,1073897.8298560102
172872,460000.0,389811.59492143523
172873,910000.0,823629.3627749244
172874,4250000.0,1165857.4209394539
172875,3450.0,271480.4472803585
172876,4000.0,138187.66954297014
172877,1500000.0,1076247.6868247157
172878,5700.0,310226.2610468911
172879,1775000.0,740895.4485727753
172880,3850000.0,1802974.8013766818
172881,1800.0,162905.81737123057
172882,4250.0,133838.26616111957
172883,675000.0,303505.81322060246
172884,1025000.0,1039174.392909769
172885,6300.0,433011.74526264425
172886,5700.0,644320.7333738701
172887,2600.0,25333.572489257902
172888,1185000.0,852867.137095537
172889,1750000.0,1567762.5569586214
172890,3300.0,-193349.39502597786
172891,9000.0,778944.6344981389
172892,800000.0,890537.8655662173
172893,2500.0,-330836.44758394547
172894,6650.0,504366.25085866265
172895,1360000.0,1475162.4219406256
172896,2600.0,78440.39719796088
172897,1500.0,-448054.45344723016
172898,9850.0,365368.37865979783
172899,9000.0,179066.45281143673
172900,415000.0,537005.7268180605
172901,1150000.0,1072008.7711462108
172902,5700.0,246635.21530765202
172903,3000.0,-46810.51378216967
172904,213000.0,790594.0780957332
172905,3000.0,-98213.57400679868
172906,6500.0,467041.54920820054
172907,1950000.0,750677.8124069786
172908,6000.0,130718.94235665724
172909,469000.0,891327.7760832496
172910,6200.0,374238.17661036365
172911,2525000.0,1246863.5556401992
172912,1850000.0,1197729.74246882
172913,2800000.0,917264.9602156179
172914,4200.0,114592.27195110358
172915,4295.0,52620.0632437719
172916,1995.0,-356566.10048274416
172917,4200.0,139639.31572934706
172918,3210000.0,1389048.8100395724
172919,1800.0,-131206.24654123
172920,7150000.0,1259310.4328913353
172921,2470.0,-302130.36352352146
172922,1225000.0,1020775.7788096732
172923,1300000.0,1468395.5792873371
172924,550000.0,796255.8453669567
172925,2500.0,-329998.994342695
172926,2950.0,-50924.543591193855
172927,2700.0,-225010.76122635603
172928,910000.0,968978.1481625084
172929,4500.0,210292.96923616435
172930,877800.0,963858.9116425989
172931,3250.0,110923.99127785582
172932,1625000.0,1251691.890261963
172933,8500.0,354851.49686973635
172934,4500.0,184542.9766034251
172935,825000.0,1027063.7380070267
172936,3500.0,327473.338099082
172937,8000.0,756053.8182174088
172938,530000.0,718808.585140558
172939,1650.0,-566492.997702444
172940,3200.0,-330474.24151322804
172941,199849.0,239343.01178421546
172942,6700.0,325756.29106482305
172943,2300.0,-96827.28895751853
172944,12700.0,901432.879447896
172945,2795.0,-227029.8655969007
172946,510000.0,1185510.3924650662
172947,239000.0,561290.8593700565
172948,245000.0,728478.7552616149
172949,1350.0,-727996.491576883
172950,2750000.0,1368474.0321164764
172951,4700.0,275912.03456784785
172952,1400000.0,1132307.19880277
172953,4000.0,-60031.40642954875
172954,3375.0,-308779.91160130594
172955,2200.0,-570074.1137974272
172956,3700.0,-90174.24032156356
172957,395000.0,754390.4450036185
172958,8500.0,1133811.0722027617
172959,1150000.0,1404004.970905709
172960,25000.0,1969753.9361836938
172961,7125000.0,2108657.9947686624
172962,2600.0,21277.91098856274
172963,1250.0,-567251.3042790703
172964,3000.0,-206996.52403278928
172965,4300.0,341174.235621687
172966,4300.0,246490.54420742393
172967,6000.0,497135.50453095976
172968,5050.0,-51674.92505203374
172969,359000.0,602283.7194420453
172970,4600.0,7779.920471895486
172971,2600.0,-457958.62760584615
172972,2950.0,-87641.84673938062
172973,5500.0,197665.8851978127
172974,3800.0,328960.76259594504
172975,2500.0,89456.69069056399
172976,2225000.0,1243129.1762744673
172977,3400.0,-150520.50480263215
172978,3650.0,52460.33547262754
172979,1385000.0,1521834.5157542126
172980,2395.0,-139629.6335614482
172981,3600.0,-256630.40201849677
172982,555500.0,888397.8354974566
172983,1650000.0,1476685.4379778095
172984,3000.0,21947.162693887018
172985,3495.0,-346931.83770786785
172986,3100.0,-147290.03933364805
172987,4700.0,39494.99209724739
172988,6000.0,287502.0929595521
172989,5400.0,342997.9729740545
172990,779000.0,978670.0270562619
172991,2695.0,118268.16299749073
172992,3500.0,-180660.06863560062
172993,430000.0,637489.7002458349
172994,850000.0,869034.736188544
172995,4450.0,-11265.161823222414
172996,3299.0,-131910.27758708503
172997,680000.0,791218.4694268489
172998,4000.0,12995.018627213314
172999,4800.0,88971.51768273115
173000,940000.0,1071865.761914379
173001,2995.0,-95138.009540556
173002,980000.0,1066166.3802571874
173003,6250.0,958712.4632443096
173004,525000.0,603617.75115126
173005,2400.0,-233498.7996246135
173006,1850.0,-98773.19421134982
173007,3000.0,89704.32979644276
173008,2700.0,-174684.4437830886
173009,16900.0,1458704.2947258027
173010,605000.0,682033.778765535
173011,5000.0,129883.01088681817
173012,3750.0,72543.10686499719
173013,3795.0,269805.40314962156
173014,2200.0,-2159.077116562985
173015,9200.0,428122.30366927385
173016,2825050.0,1463282.6336846044
173017,3700.0,-181016.1466333624
173018,7500.0,382323.2939013904
173019,2495.0,-331892.6613057032
173020,5700.0,265651.2352585681
173021,1600.0,-139359.10148022138
173022,860000.0,919762.4441482527
173023,840000.0,1277707.988544208
173024,4000.0,153786.05912116915
173025,3430000.0,1689206.4519730145
173026,2450000.0,1185844.900451513
173027,1850000.0,1364332.5838110698
173028,6500.0,559757.8319735406
173029,2700.0,-509712.2090131249
173030,3100.0,-123052.85625412036
173031,3895.0,-43542.30460907053
173032,2200.0,-499892.3811243344
173033,5500.0,320883.6852147868
173034,2950.0,-224094.14688132238
173035,5500.0,280298.62921940535
173036,3500.0,-28923.707366988063
173037,5600.0,523288.0941598024
173038,480000.0,1127438.9485234981
173039,632000.0,810638.4678195873
173040,450000.0,853707.6311292443
173041,2900.0,48421.63558869064
173042,2000.0,-198519.17406733893
173043,420000.0,605122.2736592665
173044,4500.0,313163.3784243949
173045,4100.0,274736.6487494474
173046,6100.0,394070.47261295095
173047,6300.0,539668.2061719596
173048,5000.0,107508.39152968861
173049,6150.0,561765.9699228825
173050,4000.0,247097.1317899702
173051,7000.0,701057.2734495979
173052,3500.0,46057.244953781366
173053,4400.0,202136.8851125976
173054,6200.0,851881.1741136527
173055,4900.0,425301.5592034105
173056,655000.0,1161342.5194068719
173057,11500.0,831995.623720686
173058,9500.0,652120.3520979229
173059,4600.0,140703.55856480543
173060,4700.0,202961.05498685502
173061,6000.0,370381.7791750161
173062,4025000.0,1313776.1419076072
173063,225898.0,821192.4477644674
173064,3300.0,-75797.7514184583
173065,3500.0,26862.313745974563
173066,4500.0,212620.24133670423
173067,3500.0,-54541.504466409795
173068,3200.0,-230292.01040576026
173069,3195.0,408109.79305569176
173070,25500.0,1256352.14717412
173071,1325.0,-473491.62166572735
173072,4500.0,27761.39713362232
173073,5500.0,533898.138123733
173074,5600.0,421571.09346252214
173075,5100.0,238288.53327169828
173076,2600.0,-147117.0965172015
173077,2100.0,-441070.775128589
173078,2500.0,-127214.42984575499
173079,5700.0,442942.5673832698
173080,3500.0,254336.87837995868
173081,4200.0,47854.07232478075
173082,2895.0,176710.0435390873
173083,725000.0,852981.6446869075
173084,3725.0,248741.7428022623
173085,545571.0,718645.0241228463
173086,5100.0,412699.4864714546
173087,2200.0,-155612.73048183508
173088,4000.0,226770.63170681056
173089,36693.55,52787.852628982626
173090,4200.0,265620.0425081849
173091,3250.0,38538.513100899756
173092,7000.0,765927.4536552634
173093,2650.0,-233509.4753666129
173094,3000.0,32903.30058997031
173095,2800.0,-166765.48658793233
173096,640000.0,579015.8274587458
173097,885000.0,774368.030512101
173098,2075000.0,1056636.5803713147
173099,3800.0,-137207.84218297526
173100,12000.0,557979.8948845826
173101,14000.0,673395.9997614427
173102,3850.0,185971.92993758805
173103,12000.0,309266.7662597811
173104,2850.0,-133757.68716525845
173105,3600.0,-68338.86062528659
173106,1400000.0,972706.5486609442
173107,1900.0,-287075.2936974531
173108,2500.0,-250799.3331059832
173109,3930.0,179738.6006999202
173110,138306.45,401097.215826571
173111,535000.0,800164.1552002914
173112,1775000.0,1076471.2357252305
173113,1195.0,-572951.92062198
173114,2450.0,-262297.1417181222
173115,330000.0,541367.7851312896
173116,2900.0,-176405.83817155194
173117,3695.0,195250.0505600311
173118,2850.0,-115526.42462535389
173119,4295.0,233901.68533199
173120,3950.0,-46810.238231828436
173121,482500.0,516005.76562532876
173122,950000.0,956800.9810084123
173123,1920000.0,1098076.3308951445
173124,5500.0,471941.85956536606
173125,2300.0,-114695.8507613847
173126,2463000.0,1543248.8568025753
173127,4250.0,119096.10631758347
173128,335000.0,1011340.2619410567
173129,4000.0,315402.3523530252
173130,5500.0,475471.6150873164
173131,5500.0,310050.9732953515
173132,2895.0,-56230.989994333126
173133,7800.0,789883.4943387527
173134,585000.0,774774.0317514595
173135,570000.0,689588.8727124175
173136,2200.0,42970.73803770915
173137,415500.0,689784.1668290431
173138,1625000.0,1342841.1252435138
173139,5200.0,126983.82700440194
173140,5500.0,290532.11876092106
173141,5500.0,798364.5955819972
173142,670000.0,749301.4572895151
173143,820000.0,941138.0208527828
173144,6200.0,650382.5451133242
173145,525000.0,965787.9388539381
173146,4850.0,254965.2391347764
173147,3500.0,20182.69918980077
173148,420000.0,460423.7984815473
173149,1500000.0,1019197.3446847433
173150,1250000.0,1201936.4595530564
173151,848000.0,643947.6469548903
173152,14995.0,907325.4389452152
173153,1174000.0,1140720.3164642546
173154,212000.0,504513.1168999318
173155,2000.0,-63034.253733921796
173156,4950.0,227068.38307175227
173157,20000.0,911142.0701714782
173158,2850.0,-333059.4047459131
173159,2725000.0,1534014.1620380422
173160,399000.0,538070.114950723
173161,2350000.0,1437509.518614674
173162,775000.0,848784.1306087188
173163,12000.0,1080826.0663358392
173164,285000.0,385896.07184677664
173165,1650.0,-227831.47185400221
173166,710000.0,825737.8113479074
173167,1240000.0,974027.7946152622
173168,1600000.0,987695.5388870882
173169,5500.0,185792.1977823656
173170,1800.0,149654.86462898925
173171,4500.0,363180.41838845424
173172,2995.0,-48438.225971820764
173173,310000.0,672986.1674545463
173174,2300.0,-348867.4947681129
173175,3250.0,-82219.31440223008
173176,2450.0,-296553.5411210442
173177,2995.0,-284966.6825145539
173178,2200.0,-442379.3013739977
173179,2650.0,-37489.06023874506
173180,1350000.0,957428.9279426103
173181,729000.0,906975.2725140722
173182,7950.0,482620.6257893024
173183,775000.0,1408008.7552782232
173184,3225.0,76115.19473016448
173185,4100.0,428908.93153391406
173186,5200.0,295615.5076376498
173187,763000.0,911222.4402821427
173188,7750.0,130631.76268240344
173189,1415000.0,1077702.1836537886
173190,4295.0,-133846.14053491037
173191,6500.0,110539.30074154213
173192,5100.0,396538.42586095445
173193,860000.0,1391687.3152483935
173194,3800.0,177569.16883307602
173195,4400.0,141834.92382995505
173196,1526000.0,1290815.1073185606
173197,500000.0,1169878.7769460073
173198,3500.0,-85120.51421363186
173199,3400.0,282534.2503218567
173200,1000.0,-373380.61618326604
173201,3750.0,-17731.79376600776
173202,730000.0,1010209.83921861
173203,3650.0,-100475.53493770491
173204,401650.0,903096.9470753632
173205,1184720.0,964983.5202983497
173206,4695.0,369919.81063031685
173207,450000.0,734478.5154852727
173208,4998.0,159981.4042848274
173209,6000.0,374063.90357653424
173210,850000.0,696081.6093016202
173211,525000.0,704709.251910503
173212,872000.0,1183700.1308937576
173213,3500.0,46274.61278643645
173214,1595000.0,1638948.1169635607
173215,2250.0,-220174.1110848086
173216,5600.0,596343.0068475483
173217,3300.0,85926.63853009045
173218,1607000.0,952592.125056887
173219,3400.0,23204.800454360433
173220,4500.0,253427.1448350465
173221,1740000.0,910212.8618053626
173222,3880.0,137896.75830742437
173223,1455000.0,792791.6258282205
173224,3500.0,148894.88814663794
173225,5500.0,279256.29078439064
173226,2650.0,-81978.53125550319
173227,675000.0,1153249.1350686084
173228,3800.0,184010.0937664276
173229,4900.0,498296.35155325755
173230,1550000.0,1121390.9753925633
173231,3995.0,-81124.98293441813
173232,689000.0,608857.4649691079
173233,1400000.0,1164882.5007216725
173234,5850.0,286028.81783928815
173235,16500.0,1262804.1291072825
173236,5500.0,397257.44057066366
173237,1443000.0,1026400.5143880313
173238,4900.0,254851.09625348542
173239,665000.0,789483.1158908643
173240,1150000.0,1177049.2462879345
173241,270000.0,643014.4007190885
173242,3950.0,51988.79609870911
173243,2895.0,-1104.1827979041263
173244,3500.0,252648.76010309905
173245,3350.0,98794.35299080797
173246,1710000.0,1456435.3399428474
173247,3700.0,15907.586457178928
173248,1050000.0,944680.986352535
173249,740000.0,854777.3349454505
173250,2495.0,43230.78356946539
173251,815000.0,1108987.9245950896
173252,881000.0,931376.349945399
173253,2500.0,-212448.40365643706
173254,775000.0,861140.1464315904
173255,2850.0,3434733.332969588
173256,880000.0,1268515.6833005156
173257,4000.0,262012.28217996657
173258,3600.0,141579.95558189135
173259,5500.0,254859.54477356654
173260,2245000.0,1007953.9687463306
173261,4300.0,27118.424175132066
173262,1500000.0,1272588.0858527375
173263,2200.0,-317678.0949135572
173264,3400.0,35160.16875978839
173265,1100000.0,890312.8387106275
173266,900000.0,997955.5389088532
173267,1100000.0,1027209.0849391893
173268,1252000.0,870035.9260617839
173269,835000.0,793627.2976913331
173270,1670000.0,1170904.5921096029
173271,1980000.0,837896.9159568241
173272,875000.0,739241.1546870433
173273,1200000.0,1270814.6531346245
173274,4000.0,68567.49202308431
173275,6000.0,286248.0903234901
173276,2400.0,-437107.7241726462
173277,910000.0,830260.7881818898
173278,7250.0,219255.54053117987
173279,600000.0,750132.8244753629
173280,1200000.0,1351769.3819100857
173281,1240000.0,894757.4113158816
173282,1825.0,-217037.2342881253
173283,560000.0,921818.0832558218
173284,2900000.0,1746418.7454769863
173285,550000.0,802167.9919996057
173286,605000.0,606859.5804981682
173287,3800.0,-71912.7342082616
173288,2000000.0,1700465.0326315872
173289,465000.0,761744.0740184421
173290,730000.0,714651.4126149854
173291,4300.0,48391.82525668014
173292,4300.0,34275.02370664012
173293,1080000.0,1076510.9234183766
173294,900000.0,798862.0944285998
173295,3400.0,473790.94020875636
173296,888000.0,814268.8388256738
173297,660000.0,669186.2410454415
173298,910000.0,1383384.610280293
173299,1450000.0,1440347.6287483312
173300,6500.0,92943.59581134561
173301,3500.0,52095.49017508328
173302,6700.0,454413.5664888462
173303,4850.0,218300.4580199169
173304,3040000.0,1929356.583870668
173305,4950.0,200218.22116306797
173306,5000.0,236995.72907241248
173307,3450.0,-120486.03619454801
173308,4050.0,-23479.920569719747
173309,1401000.0,1114093.368022726
173310,3500.0,86826.33147075586
173311,1115000.0,1014202.7850521924
173312,1700.0,-479281.85717268195
173313,3500.0,138794.90587959625
173314,3800.0,134811.32888144627
173315,3200.0,-242697.72619011626
173316,4430692.0,1995052.5129419956
173317,9000.0,1136965.5720495656
173318,710000.0,837245.9330834299
173319,665000.0,886649.4667404499
173320,6200.0,759340.4267206043
173321,1250000.0,1036436.5905892467
173322,750000.0,543384.2055315189
173323,2425.0,-275477.26542945113
173324,1210000.0,813666.130081892
173325,2800.0,-303669.5134625193
173326,730000.0,675251.2445199797
173327,2700.0,-250408.69501247257
173328,1850000.0,1058491.8731771894
173329,2990.0,-259599.59653327614
173330,2795.0,-134087.3017273033
173331,7200.0,1003698.4233891116
173332,4700.0,170188.45012831036
173333,3700.0,-4995.6759215286
173334,479000.0,456317.7144624572
173335,2500.0,-194320.90175788384
173336,4600.0,171145.72877667472
173337,3500.0,-198162.84836446773
173338,1350000.0,1752455.6788764214
173339,3000000.0,1682046.5905637546
173340,570000.0,875098.6853608675
173341,1925000.0,1271507.3963798704
173342,650000.0,942420.8301273659
173343,1000000.0,932156.8175669154
173344,4000.0,323098.9518899759
173345,1168000.0,1040875.9017330846
173346,8750.0,729239.9053311208
173347,940000.0,823993.258278355
173348,575000.0,793296.8984744688
173349,3800.0,-3171.8835078980774
173350,3800.0,124115.19101526216
173351,5400.0,248187.92131089047
173352,2650000.0,1274710.3630443066
173353,3200.0,124514.82437788416
173354,5880.0,131697.47816899326
173355,2695.0,-274933.59276057873
173356,6800.0,312530.47195151355
173357,1441000.0,1315823.2726435792
173358,4850.0,130955.62564468104
173359,270000.0,129240.80321103148
173360,2500.0,-97780.52067331783
173361,2050000.0,1059471.2706474587
173362,2295.0,-193849.95955547318
173363,2295.0,-208964.9857903486
173364,1825.0,-304106.3705164902
173365,881275.0,971892.4501334522
173366,450000.0,637974.8558129063
173367,1245000.0,958980.5227649668
173368,2175000.0,1296025.9812635696
173369,1420000.0,918961.5034257891
173370,2600.0,-292538.12681629974
173371,2300000.0,1489600.1208703145
173372,1525000.0,998514.7967853937
173373,150000.0,565297.9370801458
173374,2140000.0,781793.4477090109
173375,1700000.0,2499621.927235245
173376,1210000.0,906163.9934809916
173377,7500.0,581080.8716848306
173378,27000.0,1262016.7462500958
173379,4330.0,430236.55024674535
173380,3195.0,-103994.32400899194
173381,4200.0,132119.03569622245
173382,2950.0,14763.828031384386
173383,8000.0,581080.7938985871
173384,1000000.0,1032858.2863444351
173385,5750.0,150147.0012048604
173386,4300.0,473401.75461124536
173387,930000.0,512565.96921112016
173388,1350000.0,1123786.0658448013
173389,2400.0,-182577.7023455361
173390,7900.0,313635.10912482254
173391,1500000.0,1131326.8305255156
173392,1400.0,-190656.34425366018
173393,1160000.0,972920.883957129
173394,618000.0,1187151.8320533456
173395,3600.0,23975.385724197142
173396,435000.0,519520.1746285884
173397,1035000.0,539331.481038671
173398,951000.0,1172766.317500731
173399,1495.0,-121540.52511341125
173400,2525000.0,1511638.8117327513
173401,5495.0,352440.1566175148
173402,4695.0,369150.31088365056
173403,5700.0,502308.6607548548
173404,2100.0,-194058.63042561244
173405,3700.0,-163801.08915261552
173406,2250.0,-139861.1708039632
173407,3500.0,272995.0499293413
173408,6000.0,603761.4428726416
173409,750000.0,696862.0193934916
173410,3200.0,-512840.5325284377
173411,820000.0,849459.0754979718
173412,380000.0,840075.6343186283
173413,975000.0,972628.7594639575
173414,2200.0,-387320.47120260727
173415,3000.0,31360.20778427832
173416,3300.0,-41397.213427067734
173417,3500.0,-11863.311824145727
173418,3775000.0,1441525.679268011
173419,6400.0,503142.9626603639
173420,2400.0,-133102.5856106067
173421,2975.0,-188789.7051638905
173422,4000.0,-151773.25055168383
173423,375000.0,646716.6434241319
173424,2375000.0,1557029.5476039965
173425,1200000.0,1272103.5004230551
173426,800000.0,977051.9026621496
173427,7300.0,608003.0790218767
173428,620000.0,812354.0652593402
173429,279000.0,246799.2583925128
173430,2088.0,-363450.32764551137
173431,510000.0,756444.4380996665
173432,2150.0,-273227.17732093297
173433,665000.0,900496.1296481183
173434,945000.0,972116.6245814543
173435,438200.0,736443.8846176285
173436,2900.0,-214135.32402568683
173437,1850.0,-115183.6336733289
173438,430000.0,941772.8361973548
173439,850000.0,1259509.4137561638
173440,460000.0,561701.1191797219
173441,3665.0,69028.39933834039
173442,4900.0,388367.7051861333
173443,589000.0,993069.2411045646
173444,283000.0,312056.7678304156
173445,4100.0,270871.3951226324
173446,6200.0,533887.1077910159
173447,2500.0,15074.56391164288
173448,2700.0,78058.57864645962
173449,5500.0,428264.6893912237
173450,4700.0,-23154.670727558434
173451,2900.0,220226.08485701308
173452,3100.0,14762.54545777943
173453,389000.0,713662.5196128441
173454,1995.0,-264462.4786566226
173455,4000.0,-199841.13933265116
173456,4200.0,283373.28509543743
173457,255000.0,509584.4329027692
173458,5995.0,616050.7211756026
173459,2600.0,-75634.3444621982
173460,606800.0,1351368.535014592
173461,4400.0,99075.31101852842
173462,2295.0,-451230.47390906606
173463,1060000.0,1177142.928918966
173464,690000.0,934337.5861147009
173465,4200.0,411179.3587693712
173466,1825000.0,1252778.4887181194
173467,5600.0,461259.58111466
173468,279000.0,586791.631490767
173469,9500.0,430635.26955329254
173470,5900.0,496951.64821119886
173471,820000.0,1057509.2725895587
173472,4500.0,287112.36337841395
173473,3600.0,231443.67010622378
173474,1000000.0,1381870.9777453085
173475,1950.0,-108893.25717447698
173476,325000.0,535755.3548397236
173477,3000000.0,1957502.7136200313
173478,3100.0,255252.1280356329
173479,6250.0,222587.7756356299
173480,2900.0,58891.29005356692
173481,1436460.0,1333421.5699036317
173482,1600.0,-188678.91812663712
173483,235000.0,469553.33720052615
173484,3200.0,29048.629234061576
173485,665990.0,635518.6748437667
173486,855000.0,1143101.1961099692
173487,1292000.0,1241841.064851027
173488,535000.0,522057.58004324883
173489,3200.0,-278067.23241351265
173490,3800.0,302364.59247913025
173491,840000.0,911566.7829444241
173492,890000.0,703047.6076140068
173493,3100.0,-173865.006082559
173494,7000.0,173692.35644178465
173495,1400000.0,1126490.7241894025
173496,2950.0,-117621.12223666161
173497,3500.0,-149430.75692818407
173498,3500.0,29251.83924605325
173499,1025000.0,1581208.506690993
173500,2800.0,-64944.67189609073
173501,2800.0,-149063.32913177367
173502,737500.0,693297.387636587
173503,3600000.0,1718561.8786953595
173504,625650.0,639525.640979874
173505,2800.0,-259054.77235785592
173506,1520000.0,932482.7851944044
173507,1999.0,-225437.48112885375
173508,1920000.0,1313819.9204390133
173509,6200.0,494494.6956761135
173510,352000.0,555557.2265319191
173511,750000.0,911930.328957146
173512,2700.0,26073.937914584763
173513,380000.0,559641.5366121866
173514,1950.0,-335325.4683163231
173515,47500.0,157677.87218794413
173516,3600.0,-276575.9624322355
173517,5700.0,471234.4885282358
173518,8200.0,558094.6220790809
173519,2150.0,-210423.11382743157
173520,6500.0,657720.9378470043
173521,2200.0,-135366.46944843326
173522,6995.0,466892.0450587692
173523,1480000.0,1408707.0050800024
173524,6500.0,527125.0019876733
173525,3800.0,112412.48754778598
173526,3505000.0,1577654.4412913118
173527,608000.0,802677.1176127745
173528,650000.0,656842.8788675368
173529,4000.0,153246.59162363596
173530,899000.0,1625747.7998952167
173531,3740000.0,1957874.655814494
173532,970000.0,1019282.4167489046
173533,2450.0,-227777.76655180007
173534,5890.0,492937.26785968896
173535,900000.0,820975.9200232523
173536,3650.0,-43925.71378061175
173537,3500.0,-313326.7434824044
173538,470000.0,560976.7721154559
173539,820000.0,999296.1790213631
173540,3200.0,-128256.85619533807
173541,915000.0,956732.7910531955
173542,617000.0,662916.2342999047
173543,1795.0,-160743.96874491125
173544,3995.0,-70067.6682859119
173545,950000.0,1128338.7727382174
173546,6000.0,242880.56937416364
173547,1650.0,-1491.0772506911308
173548,3400.0,149866.0522614522
173549,649000.0,854097.9012519559
173550,1975000.0,1276529.4816044318
173551,4900.0,325005.1782446895
173552,3997.0,247190.3624143526
173553,4150.0,9925.302493013442
173554,536000.0,759881.0707123792
173555,3600.0,51376.87154780049
173556,1054300.0,727812.4208807722
173557,4500.0,598598.7379441941
173558,250000.0,369281.5198378479
173559,5800.0,-162093.39212382585
173560,2750.0,7065.615245474502
173561,625000.0,960967.6972254533
173562,940000.0,1017702.944992722
173563,6300.0,571792.4270497244
173564,785000.0,854759.0876299143
173565,3075000.0,1491344.2926275674
173566,2900.0,-44695.386131641455
173567,5195.0,305124.7099590972
173568,3395.0,-134662.77757874597
173569,4500000.0,1870439.8988512754
173570,10500.0,919374.2085441174
173571,5600.0,620999.3123372803
173572,3600.0,91566.5483029047
173573,7500.0,433687.7850419199
173574,475000.0,691260.9457358057
173575,860000.0,1007717.846988786
173576,2200.0,-146225.2063805312
173577,2155000.0,1432521.9916661
173578,2450.0,-66135.76209736336
173579,4500.0,166221.83998942375
173580,832000.0,818205.6005538162
173581,2285.0,-500756.0968461158
173582,750000.0,904770.1074627927
173583,3800.0,109807.81074373238
173584,2500000.0,1368167.696708816
173585,1350000.0,1042875.5205782782
173586,1300000.0,662323.0412368495
173587,1850.0,-159693.36797840893
173588,429000.0,348986.25604734104
173589,800000.0,932613.3551830035
173590,3750.0,15977.335696558468
173591,640000.0,709247.8864995865
173592,394000.0,872523.9210798554
173593,1311000.0,1085502.6696399897
173594,4500.0,209250.55683220178
173595,1222000.0,1108301.4399311058
173596,2600000.0,1342003.1268687379
173597,3800.0,-56532.1453679977
173598,970000.0,937949.1189484028
173599,2100.0,-279195.2271906985
173600,3700.0,-223112.4907770492
173601,4900.0,216962.8440827448
173602,5800.0,280271.5108528426
173603,5495.0,37341.47870868258
173604,5500.0,127178.4796688836
173605,3795.0,-269206.97572943754
173606,3193000.0,1144506.3531195167
173607,3950.0,71567.94932920206
173608,5100.0,317409.29396648146
173609,2000.0,-263264.15260594524
173610,2950.0,-69117.75672891643
173611,5100.0,200350.78197506815
173612,450000.0,930594.396663459
173613,750000.0,850609.9680737797
173614,410000.0,555466.4904901721
173615,1650.0,-196048.26080041565
173616,3895.0,537586.4129721196
173617,3800.0,7743.335418872535
173618,6598.0,320837.54939462803
173619,375000.0,649555.3060050057
173620,5000.0,569974.5575061301
173621,1680000.0,1359404.820206468
173622,4500.0,231134.80294633936
173623,479000.0,1013566.6325478163
173624,4000.0,356518.3907418912
173625,2500.0,-152611.98748566955
173626,4500.0,550285.2358853118
173627,3950000.0,1903304.1165981283
173628,1995.0,-98181.99924662989
173629,2195.0,-328978.758617701
173630,3700.0,4666.353617767803
173631,470000.0,260789.20865091681
173632,2945.0,100945.33589393273
173633,9000.0,818141.7401426164
173634,2715.0,-404942.75678599346
173635,6000.0,447572.1081098225
173636,2400.0,-241715.81950413808
173637,765000.0,940093.0765477531
173638,6995.0,404862.1958894376
173639,431500.0,864888.8741639229
173640,2550.0,-403360.03745453246
173641,2368000.0,1572521.584823002
173642,4350.0,209219.24027884286
173643,5445.0,549632.2575251004
173644,2800.0,-54156.53603302967
173645,3053.0,-193024.489389956
173646,10000.0,1218884.358536398
173647,5150.0,675093.0958442725
173648,8500.0,390376.6938918866
173649,2035.0,-600910.2468738928
173650,1220000.0,1153269.7139607472
173651,3200.0,7328.166577248834
173652,340000.0,377748.26385549456
173653,1815000.0,1073024.9660904976
173654,3800.0,182760.71897754632
173655,505000.0,781112.2649026262
173656,6500.0,681212.0851454036
173657,3200.0,-90295.799721702
173658,2495.0,-148091.03741879575
173659,1400000.0,1099367.1934222803
173660,700000.0,771676.2605081722
173661,2400.0,-248582.4229186857
173662,449500.0,932638.0229865769
173663,3500.0,65706.55576757435
173664,775000.0,865514.2678496856
173665,695000.0,1028736.5381929958
173666,4300.0,222655.1159293875
173667,1740000.0,1326790.372290779
173668,343537.0,602844.4769474883
173669,6500.0,892743.3329032036
173670,24700.0,228837.7671913905
173671,769000.0,1010676.7029207675
173672,2700.0,49386.919759250246
173673,1195000.0,1130806.0384902302
173674,3700.0,149242.41877931077
173675,625000.0,693534.1167689618
173676,550000.0,871797.9591605486
173677,771000.0,872696.7846632544
173678,420000.0,476103.8390204413
173679,1667500.0,1224042.6125740567
173680,1800.0,-207041.0523524359
173681,4000.0,-142323.42177581042
173682,2250000.0,893623.4593145391
173683,5000.0,221714.23597138934
173684,5995.0,709584.2823806945
173685,510000.0,808467.6295224521
173686,2500.0,-176385.77638726216
173687,4800.0,179459.3915236229
173688,4500.0,478804.7077714158
173689,6300.0,454215.51871630363
173690,4000.0,133925.9865282895
173691,1250000.0,981850.7587391883
173692,771000.0,802003.3258788539
173693,3300.0,115636.04300553165
173694,3195000.0,1797342.8906438798
173695,4600.0,-85502.7563571278
173696,4800.0,215566.59689692594
173697,26000.0,1428032.5593121322
173698,265000.0,547960.158693146
173699,4000.0,43957.2979488913
173700,1510000.0,1033044.6517838659
173701,7750.0,235004.17889710423
173702,1820.0,82171.4452024633
173703,1950000.0,1448187.0052752728
173704,5200.0,473085.78443152644
173705,3400.0,-10534.626461405307
173706,10000.0,554044.5339810001
173707,2200.0,-587513.8346576337
173708,9000.0,619698.9653746476
173709,6500.0,385160.3873554999
173710,3600.0,139713.3087712396
173711,3000.0,-151137.80735433195
173712,1220000.0,920866.5555205997
173713,4300.0,258727.74923088867
173714,1165000.0,1168321.5132079218
173715,1575000.0,1609720.3492982993
173716,6200.0,440058.23161046766
173717,3800.0,-232784.66114495602
173718,4500.0,-6255.87090434134
173719,8300.0,439482.60603537597
173720,3850.0,-37902.455626828596
173721,1250000.0,969497.1568981912
173722,5500.0,168503.70317272842
173723,1370000.0,1029216.3451630082
173724,5000.0,144769.48244409356
173725,425000.0,766977.2177466741
173726,1350.0,405259.63164938334
173727,8500.0,622004.800997112
173728,3900.0,-43657.5544374818
173729,2190000.0,1085660.1027525198
173730,5000.0,313505.1304897964
173731,7000.0,112288.42506666481
173732,4500.0,86259.91991742421
173733,600000.0,720421.4616397703
173734,688000.0,673637.8033551024
173735,2800.0,-211746.16750146542
173736,2550.0,-328223.29219304956
173737,5000.0,142335.85755051114
173738,675000.0,758265.6118444744
173739,6250.0,660697.2627035119
173740,225000.0,634887.1938891318
173741,3450.0,-113292.88115369156
173742,3850.0,-46741.65105626639
173743,4300.0,471866.0463807611
173744,3200.0,88065.6005423246
173745,555000.0,948583.3256008625
173746,2800.0,-129923.10585600697
173747,2105000.0,1701134.161718621
173748,775000.0,682103.9706856785
173749,5200.0,179959.39248954318
173750,2700.0,-306640.75708447024
173751,2500.0,3950.553781057708
173752,3800.0,142567.47722886875
173753,1775000.0,1512430.8828863315
173754,1650000.0,1221533.4578679958
173755,1034550.0,1178721.9464212358
173756,3700.0,94218.46726433188
173757,364000.0,437220.9751365641
173758,2700.0,-27771.73485887423
173759,1067500.0,1193130.8356648153
173760,4900.0,142423.37547393143
173761,1700000.0,948056.659201229
173762,2700.0,-240248.985018312
173763,2650.0,-148216.89912129473
173764,3650.0,6855.924374489114
173765,3500.0,-143055.75971127395
173766,5600.0,15949.56678076554
173767,2900000.0,1621338.906473603
173768,315000.0,348631.22777615767
173769,1800.0,150035.87881181482
173770,7500.0,359689.99733025394
173771,4800.0,292320.9947433304
173772,4500.0,549528.8852031138
173773,2990.0,-377294.7411962012
173774,395000.0,710486.6801295364
173775,11500.0,964646.9873934509
173776,644000.0,1193172.8663492277
173777,3200.0,-254502.61978117004
173778,590000.0,958279.2837179666
173779,1850000.0,1194373.5888605574
173780,799000.0,819069.644543903
173781,14000.0,759122.5266489144
173782,6300.0,767621.5264426135
173783,3200.0,-68807.8644833006
173784,5100.0,185974.1821352914
173785,661000.0,1058342.768453491
173786,515000.0,597995.9682541108
173787,146000.0,725361.3512721043
173788,4500.0,189192.61118905246
173789,1350000.0,1285645.0832821457
173790,1350.0,-554736.5726380106
173791,585000.0,947036.0197148845
173792,1576000.0,940951.0383487847
173793,5000.0,50301.52700899914
173794,3600.0,-285764.9588376591
173795,925000.0,891583.6668934701
173796,4000.0,256904.14734416548
173797,545000.0,365314.3415987389
173798,885000.0,667463.6339788502
173799,2350000.0,1436222.6721174521
173800,2800.0,-174627.63115832303
173801,7500.0,23890.17485232372
173802,2775.0,-138675.77727552876
173803,725000.0,871556.3649437958
173804,7000.0,361016.51044665
173805,6300.0,516978.44107642584
173806,1842000.0,794191.7060611062
173807,880000.0,854878.0275655473
173808,3600.0,201030.48508135974
173809,2550.0,-153680.86230389494
173810,699900.0,834035.2706473442
173811,5050.0,312014.37267576996
173812,4500.0,-91375.25231424998
173813,3300000.0,1227549.9625521265
173814,345000.0,895856.0408746786
173815,800000.0,887360.7273034351
173816,2560000.0,1247022.2849299973
173817,685000.0,790422.2156119216
173818,960000.0,1048556.8477184093
173819,800000.0,909175.8947040588
173820,1180000.0,763302.322581688
173821,2000.0,-367000.7173868483
173822,4600.0,270029.66596375965
173823,335000.0,515030.96138439886
173824,1000000.0,1099748.5625819415
173825,3150000.0,1661780.1446833936
173826,2595.0,-129657.37282839045
173827,4600.0,82479.03316721227
173828,980000.0,893152.5481977249
173829,2000.0,-226380.51187733654
173830,2650.0,-36811.29104691278
173831,2350.0,-22534.20471059624
173832,2300000.0,1688620.3779697334
173833,1700000.0,1084016.8972721295
173834,2975.0,109220.86440726183
173835,3600.0,-124329.77421274316
173836,3700.0,-7227.850071380846
173837,4800.0,344570.51206332725
173838,1360000.0,1359486.0486862883
173839,844000.0,1269666.7529928638
173840,1160000.0,960393.6381218899
173841,5700.0,515575.15404634364
173842,2350000.0,1294541.7986267693
173843,3700.0,359660.5931431353
173844,2550.0,-538896.7895259233
173845,930000.0,703759.9163502622
173846,2150.0,-174575.04918920994
173847,2250.0,-136807.13855200447
173848,721000.0,1027327.6045214944
173849,1355050.0,1122551.0289061945
173850,1460000.0,1469212.2211998086
173851,3000.0,-29791.20385246817
173852,1411000.0,1041151.8385563185
173853,710000.0,930780.0445691254
173854,3750.0,-107617.45478152111
173855,2400.0,-492336.0961220013
173856,4200.0,48031.88337866217
173857,336000.0,811487.5910465987
173858,5300.0,-13556.648402922787
173859,2400.0,-83663.17419644259
173860,750000.0,885597.6649917839
173861,289000.0,561523.661454712
173862,4000.0,-35186.43016307987
173863,728000.0,678343.5426880661
173864,900000.0,969554.2358646188
173865,1160000.0,1394791.8750272263
173866,2400.0,-182665.0788548272
173867,785000.0,900916.6260799337
173868,163250.0,375152.47536715306
173869,2350000.0,1383703.9452447519
173870,205000.0,780544.5471545905
173871,1355000.0,859216.2797229579
173872,2225000.0,1611303.3112349529
173873,4450.0,-84468.49998796452
173874,1725000.0,1182154.3111597411
173875,1640000.0,972168.3041825052
173876,2000.0,-123783.50110303517
173877,600000.0,826615.7868784135
173878,633000.0,666873.6890543541
173879,710000.0,760128.2065131795
173880,1375000.0,1199878.3395989016
173881,1277000.0,840310.4737508409
173882,4500.0,227271.10806268267
173883,445000.0,614714.4361871704
173884,3000.0,-195278.66954098828
173885,2200.0,108910.86367848329
173886,4000.0,-120075.23491950426
173887,1380000.0,1479826.472646569
173888,15000.0,1312202.067703613
173889,980000.0,1089388.4654776296
173890,9000.0,577416.8253370496
173891,895000.0,837634.5545454584
173892,7950.0,770577.0668841805
173893,5000.0,151691.70800102968
173894,5600.0,144222.035556891
173895,2170000.0,1358524.0857943762
173896,3700.0,-252053.0011537969
173897,3400000.0,1299113.0633801725
173898,390000.0,344930.9311232157
173899,360000.0,732378.3052770654
173900,1255000.0,1051411.3688080022
173901,450000.0,570849.3892618846
173902,1167000.0,1061059.8941496322
173903,4000.0,151660.54686655104
173904,2110000.0,843186.0609323792
173905,4100.0,156594.41251196899
173906,849999.0,827284.1627615029
173907,961000.0,1079584.9663962685
173908,3300.0,201101.1809282098
173909,8000.0,977185.9856433701
173910,930000.0,1426260.4360379856
173911,480000.0,930430.8059937907
173912,4400.0,364749.49721550755
173913,1910000.0,1341409.6954384344
173914,317000.0,668754.2129452555
173915,717000.0,808097.3004075522
173916,4380000.0,2073905.1250537913
173917,520000.0,625989.7392706173
173918,780000.0,635730.3470585803
173919,4990.0,406177.34491528664
173920,800000.0,779138.4043189688
173921,570000.0,1203084.4000035385
173922,1280000.0,955886.5287142536
173923,590000.0,900686.8331761351
173924,875000.0,925369.5979465973
173925,3000.0,-104576.07484988775
173926,1390000.0,1211666.1860004487
173927,1080000.0,880589.8147634771
173928,2900.0,-54565.745121155865
173929,1200000.0,837739.0026499126
173930,740000.0,877631.7085923785
173931,670000.0,758715.4234797554
173932,1285000.0,1113348.1858840277
173933,977000.0,915568.2407094417
173934,790500.0,1057119.0822736789
173935,2360000.0,1176146.5287749656
173936,300000.0,519237.6388151841
173937,2600.0,-224115.16596924793
173938,1308000.0,1109367.3658997975
173939,3300.0,-112502.14345847256
173940,5800.0,240957.41215349548
173941,1400000.0,1106637.5914790155
173942,3500.0,169251.2216400383
173943,375000.0,668164.6519327508
173944,1970000.0,1685592.1715757586
173945,3500.0,74465.45936550014
173946,939000.0,902775.7833967442
173947,1117000.0,1333280.0228363425
173948,3900.0,3535.1773708257824
173949,325000.0,480724.0066952631
173950,790000.0,1291911.315594622
173951,965000.0,1153646.6867455551
173952,1960100.0,1832803.7352475068
173953,615000.0,953544.4707491323
173954,3725.0,193786.38352527004
173955,3500.0,32813.48378871009
173956,1500000.0,1015494.4066454126
173957,1476899.0,1264439.8604410896
173958,770000.0,1291796.473058938
173959,3500.0,58382.22863613814
173960,370000.0,554050.8949376307
173961,1510000.0,837295.727280911
173962,1320000.0,1285386.4248043625
173963,1350000.0,902977.7801467162
173964,1242500.0,814461.938465246
173965,570000.0,915846.8665376185
173966,600000.0,1086108.531987126
173967,1466000.0,1051707.6531970631
173968,3750.0,56306.90855787136
173969,3200.0,178774.74703155924
173970,1650.0,-138617.307013141
173971,385000.0,770792.9049608
173972,336000.0,548614.5319250105
173973,3200.0,-215332.18082916457
173974,1325000.0,1043281.4549309341
173975,525000.0,508212.85030652676
173976,16250.0,847938.9409323968
173977,4000000.0,359478.36461289227
173978,689000.0,1054681.056085324
173979,1228000.0,1073165.2056843396
173980,3500.0,-22120.79713881202
173981,3099.0,-238727.43283409253
173982,1780.0,-375600.66211115476
173983,3985000.0,1777652.3852962693
173984,4500.0,-110085.0469452031
173985,887373.0,854668.0989378057
173986,1775000.0,1285504.6231102394
173987,2295.0,-190952.84603608865
173988,4600000.0,1531728.5617316598
173989,1915000.0,1129404.2374739405
173990,1700.0,-249565.76694232412
173991,4150.0,63630.29268047586
173992,1449900.0,1257061.7647207584
173993,860000.0,945848.681761073
173994,900000.0,993045.7208009651
173995,850000.0,839602.3837260511
173996,1495.0,-213917.54101631418
173997,710000.0,963946.928410532
173998,1020000.0,1158866.2389124902
173999,3300.0,-76772.4905927889
174000,1750.0,-393230.7259316519
174001,4000.0,-64145.44811647106
174002,1300000.0,1543900.3950343234
174003,1950.0,-166927.92285599094
174004,3030000.0,1577025.2872000746
174005,1505000.0,879825.930213918
174006,1850000.0,1236575.045445553
174007,515000.0,588020.546831253
174008,2950.0,19714.779088006355
174009,2397.0,-174793.03426858038
174010,7100.0,198304.07452834677
174011,2695.0,-297819.7166005764
174012,362500.0,578310.630445173
174013,648000.0,684662.9576656958
174014,4100.0,177933.1588760307
174015,729000.0,755422.4034122415
174016,1050000.0,778813.6477230359
174017,775000.0,917727.0765296929
174018,2900.0,-119482.68863421772
174019,4650.0,504682.98106239643
174020,1266888.0,1084497.5411780458
174021,3500.0,133934.59200655576
174022,8500.0,308046.0663487511
174023,1260000.0,922008.693780425
174024,3750.0,95396.85234874673
174025,3600.0,-82255.34795219451
174026,4315000.0,1732552.1561616743
174027,2700.0,-135893.26172834076
174028,2300.0,-242552.8451211676
174029,4100.0,-154872.87085188832
174030,1057000.0,1261453.0946431085
174031,2700.0,28766.52448801603
174032,2950000.0,1777582.6641114084
174033,641000.0,630988.0937560163
174034,5400.0,144388.5001825802
174035,4850.0,412820.46596276667
174036,4295.0,-20333.270375700668
174037,7000.0,195927.1659474941
174038,1860000.0,1626460.768021998
174039,585000.0,693635.2477612328
174040,715000.0,1249571.014378489
174041,1500.0,-306477.36416684743
174042,775000.0,910487.0248065982
174043,740000.0,842503.7226003939
174044,3500.0,-95667.94751957711
174045,2100000.0,1292376.642026076
174046,4275.0,161823.18535553105
174047,545000.0,918958.2690151045
174048,2995.0,-143698.20962859504
174049,1280000.0,1212069.7608148446
174050,2095000.0,1247225.749907381
174051,2400.0,-265256.2165053552
174052,4150.0,254001.03327680286
174053,880000.0,798345.0544579681
174054,1105000.0,1224784.3219746603
174055,399000.0,338815.84020363074
174056,3800.0,161300.138429489
174057,1428000.0,1142599.2927810699
174058,6000.0,67218.52824816853
174059,1900.0,-352236.1392800715
174060,7995.0,555166.9083419833
174061,2600.0,-98965.03746986948
174062,6500.0,569658.119992842
174063,1230000.0,1011668.5492429473
174064,7000.0,595779.9221362565
174065,4200.0,112834.4694662178
174066,850000.0,826259.970205226
174067,802500.0,1052865.40412788
174068,4700.0,18136.554096961394
174069,4500.0,398745.02581414394
174070,1060000.0,1133249.7180971429
174071,2399000.0,1494134.770142422
174072,660000.0,619274.4957929244
174073,2550000.0,777193.9058479872
174074,570000.0,996231.2604077961
174075,1350000.0,1213881.3053649254
174076,3100.0,-78010.60030943714
174077,6250.0,363253.3476909362
174078,500000.0,957953.0061043622
174079,5450.0,451199.8308032043
174080,545000.0,694844.8389897542
174081,880000.0,855055.856166264
174082,765000.0,1120022.5538769737
174083,7500.0,584991.9584338572
174084,8000.0,812585.3174345307
174085,465000.0,850921.3496950464
174086,1110000.0,991901.0167127606
174087,445000.0,618242.3280315511
174088,3975.0,84887.00719804317
174089,698000.0,758832.793985662
174090,670000.0,524254.2938389983
174091,760000.0,898090.3590749167
174092,6600.0,200222.09043666068
174093,870000.0,784964.2288640263
174094,3750.0,6594.792223986238
174095,1400000.0,840341.8896850646
174096,2000000.0,1203980.1669577928
174097,933000.0,885300.9501027735
174098,1210000.0,888960.7840326857
174099,5000.0,451708.058538381
174100,635000.0,726845.6748516373
174101,6200.0,838694.4809745485
174102,6995.0,616221.8707088297
174103,1600000.0,1239438.6239030026
174104,4500.0,118946.04185044207
174105,5650.0,285951.13825443387
174106,1065000.0,1281594.2856869139
174107,3200.0,-264904.6909267241
174108,5000.0,345446.046401592
174109,960000.0,863574.2903449535
174110,875000.0,1207107.4041350055
174111,4300.0,133329.49731790368
174112,1320000.0,1240539.6519895568
174113,5500.0,332214.60958872736
174114,5790.0,371375.6230698051
174115,835000.0,978555.6102544954
174116,1055000.0,882930.1935753524
174117,1900.0,-387719.7575504733
174118,5895.0,353678.0841010567
174119,3450.0,359975.4519266011
174120,1250000.0,1083390.1841138033
174121,2895.0,-144528.36170342285
174122,390000.0,480653.3165866742
174123,660000.0,935701.8713827152
174124,1860000.0,1442494.9213630147
174125,4800.0,407863.08072542585
174126,585000.0,522140.7122769067
174127,1050000.0,900648.5465971939
174128,3600.0,-21360.51540648006
174129,3200.0,-125031.138925937
174130,720000.0,866160.483447887
174131,7600.0,380802.28193074185
174132,4350.0,305575.5084040379
174133,3995.0,7115.815383922309
174134,6300.0,598703.708278886
174135,780000.0,939664.3498733472
174136,2200.0,-150786.98426381033
174137,6495.0,484867.99025158025
174138,3200.0,-65549.68032364454
174139,825000.0,789426.370289973
174140,818000.0,831201.5125802457
174141,4200.0,167956.80321525782
174142,890000.0,1009294.3363112267
174143,1120000.0,1250607.8297631852
174144,225000.0,502967.8629235085
174145,2200.0,-403672.60784604214
174146,2795.0,-141499.79589810688
174147,2195.0,-239203.1980897067
174148,420000.0,681236.6927486742
174149,3500.0,-138171.9955523461
174150,4250.0,174738.86574910674
174151,3315000.0,2287141.172949873
174152,7000.0,459253.80927704927
174153,3099.0,-228118.7581671048
174154,2600.0,-322551.5812489176
174155,5500.0,290755.11537976004
174156,580000.0,464395.9200935103
174157,738000.0,865737.9782759184
174158,1563000.0,1371137.7669358011
174159,385000.0,746825.0199927287
174160,3500.0,-39470.31486846041
174161,3300.0,-215216.13136826083
174162,7000.0,672583.7714029271
174163,4850.0,273480.69591999054
174164,1230000.0,967344.7678190582
174165,720000.0,697534.6117929462
174166,2950.0,-9026.148311484605
174167,3200.0,-251819.03355219495
174168,1625.0,-274227.9247626085
174169,655000.0,867964.4248548253
174170,4000.0,-100138.49357434921
174171,4400.0,-352838.7611340778
174172,4600.0,115948.11363799032
174173,4500.0,479197.333594691
174174,299000.0,522495.49784858804
174175,16900.0,1165850.7206487572
174176,595000.0,571947.5362563627
174177,1200000.0,710160.2750843205
174178,4995.0,183295.95270469692
174179,732000.0,854451.2741425931
174180,3400.0,65989.35752157308
174181,449000.0,916022.6229897952
174182,11000.0,641344.1069289725
174183,2795.0,-16677.296845849603
174184,1265000.0,1484549.927512615
174185,1100000.0,1013282.6968891695
174186,2795.0,-16647.67992197536
174187,1590000.0,1016920.4965439765
174188,540000.0,696048.310026966
174189,720000.0,664151.4338640105
174190,1695.0,-613885.6322636725
174191,366000.0,492844.05278298724
174192,3295.0,120594.63340941351
174193,525000.0,1046661.0758643905
174194,1050000.0,1033937.00695056
174195,609900.0,662983.3345480775
174196,3895.0,-1138.1644459338859
174197,1795.0,-417846.95355140604
174198,1600.0,-143097.9127351623
174199,730000.0,791281.1377612958
174200,3395.0,119686.9410111336
174201,435000.0,614686.1303000385
174202,940000.0,1036859.7562894169
174203,655000.0,666243.8434274606
174204,16800.0,1873850.304312612
174205,2195.0,-524775.3234172659
174206,2195.0,-439118.16183357034
174207,2395.0,-452324.6620750334
174208,510000.0,909922.3184282575
174209,920000.0,893902.3682941096
174210,425000.0,914978.7473100871
174211,880000.0,972597.3046619333
174212,2175.0,-7032.496403411031
174213,4200.0,279486.3603195958
174214,6200.0,369288.10372383613
174215,4800.0,688084.6713939272
174216,2850.0,-294986.7478803741
174217,750000.0,990832.8442898253
174218,3650.0,94292.94803454913
174219,1000000.0,1051668.297274271
174220,4950.0,275543.4586872589
174221,1280500.0,1177708.6371557713
174222,855000.0,1328170.5327365426
174223,981000.0,885446.0184386456
174224,4000.0,138686.22379097342
174225,4500.0,137681.41983638052
174226,1695.0,-622211.581823159
174227,2195.0,-373422.79831615835
174228,1995.0,-652064.1873547342
174229,2295.0,-216683.5399428336
174230,2295.0,-568784.8345431611
174231,4995.0,239674.22182960063
174232,1695.0,-488458.86596637405
174233,1595.0,-521329.60729949456
174234,1595.0,-488429.2490424989
174235,7300.0,947442.5357254632
174236,1595.0,-521459.9217645433
174237,1995.0,-348083.66688856203
174238,855000.0,732540.1766757779
174239,1995.0,-347935.5822691899
174240,1595.0,-439309.59897632524
174241,3600.0,-34219.677937954664
174242,1595.0,-573426.6589981206
174243,1965000.0,1946143.8863903908
174244,1895.0,-383303.1958644651
174245,2195.0,-506750.1331826011
174246,888000.0,880135.9426611289
174247,1595.0,-555267.5966425007
174248,3100.0,-12998.518826057203
174249,2695.0,-471690.7233028719
174250,1495.0,-589514.9302680921
174251,1095000.0,993251.4277196024
174252,3450.0,-20302.646169394255
174253,2295.0,-597749.8999975091
174254,2695.0,-500655.7887572199
174255,850000.0,954693.4607453421
174256,2695.0,-479032.6002397267
174257,2295.0,-721070.506447251
174258,1550000.0,1118303.4698229441
174259,2157500.0,1389332.3462842982
174260,3500.0,-281152.0596929155
174261,1995.0,-395256.35044342
174262,1995.0,-383380.19986653887
174263,955400.0,996913.7243030034
174264,2095.0,-544568.6014563702
174265,2095.0,-506296.1381898653
174266,1995.0,-533512.0155934375
174267,1895.0,-436417.90435314924
174268,1500.0,-132347.76935963333
174269,2958800.0,1898633.3435032172
174270,4995.0,103430.58433756232
174271,1300000.0,1311228.4576126486
174272,4200.0,285978.4282258386
174273,4900.0,248300.26406921353
174274,2300000.0,1258430.5224453658
174275,3500.0,-64097.032303236425
174276,2500.0,-273111.17375571653
174277,500000.0,677186.5352626266
174278,1756000.0,1022963.3099214379
174279,880000.0,1264298.510120214
174280,2230000.0,961390.0633054534
174281,1450000.0,1694668.865826019
174282,2300.0,-183613.5281105619
174283,5950.0,597322.5976235056
174284,349000.0,709670.1190905236
174285,550000.0,689847.6053985488
174286,520000.0,751636.6318489751
174287,3832000.0,1865350.3759781718
174288,820000.0,1172640.7712943926
174289,2145.0,-446781.0256082751
174290,1100000.0,928272.4123980487
174291,3795.0,209081.4039591467
174292,949000.0,932831.3799702264
174293,1048000.0,925187.1338984063
174294,4300.0,198509.29405970406
174295,1111000.0,775346.1772578284
174296,6250.0,594328.6170092616
174297,4700.0,161739.65766588133
174298,5000.0,227972.88655175827
174299,1500000.0,1272034.582813982
174300,900000.0,991675.4474581843
174301,701000.0,796165.4742331216
174302,5800.0,404051.149719079
174303,7000.0,585301.2572390968
174304,4550.0,305028.641780816
174305,3400.0,408265.0481175408
174306,993000.0,950754.7886993065
174307,580000.0,817291.3599571334
174308,535000.0,924042.0751132155
174309,560000.0,545883.1335152294
174310,2095.0,-247167.61771147884
174311,3100.0,-114554.7127984399
174312,3200.0,-209649.46118433587
174313,610000.0,693538.850543743
174314,545000.0,704317.297089518
174315,2260000.0,1507916.723813204
174316,445000.0,706802.4454162074
174317,930000.0,1094219.0199942067
174318,5924372.0,1743962.5367913973
174319,420000.0,805094.4608003134
174320,1050000.0,787484.5363728916
174321,395000.0,784750.155841209
174322,12000.0,494568.1417176416
174323,11000.0,307047.5990945678
174324,1900.0,-489663.236293979
174325,645000.0,463700.7196874805
174326,1250088.0,1160562.8031776128
174327,3295.0,-78078.3604441015
174328,8000.0,1776.9975733654574
174329,4300.0,76094.51748249307
174330,825000.0,984255.1157641774
174331,425000.0,383349.4497622596
174332,2100.0,-123340.74359062035
174333,225000.0,372016.3213560125
174334,1235000.0,1157629.0203923667
174335,3000.0,-74019.839094894
174336,1175000.0,1085783.2641196502
174337,2990.0,-326152.8196923742
174338,4700.0,187275.43691486586
174339,1695.0,331234.2912433613
174340,645000.0,838211.406758151
174341,1025000.0,793940.0442036558
174342,3600.0,346197.5713437544
174343,779000.0,1388742.3544671852
174344,1698000.0,1373204.964707137
174345,3995.0,-171878.49693906214
174346,1200000.0,1038468.781602622
174347,1400000.0,782670.3813080518
174348,2500.0,-103080.8767456701
174349,550000.0,530581.2378994655
174350,1300000.0,1000508.6987745911
174351,3000.0,-106111.78437480517
174352,7800.0,656365.5004088609
174353,4500.0,385618.79469762836
174354,6325000.0,2200943.8741002725
174355,1066000.0,798180.655230171
174356,1422500.0,1319216.1467309268
174357,1545600.0,1282981.2351869242
174358,12000.0,946350.1630715961
174359,3800.0,-73596.47965949774
174360,725000.0,850537.0176860914
174361,3200.0,-248140.09042411763
174362,1710.0,-78583.16904934775
174363,4200.0,197730.99145475682
174364,925000.0,1416876.986007072
174365,845000.0,991268.7775369715
174366,720000.0,938582.6579462886
174367,905000.0,760984.4646848729
174368,1450.0,-239922.80797293503
174369,2820000.0,889651.9620822892
174370,1799.0,-239535.7406266434
174371,1160000.0,1213413.8081389135
174372,417000.0,780303.2340067113
174373,4650.0,256037.3788510803
174374,6100.0,541704.0948791057
174375,1800000.0,1011549.1962280367
174376,1033000.0,1002629.7455219049
174377,2260000.0,1848435.7335950946
174378,2900.0,-174329.89256379474
174379,870000.0,940903.6941022826
174380,560000.0,1019427.0646034107
174381,4300.0,293906.68728018645
174382,555555.0,760456.592949558
174383,4000.0,109844.22526254784
174384,3000.0,-151372.21024034172
174385,5500.0,380074.53572053835
174386,1120000.0,875961.4949197909
174387,3150.0,-95300.69483634178
174388,5100.0,271976.7436085623
174389,1350000.0,1094992.7794749364
174390,790000.0,750280.1973183481
174391,8000.0,354659.96872776
174392,2580000.0,1605242.5199105898
174393,4500.0,567030.9341215463
174394,905000.0,1032175.8757684939
174395,4000.0,340894.7462426368
174396,33000.0,-294750.34667982813
174397,3000.0,-154636.0716440631
174398,1830000.0,614225.5142398542
174399,1650000.0,936181.5889364621
174400,2100000.0,1583498.834015267
174401,1650.0,-293610.97878626734
174402,915000.0,901925.0096441424
174403,602500.0,806716.2171592321
174404,975000.0,895465.7014265396
174405,1400000.0,1002957.3545335792
174406,3250.0,-271829.50925758574
174407,820000.0,622352.1496755974
174408,890000.0,1054730.3653465463
174409,2600.0,-279708.8381470442
174410,4100000.0,1340531.4375875518
174411,4750.0,439747.72089447733
174412,1725000.0,884898.8131979452
174413,1850000.0,1031441.7627329566
174414,3995.0,334827.00035136566
174415,1415000.0,1203188.8288068324
174416,755000.0,585708.2122691423
174417,2497.0,-352585.2617874425
174418,3500.0,-127540.58058915474
174419,2875.0,-311169.9574221475
174420,2250.0,-301486.64768866077
174421,1450000.0,1314129.2946539586
174422,920000.0,903165.5793468207
174423,1650000.0,1532373.6990224477
174424,648000.0,643390.8563625161
174425,1265000.0,1393426.7558457563
174426,1555000.0,1150783.145140159
174427,555000.0,580885.5672046905
174428,432500.0,663201.2075259015
174429,349000.0,523312.59253130946
174430,1470000.0,1329547.2776929047
174431,1800.0,-154687.85909423325
174432,2110000.0,1698244.5580224479
174433,1230000.0,1231461.3294517035
174434,723000.0,836124.0475509344
174435,5195000.0,1136172.2069512913
174436,3950.0,17281.866176725365
174437,2200000.0,1165041.7094551036
174438,1830000.0,992411.728196661
174439,3500.0,83501.50549699273
174440,935000.0,1444896.9569558306
174441,3800.0,101937.856614816
174442,1550000.0,1391089.7888233513
174443,1155850.0,1006116.5701637063
174444,3710000.0,1407542.903875566
174445,2570000.0,945246.0546546709
174446,2295.0,-78413.85375008453
174447,745000.0,922137.1292352797
174448,699000.0,736109.502844315
174449,966000.0,914697.1746859178
174450,2295.0,-78413.8715546485
174451,820000.0,821484.2754222453
174452,5750.0,394571.3266816512
174453,490000.0,890187.0361488508
174454,2305000.0,1489969.3082988476
174455,1995.0,-435396.256546299
174456,1350000.0,966521.7836912451
174457,1406000.0,1518074.9236378297
174458,775000.0,834998.126235717
174459,673000.0,941112.2006214503
174460,970000.0,909609.6004532455
174461,3800.0,-45124.46258650813
174462,3005000.0,1171413.5608349908
174463,3300.0,-292115.2150291288
174464,1850000.0,1420024.1482279822
174465,725.0,-469021.28915368114
174466,2200.0,-201702.38493099716
174467,940000.0,1223136.7647174736
174468,1560000.0,1330075.1112797149
174469,1060000.0,1205882.36076832
174470,1635000.0,901668.8350470532
174471,910000.0,1108120.2734444179
174472,4500.0,-247152.20645712875
174473,3350.0,159769.9883409869
174474,4500.0,265274.33211668767
174475,3050.0,-178894.69365068618
174476,1550000.0,952806.5963774212
174477,345000.0,281231.92940629553
174478,585000.0,1019658.8750031721
174479,3500.0,-21051.632285533473
174480,475000.0,577705.7374451719
174481,280000.0,647930.8064739574
174482,512500.0,779838.5676291389
174483,1210000.0,1176791.5935314558
174484,510001.0,382399.9874986671
174485,510000.0,762943.7595742336
174486,1600.0,230664.81247339398
174487,635000.0,692266.5930528212
174488,3900.0,152365.02692057565
174489,750000.0,796689.0594773963
174490,1111000.0,982458.338564544
174491,605000.0,853148.490499041
174492,475000.0,900830.6580975037
174493,1745000.0,1294953.5887728874
174494,640000.0,475189.16332090646
174495,742250.0,991356.825509958
174496,5600.0,439550.6092499802
174497,4900.0,124521.15289390553
174498,779000.0,983617.2421941478
174499,885000.0,743995.157152228
174500,2450.0,-211749.67374282144
174501,746000.0,353024.1363760745
174502,2450000.0,1045466.4302291349
174503,4600.0,224405.2515765503
174504,3000.0,-248365.1345795812
174505,915000.0,1021924.4297239827
174506,729000.0,609068.7049461612
174507,860000.0,971093.806064222
174508,1300000.0,1007746.2084045988
174509,3180.0,141014.5800320208
174510,1315000.0,1118008.4861300057
174511,6800.0,551841.0608123057
174512,2810000.0,1544751.694241766
174513,305000.0,809383.671023827
174514,925000.0,1000752.5439648153
174515,980000.0,1126766.6097730082
174516,4500.0,329576.6256737681
174517,610000.0,802487.8074619519
174518,700000.0,888122.7415306596
174519,215000.0,547155.6794962669
174520,430000.0,1636791.513883628
174521,4700.0,209767.67390639056
174522,2600.0,-364409.7030327087
174523,1055000.0,1160589.8302052123
174524,675000.0,1167889.6094688447
174525,3500.0,-384397.9140822794
174526,3200.0,78160.80843546521
174527,1275000.0,1318661.5207176507
174528,25000.0,18082.81030103285
174529,5200.0,-199671.11339358706
174530,601000.0,1072823.1966480678
174531,3950.0,86548.40288345143
174532,484000.0,982335.8119411524
174533,4200.0,69119.22014086787
174534,800000.0,953881.9950816985
174535,1500.0,-599760.5424575955
174536,830000.0,1071912.5997501127
174537,1699.0,-135007.53324037045
174538,2475.0,-117107.31930330861
174539,2250.0,-263762.4431825783
174540,2880.0,-41965.289675915614
174541,4800.0,418244.9506495213
174542,512630.0,671246.5418082541
174543,1425000.0,1269833.745923887
174544,540000.0,833702.5923718093
174545,3000.0,-138326.69523401186
174546,4950.0,292101.46467785165
174547,925000.0,729703.906091501
174548,3500.0,23538.808553335257
174549,1150000.0,1083514.7913463023
174550,2200.0,-158363.1405577762
174551,3195.0,-263940.23274075706
174552,1065000.0,996014.3731901227
174553,2375.0,-277590.91626109555
174554,3200.0,76019.66253407206
174555,1060000.0,534533.5225850474
174556,2600.0,-371318.4642017083
174557,3100.0,-35566.648924587294
174558,6800.0,631066.6219036933
174559,600000.0,521162.8624364063
174560,5000.0,315466.2618223578
174561,5700.0,201617.42975438666
174562,600610.0,689937.3582544783
174563,7000.0,462521.860121049
174564,4500.0,181545.61377103906
174565,4500.0,78972.25464586914
174566,2550.0,-36992.78954759333
174567,3100.0,-152728.17826573085
174568,785000.0,1043899.0452750269
174569,1075000.0,1131700.9550653165
174570,1050000.0,1049730.1002345122
174571,2365000.0,922927.0393723799
174572,5500.0,365273.07163688354
174573,2045000.0,1738635.0027706176
174574,3300.0,182217.6151610138
174575,1405000.0,1075436.1888374733
174576,400000.0,755239.0007025963
174577,3100.0,-107091.02668596338
174578,3200.0,63471.91212203633
174579,1485000.0,1290315.1053899694
174580,8000.0,877528.8160501458
174581,560000.0,788801.181620949
174582,1080000.0,1242279.3126171017
174583,7350.0,589695.5656820629
174584,275000.0,481751.3985269815
174585,2300.0,-207843.49293238297
174586,485000.0,30231.946717765182
174587,2450.0,-120816.27016437612
174588,5450.0,375376.2956195297
174589,3800.0,-94640.4912559567
174590,3785.0,53628.26070757676
174591,753000.0,876627.9720987342
174592,1950.0,-84491.72514606174
174593,7500.0,587978.3882781155
174594,2200.0,-449187.644708531
174595,4850.0,217756.2128514303
174596,1950.0,-86810.30520670023
174597,6700.0,398273.81126371305
174598,1050000.0,1204701.7051656907
174599,399900.0,615533.624282184
174600,1850.0,-81023.8821143927
174601,5250.0,420615.0858632615
174602,685000.0,767323.2858049693
174603,2100.0,-362216.2234602552
174604,5150.0,360025.54416393116
174605,2025000.0,1583606.1047127657
174606,682000.0,773104.2467332352
174607,3695.0,175348.27256545518
174608,6800.0,674688.8188771745
174609,2100.0,-287336.43148424197
174610,1104000.0,1483456.0207495596
174611,4700.0,300056.49751924723
174612,385000.0,532815.2113456307
174613,751800.0,1007612.0393720632
174614,2295.0,-215122.38296042662
174615,370000.0,439786.71663489006
174616,4400.0,516494.97469630744
174617,1365000.0,1427884.7354240352
174618,405000.0,640887.761457744
174619,3200.0,-233040.2446756214
174620,2400.0,-291698.1541159572
174621,925000.0,906807.9230095781
174622,1190000.0,1152561.8926847158
174623,625000.0,1073376.9682727745
174624,4095.0,279318.2410227265
174625,4159.0,396976.5829560384
174626,2595.0,-85331.8117823163
174627,3995.0,242909.18190591037
174628,2195.0,-180321.76645938307
174629,772000.0,905165.1266005039
174630,4300.0,18018.695567562245
174631,4800.0,283110.581381998
174632,3000.0,-157193.25655572768
174633,2900.0,-89995.77257268596
174634,1152000.0,1272870.452378883
174635,745000.0,586296.2318278002
174636,299900.0,649299.9043540396
174637,1729999.0,1587428.8833333058
174638,2400.0,-124467.95733985025
174639,1050000.0,981807.3164110724
174640,3000.0,-31560.025607716292
174641,3250.0,-7042.103833058849
174642,4000.0,467613.2631106321
174643,2950.0,-73587.61203690339
174644,830000.0,1021861.8419580339
174645,6300.0,872315.2674946347
174646,1800.0,-564673.3215084504
174647,3500.0,-58569.58123570215
174648,412900.0,621850.0282089319
174649,2900.0,-454015.26178954355
174650,552500.0,585012.1602099175
174651,2250000.0,1665148.3026772346
174652,1225000.0,1093150.9662926365
174653,1655000.0,1340233.1331011867
174654,2600.0,-272666.9190095216
174655,750000.0,1147027.385148827
174656,3900.0,-115479.38896008953
174657,1625000.0,1164923.4173176484
174658,4700.0,175166.59222835582
174659,391000.0,576104.2967790253
174660,340000.0,574770.2743353052
174661,7500.0,826940.1269014115
174662,2500.0,-161916.6222389117
174663,13900.0,1516305.3825937277
174664,3800.0,298637.2723855404
174665,1100000.0,1002192.7978390558
174666,750000.0,1345472.18770896
174667,1725000.0,1444013.7500634594
174668,745000.0,810352.8758907877
174669,685000.0,1158423.909090409
174670,550000.0,1001145.985431293
174671,1004000.0,1127656.4136914825
174672,610000.0,886427.914282037
174673,355000.0,636877.3456035741
174674,2780.0,-89262.05063637346
174675,450000.0,546820.4051356753
174676,4550.0,168295.47505802196
174677,16000.0,1180250.8870117655
174678,1680000.0,1170857.6156451004
174679,540000.0,573229.621285486
174680,4500.0,258132.4541124571
174681,960000.0,1330517.5687786974
174682,1738000.0,1371068.3830344025
174683,1200000.0,957165.0720486501
174684,880000.0,887174.4368218454
174685,540000.0,787023.1227228967
174686,690000.0,871696.6499909591
174687,5985.0,411940.6409468604
174688,2200.0,-209580.96311270166
174689,880000.0,594653.5811008094
174690,6750.0,489760.8303211788
174691,535000.0,920554.8685117029
174692,2350.0,-427859.41722872853
174693,3500.0,232461.47083329875
174694,2600.0,-92209.20038948115
174695,5750.0,324854.5896279467
174696,1200000.0,967611.5820296295
174697,1252000.0,918888.0874941787
174698,2710000.0,1413679.7443675604
174699,1250000.0,976458.678823052
174700,1950.0,-125319.451495694
174701,565000.0,727015.5259213047
174702,705000.0,575164.7544181654
174703,495000.0,528800.8091936866
174704,380000.0,483164.5411651293
174705,3800.0,-18031.108037852682
174706,260000.0,562880.6594649367
174707,6100.0,341386.7907056138
174708,766590.0,609995.7605163306
174709,6900.0,281141.12094388995
174710,1137000.0,1016463.5052448465
174711,2275000.0,1156788.8508603405
174712,4500.0,366914.8768641837
174713,3475000.0,1871908.9235097775
174714,4700.0,265644.3409158755
174715,3500.0,-63159.58442944102
174716,2200.0,-138304.52095306292
174717,1605000.0,571526.8854798479
174718,2800.0,-139709.11498176306
174719,2300.0,-233252.44260270055
174720,1820000.0,552413.4388620798
174721,3600.0,-110246.35464009829
174722,799900.0,1121224.1631492823
174723,4050.0,283668.0713083204
174724,1995.0,-106916.40072513372
174725,4450000.0,3102662.231968732
174726,1115000.0,1022517.3668109179
174727,1930000.0,1705166.2939425632
174728,2200000.0,1431965.0254608635
174729,4100.0,622586.4788533626
174730,1875.0,-163812.28797570616
174731,2995.0,-49167.685390038416
174732,1500000.0,1308688.6609661728
174733,425000.0,755575.7094308361
174734,4000.0,-218159.35156106018
174735,635000.0,708254.4465468014
174736,555000.0,1478072.8360926546
174737,2295.0,-171291.22756570298
174738,2150000.0,1196025.0871789986
174739,1930000.0,1266532.7372250073
174740,3295.0,101906.86492294446
174741,3200.0,136574.47154092416
174742,5000.0,208486.249716511
174743,2500.0,-206501.5389494924
174744,745000.0,491687.75563418027
174745,675000.0,951482.6939467536
174746,340000.0,659525.3107751552
174747,3750.0,143496.06814670656
174748,2500000.0,1622079.4314109106
174749,1435000.0,1152176.7775527984
174750,5700.0,149741.57881014887
174751,1550000.0,1272371.3585499516
174752,1058000.0,963976.0179977911
174753,600000.0,632160.6617159536
174754,705000.0,782488.72812251
174755,715000.0,784592.673028307
174756,1775000.0,1194458.5130689805
174757,7850.0,1083697.3993787924
174758,850000.0,975189.3727649245
174759,760000.0,916934.0914695635
174760,2600.0,-109968.90437043644
174761,1000000.0,884271.8062462267
174762,1175000.0,936150.7862305613
174763,2000000.0,1386392.8038882473
174764,1680000.0,1356325.4275045441
174765,2750.0,-422847.57058992237
174766,640000.0,982528.6303395052
174767,1500000.0,1005605.3508176776
174768,454000.0,818065.2342249397
174769,1399888.0,1168215.2030889895
174770,995000.0,1029381.8546565901
174771,949000.0,855272.8012753855
174772,7000.0,337357.88965584803
174773,554990.0,863248.9224544615
174774,3900.0,79424.48227206152
174775,2500.0,-86955.63174285274
174776,3800.0,-24092.992596171796
174777,725000.0,1356568.4693026952
174778,2250.0,-213777.95900474675
174779,601000.0,392444.022380705
174780,889500.0,1054004.8222144907
174781,1114000.0,1031823.1658332795
174782,4525.0,294651.1220637001
174783,717000.0,675598.9916714644
174784,3500.0,-81187.56227411516
174785,4300.0,133190.72170685045
174786,6700.0,596649.6847964758
174787,1050000.0,904668.8330665473
174788,1655000.0,927499.2053656178
174789,555000.0,618966.9714944884
174790,3100000.0,1508760.5907888357
174791,4100.0,87753.56691168062
174792,3150.0,120600.20920207724
174793,3200.0,91133.26192905381
174794,990000.0,1094087.6212792313
174795,775000.0,893522.3637753343
174796,4695.0,166477.9281440163
174797,1613846.0,1055955.8272481766
174798,7400.0,1226403.4515162474
174799,4000.0,-155375.1812500367
174800,940000.0,887760.2646878324
174801,1987375.0,898836.2660651598
174802,270000.0,727450.1719946815
174803,4233.0,960548.5088860011
174804,605000.0,884229.2369155912
174805,2025000.0,1217886.7008544318
174806,1170000.0,984133.1082560476
174807,360000.0,491367.52978002466
174808,2600.0,41076.845345070586
174809,1760000.0,1240054.638048198
174810,1259000.0,1132777.7762442855
174811,2450.0,-62958.082907232456
174812,915000.0,890917.3653834965
174813,1660000.0,1115417.4642024469
174814,3700.0,398536.06437877845
174815,1155000.0,1261930.8062094925
174816,560000.0,814703.6801487589
174817,1049000.0,1380820.5633680057
174818,1320000.0,1909087.1807358116
174819,2785000.0,1196797.7707132623
174820,5300.0,346417.7239926001
174821,400000.0,815930.2897430975
174822,670000.0,821175.9118401781
174823,2500.0,-306027.49347715825
174824,3900.0,311834.48290662095
174825,1275000.0,1099212.3091452708
174826,749000.0,987959.3707982907
174827,898000.0,848610.3631550204
174828,785000.0,918963.6815634295
174829,4250.0,105567.47875138093
174830,5900000.0,1713436.3254472231
174831,609500.0,561187.2948126029
174832,440000.0,490669.76838340424
174833,574900.0,746584.6334020542
174834,1200000.0,1032094.4762700442
174835,255000.0,1095213.1725181788
174836,6000.0,473869.521422104
174837,920000.0,1192260.776716427
174838,7000.0,302896.6262731645
174839,1250000.0,969098.4428153438
174840,880000.0,984197.9450968299
174841,1500000.0,877141.9567572335
174842,4375000.0,2732436.500282551
174843,1700000.0,1057093.5723545477
174844,850000.0,919178.7448983788
174845,250000.0,621974.049164922
174846,2695.0,-40930.43867398426
174847,1550000.0,1243611.012509578
174848,540000.0,849919.061566527
174849,3500.0,-109650.92539335508
174850,3100.0,-159016.57751248498
174851,677000.0,649902.1133108474
174852,860000.0,852093.2717212373
174853,360000.0,742511.1125054434
174854,2675.0,-157080.3683561636
174855,985000.0,1164358.040517632
174856,6100.0,513900.6964024296
174857,789900.0,888880.3066544058
174858,1575000.0,986926.8190391911
174859,826000.0,971286.0885207364
174860,3300.0,119802.2728915615
174861,3850.0,192404.02414047904
174862,1540000.0,1473068.8448616304
174863,3500.0,97284.37060834281
174864,515000.0,570408.2673443211
174865,1875000.0,1295764.8235437311
174866,3850.0,-57426.088979724795
174867,760000.0,843132.8833372267
174868,2405000.0,1165270.8371832184
174869,3180000.0,2036200.1248919386
174870,2995.0,-168180.5121312011
174871,365000.0,448552.28419405967
174872,414900.0,574504.1945687411
174873,5000.0,53896.92350503523
174874,2200000.0,1261999.0535281282
174875,784000.0,1613350.4184407182
174876,725000.0,781339.4449764434
174877,4300.0,174150.1546432199
174878,1460000.0,778471.4223067826
174879,605000.0,674583.7405309118
174880,4000.0,310923.7125625899
174881,855000.0,923880.0263663521
174882,275000.0,592823.7834156407
174883,1200000.0,1216905.645158046
174884,550000.0,752794.5336123127
174885,1250000.0,1110814.1185601018
174886,3500.0,180286.87550521176
174887,2400.0,-320949.1942259837
174888,659000.0,778850.7493067542
174889,1855000.0,1051394.8936277647
174890,138000.0,460162.99434960354
174891,2300.0,-329855.8756159879
174892,1600000.0,1333679.7661227826
174893,1670000.0,1008417.1030036043
174894,990000.0,1001709.5431571901
174895,730000.0,669500.9820894338
174896,3750.0,-2336.8365449318662
174897,1400.0,-383746.9038428003
174898,905000.0,783186.615241399
174899,4300.0,179405.32948322408
174900,680000.0,1013064.1682795249
174901,2000.0,-435013.21994577255
174902,4130000.0,1213646.9505559132
174903,352000.0,753838.6585851107
174904,1574000.0,1187292.3688344704
174905,820000.0,955750.7903348077
174906,2900000.0,628328.4920241963
174907,5100.0,255593.05263933353
174908,2700.0,-153063.43148040865
174909,3500.0,-51588.447909876704
174910,1625000.0,860188.4910033876
174911,4850.0,406867.7567435559
174912,715000.0,919299.4985657204
174913,3975.0,48506.404245212674
174914,520000.0,601061.8168352079
174915,937334.0,1014135.2381627746
174916,563750.0,957287.281115884
174917,1705000.0,1166220.6881363
174918,750000.0,924199.7654808322
174919,3000.0,-156775.8817605283
174920,297000.0,201523.6158270063
174921,1289000.0,1077843.3214071607
174922,600000.0,668059.0156840533
174923,1358000.0,1296018.3297588509
174924,850000.0,720111.1309947874
174925,900000.0,1161549.8721133256
174926,3800.0,-129994.35608571395
174927,1695.0,-260667.63004293945
174928,462000.0,691121.5256498568
174929,675000.0,484969.7732084142
174930,1060000.0,1000989.5882598422
174931,360000.0,646556.708622017
174932,585000.0,401629.3535211375
174933,3000.0,-239668.8256677594
174934,620000.0,974832.18450444
174935,470000.0,677530.4996412564
174936,1650000.0,1248051.7444112767
174937,3000.0,-324263.697044285
174938,3500000.0,940946.8664165372
174939,470000.0,786876.0204952555
174940,3128000.0,1355367.1155881668
174941,1800000.0,780055.5912305908
174942,860000.0,831922.003256104
174943,2100000.0,1336561.2371933796
174944,1575000.0,1000599.214322513
174945,13500.0,1051988.8051508311
174946,3795.0,-153526.3218054874
174947,3100.0,68824.59883214254
174948,3100.0,90227.8502948042
174949,1350000.0,1236958.3419215977
174950,756000.0,1033966.3606163627
174951,3000.0,-2884.9323621410877
174952,3950.0,306953.4453241816
174953,1352000.0,1092091.1698375698
174954,1365000.0,1158457.1847317405
174955,820000.0,923545.046998106
174956,1190000.0,1323010.9325035363
174957,1150000.0,848582.6996765649
174958,3300.0,-441595.83886466175
174959,565000.0,506880.0787179526
174960,1600000.0,1170502.3038744014
174961,3500.0,25033.53640479967
174962,2395.0,-568171.3938278668
174963,400000.0,717337.691494816
174964,2295.0,-274658.09623734
174965,3000.0,-228141.595305657
174966,307000.0,526723.3511698311
174967,3350.0,114875.52025926206
174968,2575000.0,1976550.9516719682
174969,825000.0,819702.002596695
174970,6250.0,565990.5567462416
174971,4000.0,477065.8196170898
174972,450000.0,691060.1239570566
174973,955000.0,1051677.1063646656
174974,2000.0,-461576.914896057
174975,725000.0,816922.2644955935
174976,1445000.0,1139743.965837554
174977,3500.0,-184777.21005752776
174978,816000.0,930836.4014875134
174979,414000.0,697148.0034886058
174980,2700.0,9391.546432477422
174981,1575000.0,1147930.9495579991
174982,600000.0,832549.30406933
174983,1350000.0,1072178.3844381906
174984,1335000.0,1361476.6965604387
174985,302000.0,876384.8929710016
174986,712000.0,811427.0434695724
174987,375000.0,853535.733320863
174988,909888.0,1041688.289246398
174989,1100000.0,1104136.2022721954
174990,1175000.0,1075517.7938595982
174991,1415000.0,927683.2441020114
174992,940000.0,1018967.8855171306
174993,415000.0,750750.1966238637
174994,1250000.0,1075227.9860533467
174995,1860000.0,1356151.303002933
174996,4200.0,220074.01171813626
174997,800000.0,965302.5570787294
174998,84000.0,426332.02680397127
174999,612000.0,937042.1539992215
175000,935000.0,790629.8915864443
175001,519000.0,777195.8539085807
175002,4900.0,12903.195804209448
175003,2995.0,250859.79066755995
175004,1010001.0,574820.3776607811
175005,695000.0,919661.9948718762
175006,3950.0,-43485.86432931479
175007,3100.0,108111.21623095032
175008,1200000.0,1175938.016699005
175009,2900.0,88090.17569176666
175010,1215000.0,1435225.407422645
175011,4375000.0,1802534.5817804523
175012,2900.0,88096.09907654114
175013,4500.0,457880.5038341256
175014,3980000.0,2207070.3293996463
175015,1150000.0,961990.4262547605
175016,720000.0,1223433.8010616666
175017,500000.0,880636.7021427527
175018,5300.0,474354.82569747325
175019,2700000.0,1758960.489262308
175020,1698000.0,1372106.5804091198
175021,4200.0,156958.96383053623
175022,2700.0,-35384.37461535074
175023,875000.0,1098769.6929811249
175024,2600.0,-2337.482040461153
175025,750000.0,702058.6940254467
175026,2200000.0,1404302.3622233681
175027,780000.0,754438.8572116038
175028,4850000.0,1838607.8572698915
175029,1200000.0,1384085.6545762867
175030,1170000.0,1024339.5428824611
175031,1590000.0,1577712.7885358222
175032,5000.0,497300.79786408134
175033,2500000.0,1003022.2505584126
175034,1548000.0,1008648.3765790425
175035,2750.0,25406.203985664994
175036,4500.0,119569.78487800434
175037,1895000.0,1204481.4943356374
175038,380000.0,716911.4830633271
175039,814000.0,1308460.1668536281
175040,291990.0,678914.6847838983
175041,695000.0,876370.1258902336
175042,6000.0,455903.79471941385
175043,2530000.0,1855837.3955530412
175044,2600.0,-225737.72017942555
175045,429000.0,698162.9870508835
175046,3350000.0,1878845.1742141051
175047,4395.0,166090.47909221053
175048,4500020.0,1874112.1398744565
175049,4300.0,318451.44890602026
175050,710000.0,965249.8549481276
175051,900000.0,941063.0948288767
175052,1410000.0,1248801.9428692367
175053,5800.0,100537.2548326794
175054,510000.0,529205.7302160813
175055,384000.0,637924.3200086094
175056,8800.0,127087.90335744899
175057,900000.0,1227376.4200624684
175058,2995.0,13408.816129930317
175059,1100000.0,926074.009975343
175060,1060000.0,1253006.073469337
175061,825000.0,590417.0255924175
175062,736000.0,798067.1500439234
175063,495000.0,843049.4632022139
175064,1265000.0,853440.0196276652
175065,530000.0,960397.75629686
175066,915000.0,1242129.27156848
175067,600000.0,799940.1658432418
175068,5600.0,216351.16887370124
175069,3300.0,-368844.945100097
175070,990000.0,988552.1170488847
175071,2150.0,-147318.55602960382
175072,870000.0,1201195.7287830021
175073,4800.0,190109.06375677325
175074,1278000.0,1276283.347724963
175075,8000.0,1031464.9498188673
175076,810000.0,607135.8404632537
175077,450000.0,709283.1070074616
175078,4700.0,65025.764862262644
175079,1850000.0,1519530.5532526262
175080,725000.0,665609.3759683734
175081,5000.0,390383.8660205975
175082,890000.0,1229653.3838392189
175083,1580000.0,1199624.2132619917
175084,660000.0,743724.0375915151
175085,578000.0,471341.23687557783
175086,1020000.0,926069.779448675
175087,2150000.0,1213460.5482717883
175088,1305000.0,1374461.5156223634
175089,942000.0,927610.9761083908
175090,4600.0,311217.6367364656
175091,2725000.0,1660050.269118514
175092,910000.0,698361.0541779622
175093,747500.0,1192419.553155587
175094,760000.0,924805.4493741347
175095,3300.0,-247586.69674402103
175096,560000.0,840982.5681661833
175097,555000.0,1292888.0058232183
175098,1508500.0,982507.9960703123
175099,807000.0,1147348.2449186975
175100,1347000.0,1414775.3818995655
175101,4450.0,281954.9194791252
175102,520000.0,538304.0274473894
175103,1950000.0,1277874.8513472201
175104,1735000.0,1374455.7194301188
175105,1287000.0,1251631.3546672156
175106,1850000.0,1360053.200098481
175107,815000.0,884391.4332101103
175108,1250000.0,1022023.2766844789
175109,3200.0,139615.03184329346
175110,2150000.0,1427908.3926162105
175111,725000.0,910925.6798879821
175112,441000.0,498062.08600901626
175113,929000.0,829330.9165741233
175114,945000.0,868530.8840976162
175115,750000.0,1323125.3534665685
175116,1867500.0,822426.8289788011
175117,1005000.0,1019851.3785163471
175118,3450.0,-63585.77946985327
175119,1030000.0,1157588.2552049542
175120,810000.0,970836.1044870755
175121,1610000.0,1287033.50171387
175122,665000.0,926665.5095006693
175123,539000.0,670100.0971221607
175124,1230000.0,1561900.9388577435
175125,12000.0,320132.0380048333
175126,2500.0,-85747.39350991417
175127,1285000.0,1080189.2282394944
175128,729900.0,577434.7070943508
175129,800000.0,779493.8041091934
175130,920000.0,925945.9611638403
175131,600000.0,778547.4785195962
175132,380000.0,1054480.9370481446
175133,4980.0,221402.45645750035
175134,825000.0,776135.7415266717
175135,1350000.0,1515314.7605481707
175136,8500.0,790872.080865317
175137,2700.0,15367.642731182277
175138,540000.0,533565.1275906013
175139,1520000.0,1117906.6496840464
175140,4000.0,93137.23666116502
175141,1050000.0,1237639.8277041838
175142,855000.0,963869.3853411535
175143,1149888.0,930367.0300940769
175144,1430000.0,1109974.2248788513
175145,1940000.0,1014000.8049240177
175146,1555000.0,951598.5108476253
175147,661000.0,683879.7697799299
175148,492000.0,734305.8537229849
175149,1100000.0,1020035.0360525828
175150,611000.0,526575.6361404061
175151,1380000.0,1198612.355639142
175152,560000.0,1037222.8715187041
175153,3950.0,-234040.29796974827
175154,4500.0,903554.2680326598
175155,490000.0,766294.2765643317
175156,439000.0,557227.1787418956
175157,899000.0,1067308.4438238526
175158,1060000.0,1016948.2797741825
175159,730000.0,882264.740459701
175160,3400.0,-169044.33632547315
175161,795000.0,949852.435622002
175162,8400.0,711394.1372502958
175163,689000.0,866085.822462514
175164,1440000.0,1314741.5997727048
175165,4000.0,207997.01409262698
175166,1600000.0,936931.3424669756
175167,1950.0,-162144.2913160706
175168,1210000.0,1215576.0063553294
175169,4550.0,174416.29173604865
175170,1470000.0,1393452.7694660379
175171,520000.0,519885.96077236626
175172,2390000.0,996005.769115177
175173,4310000.0,2805785.864865322
175174,3215000.0,1987666.563862048
175175,1108000.0,1076084.532670986
175176,545000.0,1058827.0180672398
175177,1956000.0,1336741.0186244212
175178,1000000.0,1084857.6591647835
175179,780000.0,964305.9367641406
175180,320000.0,453930.85036830604
175181,675000.0,562521.2673341576
175182,1229000.0,1041267.2557943137
175183,700000.0,810216.0122111905
175184,900000.0,900553.2501389645
175185,770000.0,885050.8827298507
175186,500000.0,1200828.197220265
175187,2725125.0,1706246.4847941715
175188,475000.0,334232.67354668677
175189,6200.0,-337491.07262669783
175190,1350.0,-192115.0376449367
175191,1940000.0,1894085.2783853505
175192,3350.0,-159783.0043820236
175193,5500.0,564973.2878536088
175194,2562500.0,1521169.9796564663
175195,1175000.0,1007618.9370148461
175196,480000.0,1050156.58259241
175197,1240000.0,1044180.1279575313
175198,1200000.0,1057245.0187555598
175199,895000.0,866282.9966667518
175200,420000.0,579286.3401447982
175201,5000.0,201303.5540058436
175202,900000.0,1056931.965103143
175203,995000.0,1196404.338994098
175204,4000.0,-53837.559464408085
175205,5000.0,396825.1361793792
175206,4999.0,226355.13089468237
175207,1049888.0,960163.0933463322
175208,680000.0,889518.0311687421
175209,1250000.0,1236006.686118857
175210,480000.0,856644.9700419707
175211,4100.0,136196.01857645996
175212,1195000.0,1230505.8142207572
175213,875000.0,797511.9295263067
175214,1250000.0,1348794.2394372188
175215,6600.0,759190.9057694282
175216,900000.0,1503002.5673772767
175217,827500.0,970748.1806803495
175218,3350000.0,1207458.9091604203
175219,612000.0,714756.7514729248
175220,4500.0,135796.23178189155
175221,555000.0,519847.2932511112
175222,670000.0,521620.8632297497
175223,1900000.0,1302039.523473165
175224,1420000.0,710301.8190562055
175225,565000.0,666868.7315131044
175226,2550.0,-147423.45750689134
175227,2125000.0,1650163.6796734538
175228,1135000.0,928377.7348735724
175229,1175000.0,1074798.567983131
175230,1975.0,-119294.44789127912
175231,4750.0,163139.25491085555
175232,1810000.0,1067842.5495754555
175233,785000.0,1323876.8805052675
175234,1539000.0,1134315.2416474642
175235,2495.0,-216296.33019135892
175236,1900.0,-438865.0844394369
175237,3600.0,176125.41616432182
175238,575000.0,701147.8324600058
175239,15500.0,2154061.0321343224
175240,815000.0,759870.9356103968
175241,4550.0,389955.01747121476
175242,850000.0,868629.571876144
175243,699000.0,897569.7640456539
175244,1775000.0,1341742.0928740194
175245,879800.0,737249.9808620466
175246,751000.0,708812.7304784721
175247,875000.0,1084180.5565749854
175248,1350000.0,1138733.3826029543
175249,2250.0,-142956.6233235821
175250,830000.0,1065178.561951832
175251,360000.0,885362.3805485629
175252,1050000.0,671546.1782336086
175253,4400.0,207612.8882263489
175254,720000.0,770535.3195845578
175255,4700.0,315216.8289566254
175256,2200.0,-24301.023293725215
175257,3249000.0,1397561.772616621
175258,837777.0,936748.0631309738
175259,530000.0,892965.5772280758
175260,1000000.0,1123948.6462548226
175261,516000.0,606938.7515808986
175262,3880.0,310200.47397910524
175263,1100000.0,936400.2230281988
175264,1200000.0,1079355.422488504
175265,525000.0,564460.4990822682
175266,2495.0,-51684.06415091641
175267,4700.0,966180.3996551912
175268,4550.0,350154.1178264115
175269,790000.0,844907.1971212234
175270,1090000.0,824674.1428298503
175271,875000.0,829391.8718023086
175272,1595000.0,1311990.3610275853
175273,1355000.0,1025075.1097819898
175274,811930.0,748750.6985876104
175275,1300000.0,823628.9379922282
175276,2195.0,-345437.294215776
175277,1122000.0,1059879.0081312926
175278,1100000.0,1154954.3632121244
175279,2995.0,-24412.491541409865
175280,713000.0,620130.7910806183
175281,2000.0,-307460.71076289844
175282,1800000.0,1102411.0254797349
175283,5900.0,545570.9438849902
175284,810000.0,1122867.57598258
175285,925000.0,941971.9912725501
175286,2800.0,-22338.452959499322
175287,710000.0,626313.216207331
175288,756600.0,957091.232318759
175289,5850.0,475521.5534571316
175290,2500.0,-139358.6805580128
175291,858000.0,972287.4036566997
175292,4600.0,101901.9250191627
175293,779000.0,922965.8231599154
175294,902000.0,1038888.0382782696
175295,485000.0,564777.6029545488
175296,1500000.0,1449233.5710858433
175297,1900000.0,997588.205344623
175298,4195.0,190426.66720368993
175299,19500.0,1392063.9966578186
175300,525000.0,382637.59391538706
175301,705000.0,807211.7919021975
175302,242700.0,553777.6603277279
175303,865000.0,943036.4802044015
175304,865000.0,778904.8626192231
175305,733000.0,805740.2940176427
175306,635000.0,1178846.4955598684
175307,1091250.0,1101853.2226822572
175308,734000.0,890180.7180951154
175309,574000.0,707249.434836599
175310,559990.0,810662.0758125326
175311,555814.0,475802.7197204288
175312,2550000.0,1095740.4044333994
175313,740000.0,786130.2267364049
175314,3750.0,247937.02880142163
175315,3000.0,196742.81524468586
175316,1050000.0,998566.3543314766
175317,1367000.0,1248783.472696931
175318,2680000.0,1505941.6880650977
175319,699000.0,558735.7014018036
175320,782000.0,1138462.336625643
175321,1142000.0,1364123.0220826967
175322,300000.0,406638.5351247471
175323,6000.0,649845.412454308
175324,985000.0,1184757.6359986765
175325,8995.0,790815.2680555172
175326,750000.0,788298.8451314447
175327,825000.0,819216.2456736099
175328,850000.0,1132978.631915046
175329,975000.0,1161772.8874468245
175330,1620000.0,1165804.8452793472
175331,2695.0,-364119.2267184416
175332,465000.0,903912.1344610564
175333,830000.0,842249.8395362003
175334,2400.0,-109841.20687293261
175335,2300.0,-241669.6209145803
175336,530000.0,622236.2256930303
175337,2400000.0,1135523.7880043704
175338,670000.0,944357.5340069905
175339,5500.0,720353.5449466584
175340,855000.0,990971.5655585723
175341,449000.0,696111.2604576796
175342,659500.0,967335.3258683141
175343,485000.0,1068979.1519830571
175344,184900.0,509909.84400637075
175345,1275000.0,1013920.9546523727
175346,5800.0,744191.4827874368
175347,1150000.0,1223927.0112036923
175348,2050000.0,1367834.3168033743
175349,2795.0,-191651.44707444683
175350,2795.0,-181309.98524134327
175351,750000.0,841257.3029531082
175352,525000.0,602723.1552561382
175353,106000.0,613042.385921671
175354,2700000.0,1764266.0470303642
175355,1000000.0,1059502.007314628
175356,675000.0,1272166.1969385315
175357,1470000.0,874654.587236546
175358,3000000.0,944003.7686570231
175359,2600.0,-151122.99104274902
175360,3350.0,-109646.47857755702
175361,1160000.0,945074.9195497204
175362,620000.0,1122948.9630094366
175363,3600.0,6884.362193574198
175364,5250.0,208661.6118247453
175365,1100000.0,1013287.7938993331
175366,985000.0,1009332.192923747
175367,2400000.0,1756495.4986437857
175368,295000.0,362611.7411843287
175369,3100.0,176586.33667004015
175370,558000.0,744553.9761366593
175371,946000.0,968535.3991028396
175372,675000.0,687346.5872115856
175373,1220000.0,1045219.215033588
175374,4200.0,100910.39893397689
175375,717000.0,727279.7238937225
175376,775000.0,724543.623861908
175377,669000.0,764111.8050597673
175378,4500.0,264908.0382589875
175379,710000.0,906862.4548669932
175380,1130000.0,1835556.625663721
175381,4800.0,161938.20959477872
175382,3650.0,22503.38316404447
175383,1720000.0,1075182.9967116853
175384,2995.0,-65385.583776528016
175385,3600.0,250973.82638985943
175386,2950.0,-156423.72603226546
175387,1705000.0,1311510.364817514
175388,1250000.0,1037720.2802296886
175389,1136000.0,957962.9854051154
175390,475000.0,470260.3778794976
175391,1000000.0,1165906.775566103
175392,925000.0,997477.8978445847
175393,1080000.0,866050.0208410695
175394,1396000.0,1087871.2870363211
175395,1110000.0,1063682.7660172842
175396,1405000.0,1440423.4774698392
175397,900000.0,1019727.2775411028
175398,640000.0,554071.1603408996
175399,850000.0,772616.6846980089
175400,755000.0,779974.9971406441
175401,1833000.0,1210687.7624961883
175402,1270000.0,1114372.3398736278
175403,620000.0,554101.106595343
175404,3200.0,-138549.19184359536
175405,3350.0,-98652.7779932674
175406,2900000.0,1908689.11548098
175407,1100000.0,1160780.7438915018
175408,875000.0,761299.6240642183
175409,1850.0,-724841.7823750284
175410,557000.0,604329.9029835425
175411,3200.0,-64717.40462266747
175412,677000.0,916162.2242289111
175413,650000.0,850899.1417738777
175414,1180000.0,1243722.58857885
175415,525000.0,766158.1433065049
175416,6500.0,572031.9487871891
175417,2275000.0,1266511.8734034458
175418,2600.0,-228570.6708233049
175419,1100000.0,945190.032585768
175420,232200.0,331040.13277000375
175421,1600.0,-754514.663104794
175422,1283000.0,1280305.7001074934
175423,2900.0,-105473.709410741
175424,3100.0,4324.424428042956
175425,585000.0,976601.4853228619
175426,1845000.0,1260440.4045968708
175427,860000.0,885100.1284504877
175428,5500.0,175657.10438291263
175429,814500.0,1038991.747172608
175430,1290000.0,1330921.5562905893
175431,1359300.0,1042628.3973966129
175432,4800.0,112888.93185583409
175433,765000.0,844004.0747460611
175434,1050000.0,1006539.0219563227
175435,1185000.0,1041021.0063114967
175436,2900.0,11571.614176404662
175437,1200000.0,1272382.809972413
175438,790000.0,838760.5373849394
175439,1295000.0,1131917.223702589
175440,3400.0,-63390.32273509726
175441,5750.0,419989.4217190528
175442,1800.0,-218086.11082702037
175443,3850.0,159267.7412817767
175444,616000.0,693247.9766207077
175445,940000.0,1117948.2996809129
175446,2575000.0,1381944.001122634
175447,4200.0,205903.86774890777
175448,4650.0,285178.7412763564
175449,625000.0,776345.1590301171
175450,2200.0,-147598.76599898655
175451,1335000.0,1345856.8537690323
175452,3330.0,-44154.77732347883
175453,2550.0,83700.68601636589
175454,1500000.0,1368666.377376873
175455,715000.0,636730.497828464
175456,6370000.0,2364560.630354247
175457,1375000.0,1080644.531310035
175458,4920000.0,1454060.6384903174
175459,495000.0,504527.88800952304
175460,755000.0,953604.8248576997
175461,776888.0,1215023.8598078536
175462,1430000.0,1157816.9363956274
175463,5500.0,235237.80544001516
175464,3000.0,-79369.6852812022
175465,3500.0,96124.64429448918
175466,6500.0,111581.69183565304
175467,4300.0,159490.4625445651
175468,717000.0,1014606.5091861738
175469,950000.0,1001257.0409940677
175470,1495000.0,2602506.307491226
175471,1349000.0,1183729.0695240693
175472,1080000.0,1092935.5632726913
175473,850000.0,852952.7984478762
175474,1265000.0,1053463.7303266637
175475,1850000.0,1279087.4874673393
175476,1200000.0,1245637.6813308373
175477,1020000.0,1245032.6402972024
175478,480000.0,797005.6221424071
175479,300000.0,809076.3668538379
175480,5750.0,-70161.11681973189
175481,3575.0,-58606.98382030986
175482,8000.0,571565.1179565424
175483,449000.0,645695.7379259774
175484,475000.0,524810.7131248256
175485,865000.0,1457499.2953799786
175486,2100.0,-34971.66244947538
175487,1350000.0,1464504.298899549
175488,2360000.0,1439059.536709641
175489,630000.0,1000668.935579706
175490,938000.0,1041275.8705962515
175491,2850.0,-204377.32801837288
175492,4400.0,144698.27823611163
175493,990000.0,982972.4304982107
175494,337000.0,655928.0069370549
175495,1130000.0,1473210.1811713409
175496,3000.0,196748.73862946127
175497,665000.0,1176892.7850659182
175498,1320000.0,1249640.6828641659
175499,649000.0,640436.410558979
175500,6680.0,805647.8600289375
175501,1251000.0,1337946.1404396556
175502,345000.0,589547.1626963038
175503,2575.0,-220683.45754886325
175504,650000.0,677000.8450767398
175505,1120000.0,838232.0693538589
175506,3500000.0,2254274.8429384762
175507,1230000.0,808956.0719021233
175508,4600.0,318419.1899650665
175509,1300000.0,458670.79520226456
175510,2300.0,-422708.87340112124
175511,2500.0,-74810.40445500892
175512,1125000.0,925118.6829579677
175513,1400000.0,1053981.284817474
175514,590000.0,963539.234353533
175515,395000.0,439178.7328960169
175516,4800.0,388976.93908978626
175517,1170000.0,913276.3561936421
175518,610000.0,974084.648658894
175519,710000.0,994462.8876639316
175520,945000.0,970515.9961331412
175521,925000.0,1064417.1298761955
175522,1250000.0,1357879.6953617157
175523,985000.0,1026678.3988280976
175524,390000.0,682248.8614129033
175525,540000.0,1064593.3117106687
175526,375000.0,568639.2165181469
175527,1308000.0,788185.2947238619
175528,703000.0,802445.3844337985
175529,6000.0,310743.87739535514
175530,1425000.0,1168789.6338025322
175531,3700.0,108944.31572079659
175532,2200.0,-123243.69867125154
175533,1030000.0,914734.2544369623
175534,752000.0,930054.1391749177
175535,3495.0,85899.27220679354
175536,285000.0,540073.3451775275
175537,875000.0,1064545.3544186745
175538,835000.0,947890.0014694389
175539,1235000.0,1160518.1787562398
175540,1950.0,-218933.07517881226
175541,1045000.0,1052209.3078227853
175542,830000.0,1121509.4712290606
175543,5400.0,196953.34408879746
175544,3450.0,80245.60807584971
175545,5200.0,323298.53604595456
175546,1350000.0,672068.8284229999
175547,250000.0,452551.90931195114
175548,690000.0,806608.2537966948
175549,485000.0,554354.092119325
175550,1830000.0,1116279.7425932568
175551,6200.0,339910.7354520988
175552,7200.0,654880.9015313089
175553,955000.0,1007926.1114131119
175554,910000.0,840508.3296587355
175555,4500.0,149858.42270901892
175556,619000.0,1080034.7133718217
175557,610000.0,951965.292152362
175558,3600.0,-3215.7966744452715
175559,672000.0,785606.5637466973
175560,2250.0,-146572.37124868762
175561,5500.0,305360.2185681695
175562,520000.0,725287.8017874453
175563,950000.0,852369.3598826984
175564,550000.0,711932.4263962023
175565,432900.0,381822.2327784337
175566,1425000.0,928462.4704715991
175567,5200.0,-65070.480827515945
175568,240000.0,371468.2480248613
175569,1688500.0,1720222.1125166798
175570,3000.0,6641.644347522408
175571,1415000.0,1135876.1471004821
175572,715000.0,1016490.916996764
175573,1350000.0,866796.6273296084
175574,3200.0,173926.44630457368
175575,1320000.0,1512523.0625756048
175576,1150000.0,996424.0429571951
175577,6200.0,503820.18133669253
175578,303000.0,436283.90212336835
175579,1899.0,-264734.57535245083
175580,5900.0,372184.22422280535
175581,689000.0,852321.7130188318
175582,595000.0,1017455.6580972597
175583,1100000.0,1489909.2465249877
175584,6500.0,229004.88387437724
175585,3950.0,46236.7078549834
175586,2795.0,-20311.694033415988
175587,1100000.0,1680895.139239409
175588,3800.0,21698.575518947095
175589,385000.0,435021.01151880715
175590,499800.0,590441.2440738445
175591,360000.0,523130.43390177004
175592,3850.0,-65606.90871838015
175593,780000.0,741696.6733948607
175594,5500.0,146729.480842622
175595,2400.0,-474814.5701052435
175596,399000.0,586558.3086752621
175597,3900.0,136015.20094346348
175598,4000.0,203092.21331751999
175599,1850000.0,1932136.5529498924
175600,625000.0,834149.7740713386
175601,3250.0,-148034.6374050239
175602,525000.0,368420.065284756
175603,539000.0,578599.7287742337
175604,6099750.0,1932636.8364400528
175605,1968000.0,1235509.2770897243
175606,388000.0,400047.41601376235
175607,546000.0,888691.4267348684
175608,1515000.0,1043244.2444621101
175609,3250000.0,2240791.990583555
175610,1080000.0,1105517.6693743048
175611,3700.0,284311.87405061163
175612,725000.0,1008140.9485401949
175613,699000.0,678236.5024752179
175614,1400000.0,1189459.774276347
175615,9750.0,440283.5621750802
175616,630000.0,528846.720137002
175617,1675000.0,1626769.0848289896
175618,3600.0,146909.10456401296
175619,865000.0,1160934.578061794
175620,1425000.0,1346279.7672648197
175621,8750.0,474857.538933699
175622,745000.0,944344.4669601815
175623,3650.0,26435.74752045516
175624,419000.0,636490.9617964169
175625,695000.0,961489.6400187127
175626,2600.0,-186350.87996725738
175627,2800.0,-335105.6418069592
175628,818000.0,689418.6449953718
175629,310000.0,427259.04476814903
175630,4300.0,307722.35980095156
175631,1280000.0,1043183.7099448638
175632,2950.0,-79463.20341691282
175633,3500.0,196076.53253356274
175634,535000.0,819489.5793646611
175635,850000.0,1050435.5477461088
175636,1550000.0,1211328.5841991669
175637,1570000.0,1287801.9067230225
175638,9500.0,478092.8079957841
175639,1239800.0,974839.8073150208
175640,1200000.0,807832.6951919999
175641,820000.0,969293.0816453844
175642,3600.0,47210.468267863616
175643,2800.0,-170322.86840477306
175644,906500.0,890578.5844933623
175645,1175000.0,1217438.9595992416
175646,840000.0,1057412.3292447366
175647,1850.0,-223714.82277391944
175648,578000.0,844643.730875304
175649,188500.0,564777.1260373583
175650,2015000.0,1106895.9471059125
175651,650000.0,639593.6733028367
175652,1995.0,-400740.96647107694
175653,1226000.0,973950.5765188867
175654,925000.0,1310099.3342723288
175655,4200.0,-3179.9319904251024
175656,2550000.0,1942072.536097194
175657,5880000.0,2068315.3484676369
175658,4600.0,164840.54865903035
175659,221000.0,532052.0704511898
175660,411500.0,566431.3049842212
175661,575000.0,1054345.6335995924
175662,725000.0,776868.8696158538
175663,1950000.0,1419037.8441158617
175664,1300000.0,1272379.6980163744
175665,1190000.0,1337180.988789495
175666,570000.0,1111231.1215324802
175667,475000.0,621563.087773243
175668,1600.0,-201311.0726937512
175669,1099000.0,993558.6240041787
175670,800000.0,942338.1968928231
175671,3500.0,20236.59999059327
175672,1050000.0,729217.6246772539
175673,1399000.0,1321641.226771663
175674,830000.0,1258887.5795002002
175675,527000.0,941989.730407415
175676,700000.0,1350622.821047742
175677,1295000.0,1170415.052765862
175678,3000.0,-53352.43192437198
175679,1487500.0,1056026.500113029
175680,254000.0,370444.3783453582
175681,2350.0,-467956.1452204501
175682,625000.0,761193.2860985622
175683,1370000.0,1166492.029908238
175684,1500000.0,1104617.5107911564
175685,10300.0,731955.5405973112
175686,1079600.0,1143359.461920064
175687,855000.0,847785.6773330551
175688,560000.0,702977.5677294517
175689,4000.0,129034.57748650014
175690,1580000.0,1331877.2515958482
175691,360000.0,874773.8080706578
175692,2795.0,-97484.55275480077
175693,830000.0,1293414.6264572777
175694,607500.0,1078126.0471686497
175695,807500.0,950811.5733608715
175696,4495.0,568860.0618222076
175697,8600.0,628071.6616986636
175698,5250.0,277906.6847741427
175699,7000.0,583632.7710185191
175700,2365000.0,1315092.910377997
175701,1375000.0,1087459.2130729333
175702,1495.0,-509589.8718671752
175703,3000.0,235051.91986526083
175704,890000.0,953681.1147890603
175705,640000.0,725926.619310962
175706,920000.0,914089.3412628071
175707,1495.0,-379891.8938601883
175708,559000.0,839153.847117682
175709,1750000.0,1480044.3065779684
175710,955500.0,1162813.8662927551
175711,2995.0,-150934.01504808757
175712,1475000.0,929161.853926451
175713,990000.0,1040045.7132276446
175714,1350000.0,1155818.4990971778
175715,800000.0,923358.565342363
175716,2850000.0,2151973.0519977305
175717,445000.0,562500.8572823592
175718,490000.0,491021.2175460523
175719,1100000.0,1070750.8318740781
175720,775000.0,919261.0700292196
175721,3500.0,-1850.2060522139072
175722,1060000.0,1014613.2551564397
175723,379000.0,553187.4665422393
175724,1250000.0,1147588.2489358224
175725,1965000.0,1284965.8581056139
175726,1200000.0,832535.3559766673
175727,490000.0,731436.1755389357
175728,630000.0,979914.4822052224
175729,1240000.0,1988774.6165371025
175730,368000.0,717151.2854138911
175731,525000.0,1082802.832092069
175732,3500.0,24522.434200060554
175733,4200.0,34663.87627618294
175734,5000.0,141946.41935188603
175735,2780.0,-177879.06174743827
175736,1345000.0,1047455.871996846
175737,630000.0,714143.4677199433
175738,3800.0,-71424.32214979734
175739,125000.0,368908.4380068211
175740,700000.0,791689.9480712218
175741,965000.0,1084743.9237764543
175742,2600.0,-229595.82966529764
175743,848000.0,949674.8538763514
175744,725000.0,879446.197092751
175745,805000.0,825616.2585044103
175746,1225000.0,1029887.8713854905
175747,2700.0,-210717.07623137254
175748,680000.0,814951.9203246618
175749,415000.0,588421.8730178159
175750,359950.0,703121.5716821477
175751,3595.0,183059.5002152389
175752,5900.0,397762.4177426314
175753,6600.0,408926.2542404393
175754,3845.0,-49976.727674655616
175755,840000.0,725723.4720728593
175756,4200.0,-30466.36025290005
175757,701000.0,941987.083033069
175758,599999.0,779139.1490505412
175759,1448000.0,1027610.6443076832
175760,1330000.0,1236215.3245178638
175761,2000.0,-443785.49559857324
175762,800000.0,902470.7668709997
175763,3495.0,-98469.06707895268
175764,650000.0,703870.301141155
175765,2650.0,-342696.09577814303
175766,5700.0,429133.1983995903
175767,515000.0,514932.61517211795
175768,3200.0,-292178.32147495076
175769,5900.0,267096.1254867129
175770,1500.0,-165609.26223717444
175771,5800.0,381441.5134559376
175772,3600.0,-15720.208682443015
175773,790000.0,885123.0514799636
175774,5500.0,-7549.10721663665
175775,890000.0,948890.6576543264
175776,5100.0,-153040.86293201707
175777,565000.0,631939.9982529143
175778,3800.0,127508.81127009727
175779,3400.0,-168795.8847045442
175780,435000.0,953674.9586143894
175781,4700.0,493355.6192728048
175782,775000.0,903261.7707450828
175783,1250.0,-466611.7019021623
175784,1390000.0,1062627.2708252752
175785,1050000.0,879431.5959884841
175786,2800.0,-102095.53029232845
175787,2900.0,-66091.27222564071
175788,487500.0,602072.998372349
175789,255000.0,422552.3461008053
175790,2595.0,-208403.7679192638
175791,7500.0,393839.5213627331
175792,3750.0,-155640.9501902731
175793,790000.0,837968.4844587091
175794,1700000.0,1045126.4046512134
175795,925000.0,1400884.900639562
175796,1200000.0,938515.6626885552
175797,2100.0,-395421.7545792861
175798,1510000.0,1052580.001836881
175799,765000.0,1298083.134085319
175800,3600.0,46261.93181271572
175801,7000.0,890931.0475194314
175802,2050.0,-164378.16979158297
175803,1600.0,-477095.8608911354
175804,4800.0,119247.77599907201
175805,2600.0,-467584.5582842538
175806,350000.0,468726.2410487626
175807,420000.0,543256.4530997919
175808,1310000.0,882585.1459065275
175809,3300.0,-73942.66047643498
175810,970000.0,900940.5840505222
175811,1055000.0,889125.9229265405
175812,504600.0,944957.340394835
175813,5700.0,120450.35503910761
175814,425000.0,781688.1052109571
175815,10900.0,683277.4104604032
175816,2375000.0,1507957.529044129
175817,670000.0,699610.7976479363
175818,4950.0,475206.2854014095
175819,19000.0,512450.90777673945
175820,1047500.0,1055782.6724936413
175821,6000.0,610006.7657968486
175822,2100.0,-362087.5539561836
175823,665000.0,1043072.5433391826
175824,2950.0,-140609.51365112048
175825,807000.0,963150.6445222665
175826,5650.0,309177.99815171864
175827,4200.0,470854.133594607
175828,3700.0,62379.58401275426
175829,645000.0,767539.7256354159
175830,1000000.0,1742506.754995766
175831,1500000.0,1176106.0301745804
175832,6600.0,783770.5006042765
175833,2600.0,-10957.247268758714
175834,335000.0,617433.6444420973
175835,37500.0,850228.2496108701
175836,694900.0,768461.4944959739
175837,3450.0,130495.50455037504
175838,934900.0,978515.5450317496
175839,2205000.0,1098865.2722460413
175840,2950000.0,1861916.437512705
175841,650000.0,564956.2808474433
175842,4500.0,85342.10459804162
175843,3200.0,-94368.70855395868
175844,6850.0,497752.9323464716
175845,275000.0,445357.92908616085
175846,840000.0,1116940.0822832948
175847,5700.0,329195.7014307594
175848,835500.0,928134.3029397568
175849,525000.0,799206.1775292465
175850,580000.0,828087.7092012288
175851,4000.0,156196.49129772466
175852,1255000.0,1433890.299191895
175853,3400.0,-36461.08039932512
175854,1625000.0,819482.9673456531
175855,595000.0,843574.616004644
175856,1975.0,-228191.7827422563
175857,3600.0,115930.45856744889
175858,350000.0,749884.9337614393
175859,1440000.0,777893.2924062023
175860,3200.0,40126.10004604049
175861,3800.0,71328.79657027777
175862,2000000.0,1275069.48280159
175863,18000.0,790150.6287828144
175864,215000.0,270445.1290589664
175865,2010000.0,1349947.8707447192
175866,1435000.0,1003769.5356957875
175867,715000.0,648568.6055043731
175868,350000.0,682819.1843755655
175869,729000.0,704102.2054446805
175870,1198000.0,1156896.1212733164
175871,3750.0,128665.61270330288
175872,1335000.0,1051383.2333627446
175873,1300000.0,1294884.9943359531
175874,950000.0,1334794.3490521293
175875,235000.0,572089.2925374825
175876,385000.0,596208.7774051875
175877,3900.0,372070.5732338801
175878,3600.0,219571.68183770962
175879,1699999.0,1203200.4318469325
175880,4000.0,59348.73641657177
175881,2700.0,-299538.8302974552
175882,2550.0,-277833.7481448343
175883,920000.0,1200940.6378691262
175884,1097000.0,959314.5078705419
175885,935000.0,1317459.8911578814
175886,3300.0,-87928.41697657015
175887,647000.0,654613.9240071801
175888,690000.0,1114309.4368658336
175889,399000.0,1118004.0846336968
175890,525000.0,914654.3558778279
175891,4100.0,241248.30424110405
175892,2400888.0,2258987.26627999
175893,3800.0,126560.3840196915
175894,720000.0,785021.7189721242
175895,3250.0,-17293.793734952807
175896,875000.0,1162933.393924239
175897,705000.0,899363.2361987866
175898,2650.0,-331191.86438261066
175899,1010000.0,1250266.0681645377
175900,549000.0,796145.7979724873
175901,1170000.0,1296591.1808724524
175902,1260000.0,1115312.3470631288
175903,3250000.0,2233940.168276108
175904,3800.0,187900.4720431771
175905,2305000.0,2143974.442847846
175906,579000.0,1248016.4572094744
175907,3500.0,45073.82070020586
175908,505500.0,709885.1630874928
175909,885000.0,1174703.5089355092
175910,7500.0,518081.1721546352
175911,1375000.0,1243230.4375263955
175912,1285000.0,1125681.7775689075
175913,770000.0,939764.9315693723
175914,3650.0,6523.783727883361
175915,1199000.0,962231.4586989237
175916,582000.0,667242.195166586
175917,1625000.0,2005960.287287064
175918,6100.0,456659.0074971635
175919,1170000.0,995799.2571916087
175920,1450000.0,876687.5813553389
175921,1265000.0,1334176.585077146
175922,880000.0,949695.9992567142
175923,489000.0,1488849.6085805818
175924,665000.0,629172.173711922
175925,2000.0,-237071.66211939044
175926,1250000.0,1133227.618178239
175927,930000.0,1266202.3974696668
175928,1460000.0,1383341.0898474818
175929,1145000.0,1092910.1760057975
175930,810000.0,1080851.438137021
175931,3850.0,-150117.70788945816
175932,39000.0,2231409.710775921
175933,785000.0,627947.9046895159
175934,9995.0,820280.829611917
175935,1850000.0,1552486.4837764697
175936,2200.0,-436104.6172234705
175937,1400000.0,960349.7660719408
175938,4500.0,471378.08067316934
175939,615000.0,696433.204443465
175940,329000.0,580899.2596729891
175941,685000.0,840476.0088557824
175942,4500.0,2609.0781376073137
175943,1899000.0,1459191.1895431941
175944,1500000.0,1812285.3975673513
175945,3401000.0,1979100.264632742
175946,980000.0,834774.1972143445
175947,975000.0,1391469.8990385355
175948,2225000.0,1031012.9113467131
175949,3950.0,61130.46592328139
175950,910000.0,1018173.4057795703
175951,5950.0,319446.05804562755
175952,1370000.0,1359670.9536183504
175953,720000.0,849045.1896020006
175954,1602100.0,1136724.094064271
175955,450000.0,562729.8469860153
175956,9995.0,767154.6363824988
175957,395000.0,693479.2136815991
175958,2600.0,-104006.46865760442
175959,2390000.0,1360002.2162137525
175960,7500.0,1049512.6331651537
175961,990000.0,1085238.327173695
175962,649990.0,791700.8040389996
175963,1108000.0,1241234.650483678
175964,345000.0,426141.27129266504
175965,655000.0,644533.3105291203
175966,1550000.0,1809531.5727214403
175967,695000.0,988863.2640618738
175968,1310000.0,983900.1439535217
175969,770000.0,858608.0092756152
175970,4300.0,70289.28033603914
175971,1175000.0,1305231.3871443588
175972,585000.0,819656.914750414
175973,861000.0,988636.7353302641
175974,860000.0,790795.2134678988
175975,452000.0,718717.1949463375
175976,560000.0,771717.781569127
175977,1170000.0,1071375.9998466913
175978,935000.0,781709.6041803481
175979,3750.0,-66042.62142572273
175980,850000.0,998888.5932755712
175981,620000.0,1276670.5477373665
175982,580000.0,813247.6144941337
175983,1684000.0,1370838.6216204688
175984,975000.0,905468.6892137043
175985,14500.0,886473.3922429513
175986,770000.0,866291.8680447023
175987,850000.0,1203605.9034653297
175988,1316000.0,1083663.2913084384
175989,710000.0,911521.7382208062
175990,1500000.0,1293026.3420942314
175991,1524000.0,1133917.2570035588
175992,360000.0,402532.41796331573
175993,1100000.0,908596.7192717548
175994,4000.0,332520.0703595001
175995,640000.0,862112.1579028144
175996,1110000.0,801316.6869389592
175997,1002550.0,981495.611782697
175998,3925000.0,2110504.765977785
175999,1150000.0,1121455.911248194
176000,900000.0,866216.2667487571
176001,3200.0,-97373.95180690009
176002,1825000.0,1833227.9875079757
176003,775000.0,806251.5357607277
176004,925000.0,807128.7600808535
176005,1750000.0,1358162.3523771875
176006,1010000.0,927308.9835389219
176007,1170000.0,1165124.2840086706
176008,2950000.0,1673605.1153635131
176009,730000.0,693800.6922282446
176010,345000.0,561497.4663134739
176011,1140000.0,926490.1193078374
176012,1050000.0,1099118.6479120664
176013,750000.0,832631.0293686418
176014,495000.0,392448.46151518356
176015,590000.0,599176.1997266198
176016,418000.0,649684.2938940832
176017,875000.0,875982.5278720139
176018,395000.0,184602.57163659483
176019,815000.0,1363865.639858066
176020,3200.0,-137904.93192131817
176021,1081000.0,1265526.6971914563
176022,415000.0,581876.181633818
176023,960000.0,833563.0429700203
176024,3500000.0,1435802.344587613
176025,1280000.0,1001334.6790264752
176026,3800.0,59395.29811430443
176027,7000.0,1316778.7272285698
176028,1110000.0,1154568.1745549897
176029,360000.0,583014.4328101287
176030,4300000.0,2107707.836229642
176031,675000.0,796648.6911124578
176032,725000.0,940778.6136152353
176033,1505000.0,1096653.278564658
176034,207000.0,646369.0792308636
176035,749000.0,887267.1491264943
176036,1600000.0,1278546.9747833833
176037,659000.0,762265.0037600351
176038,4000.0,-40042.83522906527
176039,2553.0,-251080.79730024375
176040,7500.0,295374.0434719594
176041,8795.0,573702.5060869157
176042,650000.0,824407.1648488194
176043,649000.0,784135.5013554068
176044,1100000.0,824639.5464772033
176045,1000000.0,1208226.5824382612
176046,2335000.0,1404783.6381702218
176047,870000.0,999711.2227307623
176048,2110000.0,1571619.9000867624
176049,764000.0,958543.2719635265
176050,1010000.0,1165963.9077529674
176051,729000.0,965539.8210600363
176052,480000.0,468713.12949748617
176053,760000.0,877394.7588488832
176054,1360000.0,1091776.8083376633
176055,2300000.0,1159496.1258589653
176056,4400.0,323303.94446736015
176057,1527000.0,1276022.7579184184
176058,575000.0,697805.8829256203
176059,1330000.0,1122239.821838471
176060,499900.0,860029.3610920077
176061,950000.0,1156627.144279804
176062,2573000.0,1435398.341315763
176063,2800000.0,1561543.3301185165
176064,335000.0,332308.8052693596
176065,3300.0,-36905.421702784486
176066,6450.0,553787.4186248733
176067,720000.0,834620.202782385
176068,2305000.0,1366633.217904047
176069,2050000.0,1402772.6626298623
176070,195000.0,498840.41637393646
176071,2750.0,216760.48798076343
176072,2800.0,-332223.4192327028
176073,345000.0,469276.47515205573
176074,733000.0,1058985.9537723875
176075,850000.0,1288539.4529029652
176076,260000.0,617738.6492632898
176077,3500.0,-168582.13510437962
176078,1480000.0,643229.5403858433
176079,505000.0,1189185.1755112084
176080,6300.0,354330.07043754123
176081,510000.0,870904.5649171583
176082,3300000.0,2095265.9668507706
176083,718000.0,890212.3101161867
176084,1165000.0,561053.4374963036
176085,865000.0,897211.711001087
176086,550000.0,892334.4015655946
176087,360000.0,740330.0237700548
176088,895000.0,1049233.370944349
176089,1400000.0,732023.5424505714
176090,110000.0,148895.2609466752
176091,875000.0,1074016.6540511912
176092,857000.0,1034617.3926881459
176093,795000.0,1232438.7596109817
176094,915000.0,995931.3360674651
176095,560000.0,386943.1188589819
176096,430000.0,579775.5225936892
176097,980000.0,914270.7880698917
176098,322500.0,332006.7540036496
176099,1800.0,-41550.66754712723
176100,529950.0,964462.5076620663
176101,8000.0,932431.0170141114
176102,1265000.0,742458.131518499
176103,3100.0,-201145.27589361742
176104,840000.0,1073888.6914874958
176105,741000.0,1507332.2857271219
176106,415000.0,530276.3687882796
176107,600000.0,454701.0793765737
176108,1250000.0,1256987.674645016
176109,925000.0,887171.0691793021
176110,605000.0,638100.7397639509
176111,700000.0,863341.2160903718
176112,940000.0,1220711.844583596
176113,960000.0,1211401.366042018
176114,673000.0,894978.9450322259
176115,598000.0,851315.9664636552
176116,725000.0,949925.9230180327
176117,1665000.0,1148972.0285011912
176118,635000.0,520656.18366536405
176119,775000.0,914514.3224107418
176120,310000.0,659920.9276304096
176121,6410000.0,1701040.5692757042
176122,1305000.0,1249258.2509909505
176123,2002888.0,861728.7149276352
176124,3500.0,94957.8003976699
176125,785000.0,769480.8853549026
176126,665000.0,767038.9348570863
176127,4200.0,35212.673790686764
176128,2500.0,-2548.5155776664615
176129,1480000.0,1367322.3281328343
176130,15167902.0,3521733.8551891805
176131,527000.0,497238.21138724405
176132,2295.0,-256005.67392951623
176133,1440000.0,839937.5105419606
176134,1287500.0,1368625.124512338
176135,1625000.0,1149368.3134127455
176136,645000.0,753857.354456001
176137,955000.0,859627.6922571668
176138,2455000.0,1898214.6388577064
176139,1365000.0,717514.1559729557
176140,715000.0,1360967.5778383864
176141,983028.0,873983.3949830057
176142,3000.0,-159654.4389228318
176143,3300.0,211407.35581688304
176144,900000.0,1022731.9154169448
176145,2600.0,-143024.63415629137
176146,1320000.0,1043831.3924069554
176147,1310000.0,1117177.7171487445
176148,500000.0,385349.17786019295
176149,592000.0,738897.004577606
176150,1100000.0,990876.3369287485
176151,1925000.0,1205855.1700243605
176152,4650.0,63075.838650763966
176153,3700.0,-12937.38865289092
176154,440000.0,445811.0867695678
176155,615400.0,632637.669431108
176156,1649000.0,1324848.5073779495
176157,828800.0,887072.7029303554
176158,350000.0,951806.7943928437
176159,3600000.0,1174573.701660375
176160,1210000.0,1195564.0524851494
176161,2530000.0,1939011.0739865946
176162,3200.0,69892.44922648929
176163,615000.0,751414.0898775822
176164,3100.0,72375.4983517658
176165,1365000.0,1133791.9909199867
176166,850000.0,947334.656935174
176167,1430000.0,1342096.8108200068
176168,999000.0,881804.9889462544
176169,3500.0,166138.1771959802
176170,1287500.0,1146401.3430723073
176171,975000.0,1131170.882771967
176172,5150.0,219765.82070556842
176173,885000.0,903279.0116998442
176174,940000.0,1206136.7668342497
176175,2900.0,-62435.0161397215
176176,519000.0,480606.35916476604
176177,680000.0,1147710.963638166
176178,1360000.0,1232271.180312642
176179,6000.0,528537.6992611196
176180,850000.0,557963.4229250681
176181,938000.0,836679.9409243856
176182,1400000.0,1049602.2658335082
176183,520000.0,681863.1173553467
176184,1450000.0,1663210.2447225926
176185,845000.0,834872.8820489198
176186,345000.0,273049.88914737944
176187,820000.0,1037780.3349307999
176188,997000.0,1153149.2196908304
176189,460000.0,673566.1750281602
176190,555000.0,916334.6723409276
176191,850000.0,889824.7747023087
176192,692500.0,556817.8581182342
176193,2993850.0,1770603.015973527
176194,2975.0,-97729.61110767256
176195,630000.0,832033.3037556233
176196,1160000.0,952625.8928227294
176197,1005000.0,1052321.7377393479
176198,682000.0,802512.5632936098
176199,493000.0,537239.7259818446
176200,700000.0,853775.756563195
176201,170000.0,558189.470908938
176202,1575000.0,1001440.6050634654
176203,1215000.0,1117811.6449569575
176204,905000.0,1016734.1569453813
176205,2265000.0,1218520.8249182263
176206,780000.0,1229617.060283782
176207,5000000.0,1812255.8213142017
176208,3250000.0,1640931.3776535606
176209,2400000.0,1114096.1281105597
176210,1200.0,-229067.5111022191
176211,1040000.0,1239881.5125334747
176212,605000.0,820224.0037992066
176213,900000.0,885831.7291909475
176214,3375000.0,1407988.0381340105
176215,610000.0,818201.5751697766
176216,980000.0,998323.7546418291
176217,9500.0,1175332.2700897
176218,1750000.0,1096852.8500870261
176219,1520000.0,1037166.9491525618
176220,5295.0,38561.70394798927
176221,1775000.0,1335969.9379368993
176222,565000.0,1001069.3071864527
176223,900000.0,1021906.5060204463
176224,925000.0,1151426.2384360526
176225,1255000.0,1087303.055539026
176226,815000.0,710682.8486383753
176227,5000.0,481542.49644747097
176228,2000000.0,848282.6371981306
176229,2109000.0,1208638.1305675544
176230,2100000.0,1256662.4483474568
176231,3750.0,-166857.65898261406
176232,1750000.0,1746537.6357615301
176233,6000.0,263741.3389474666
176234,1301500.0,1231049.3640229413
176235,535000.0,664011.1858676495
176236,984800.0,1095056.1884392425
176237,4450.0,65281.5520603871
176238,1250000.0,972139.3577310136
176239,1275000.0,929186.2522171857
176240,557200.0,673766.7757673915
176241,2100.0,-204216.46578453388
176242,590000.0,745271.2676804457
176243,1725000.0,1872999.8447723063
176244,2180000.0,2366542.5254796827
176245,1030000.0,970995.3028336726
176246,2095000.0,1221844.3598143216
176247,980000.0,953918.7707286999
176248,525000.0,816221.2409663806
176249,842500.0,768955.531965117
176250,1625000.0,1110875.7536254982
176251,1440000.0,1136807.1199005442
176252,800000.0,773746.2807028051
176253,1275000.0,1235777.5402556714
176254,995000.0,1235449.3479738403
176255,589000.0,1122683.5221369322
176256,2200000.0,1440343.8952466957
176257,1100000.0,1148526.3272983087
176258,2900.0,-111459.87564232666
176259,3400.0,-179672.38740282226
176260,1075000.0,1352608.0363712572
176261,435000.0,876649.9257569341
176262,4300.0,135402.73102048598
176263,3995.0,-87297.11292144284
176264,520000.0,864067.6641715774
176265,725000.0,2137282.820536468
176266,2888000.0,1389179.1749711465
176267,1175000.0,1240378.206342644
176268,1170000.0,1178657.003542195
176269,525000.0,545865.0869023306
176270,1275000.0,1377726.657190891
176271,1165000.0,961323.376090345
176272,3295.0,-119713.07138995081
176273,6200.0,379460.6611888064
176274,2850000.0,1961772.576867574
176275,612000.0,1024877.304919756
176276,327200.0,861284.4773506112
176277,13650000.0,2273000.4292721637
176278,1797500.0,1238728.8950744234
176279,1085000.0,1589651.7059573187
176280,1219000.0,967966.9147815667
176281,15500.0,1048791.2167929579
176282,1150000.0,1018231.7286874857
176283,2150000.0,1589248.5864743963
176284,1285000.0,1218888.2623614008
176285,1030000.0,942397.2165666884
176286,535000.0,553270.7822095649
176287,810000.0,1180184.7307841005
176288,4250000.0,1969116.6598459324
176289,960000.0,993472.0088493526
176290,1180000.0,950039.790950804
176291,1868000.0,1309984.0928823492
176292,1800.0,-389458.7836020971
176293,4292500.0,2329367.056743495
176294,1299900.0,1064611.5634656576
176295,3850.0,462089.56251079123
176296,878000.0,1190284.1235391395
176297,1250.0,-384221.37552157603
176298,1525000.0,1008175.3932546005
176299,2100000.0,1277362.1503492733
176300,1175000.0,1111672.8610918745
176301,1550000.0,1502225.195618107
176302,508900.0,386132.1691091424
176303,735000.0,799765.1011975417
176304,719000.0,786610.311479642
176305,1160000.0,1177775.2813774636
176306,5650.0,236509.46048771776
176307,2550.0,-132034.231317861
176308,1300000.0,962426.3535860013
176309,645000.0,788925.3444916606
176310,2100000.0,1968838.6260463363
176311,1575000.0,999580.7726056939
176312,976000.0,1171905.6267785486
176313,870000.0,1090185.9065898648
176314,378000.0,428857.5734995119
176315,645000.0,261102.10294519085
176316,893000.0,568228.2809648216
176317,1150000.0,1294236.12128108
176318,850000.0,1137677.4629085734
176319,10000.0,60566.371085493825
176320,815000.0,940392.1580179604
176321,1040000.0,714241.9265326252
176322,1010000.0,1353955.152759755
176323,1132000.0,1017283.7745175734
176324,1450.0,-59680.03397234529
176325,1010000.0,1239760.5602071509
176326,335000.0,804041.1028126087
176327,540000.0,498147.1263949955
176328,6000.0,368686.48671765625
176329,950000.0,866015.7688392978
176330,1750000.0,1345115.734502607
176331,852000.0,960410.707398992
176332,1812500.0,1380093.553962741
176333,3000.0,-25149.757676416077
176334,1350000.0,1160556.4027290046
176335,780000.0,1038535.1407006821
176336,726000.0,1233406.4352031993
176337,1475000.0,1358887.5259556836
176338,3500.0,-535.6039418429136
176339,860000.0,742909.6600530306
176340,1850.0,-198733.90155812446
176341,725000.0,939247.9883649284
176342,1160000.0,1396842.9302575653
176343,960000.0,997406.2767999852
176344,635000.0,616696.3706785701
176345,995000.0,950006.4954895945
176346,1249000.0,1390378.0544964941
176347,1080000.0,1026840.2949438766
176348,1899900.0,1201680.7227074513
176349,4200000.0,2783277.2302330285
176350,724900.0,790367.6753974305
176351,790000.0,918758.2143243738
176352,1475.0,-434854.4384366125
176353,2900.0,-145881.26510641258
176354,980000.0,914537.1644143257
176355,3800.0,-65503.98871024698
176356,1450000.0,1678097.5664342595
176357,2250000.0,1449323.790550394
176358,3950.0,237888.60578653496
176359,609900.0,528561.1632911917
176360,1150000.0,991161.0082383584
176361,880000.0,1060528.560959138
176362,2400000.0,1545405.819490051
176363,3800.0,-102259.25147625338
176364,625000.0,777557.8411829388
176365,1600.0,-137884.06313941255
176366,760000.0,756759.4620098798
176367,455000.0,485579.19289614446
176368,1695.0,-231793.83903865796
176369,765000.0,805516.1541589051
176370,2610000.0,925368.9683553269
176371,967500.0,1031152.5173153151
176372,725000.0,817516.024620452
176373,517000.0,417189.65360933635
176374,410000.0,340159.2359961048
176375,790000.0,1132650.9491943214
176376,975000.0,1388318.0342446472
176377,1110000.0,960250.5218618782
176378,4900.0,210474.23419139907
176379,1125000.0,1071471.578898266
176380,1215000.0,1152988.8127651177
176381,825000.0,916344.0116442991
176382,1130000.0,1044690.628960479
176383,690000.0,679555.0545403808
176384,850000.0,923349.0582434516
176385,1900000.0,1168684.6584680835
176386,1050000.0,999188.4451547293
176387,580000.0,713491.0124866934
176388,2910000.0,1086184.937614577
176389,5000.0,41193.01245660614
176390,695000.0,857971.289301048
176391,950000.0,921274.8084944831
176392,699000.0,730688.4408882102
176393,1129000.0,961959.2695225179
176394,1600000.0,934989.7800884396
176395,1699999.0,1337978.6058442406
176396,977500.0,1097629.6273640841
176397,3900.0,186632.95548928343
176398,1550000.0,857292.7729169475
176399,630000.0,702879.6393319312
176400,776000.0,960579.0952865276
176401,1468888.0,1128187.173975151
176402,1300.0,-443739.52798267175
176403,610000.0,940360.9365353603
176404,970000.0,940087.5236672973
176405,370000.0,410770.10347927734
176406,615000.0,793236.9828670202
176407,890000.0,969686.819380736
176408,780000.0,1098020.156459121
176409,780000.0,797508.8139434159
176410,5150.0,40413.03878447134
176411,2170000.0,1589877.9578103013
176412,800000.0,763277.6061092895
176413,970000.0,1127823.7107814709
176414,690000.0,672516.8042865805
176415,648000.0,757637.0890962016
176416,704900.0,949328.3262081593
176417,150000.0,320076.8509292705
176418,940000.0,897966.3077849764
176419,3600.0,-129470.50435816869
176420,632000.0,880705.9395356197
176421,780000.0,898328.348840639
176422,440000.0,643640.4825667879
176423,1349000.0,645487.0061617754
176424,685500.0,689486.0536374925
176425,2100000.0,1539742.0333256982
176426,785000.0,1035013.9595728163
176427,845000.0,864856.4927851548
176428,735000.0,990450.2608949356
176429,1688000.0,1282324.1504051946
176430,430000.0,545049.8130948525
176431,1629000.0,1317800.8940676143
176432,3150000.0,1014289.7505895467
176433,1800000.0,1023722.9329536464
176434,640000.0,643294.1674030302
176435,1280000.0,791750.9084535465
176436,800000.0,866607.2377754049
176437,348000.0,694355.1260451823
176438,1260888.0,1310950.8043678459
176439,5200.0,573842.7726511927
176440,1420000.0,976332.7021332625
176441,750000.0,919105.7095931442
176442,410000.0,605175.4337235168
176443,1235000.0,866261.8711593114
176444,885000.0,903561.4158797357
176445,2995.0,-78142.49010878522
176446,1825000.0,781292.9256790141
176447,810000.0,694762.3674260583
176448,1398000.0,787898.2638182715
176449,550000.0,923221.8589002592
176450,650000.0,778789.6625669701
176451,325000.0,745697.3035168098
176452,660000.0,669085.9869289696
176453,1399900.0,1205549.1691776235
176454,300000.0,335897.99132120144
176455,1160000.0,997467.3961041244
176456,1350000.0,1331914.6950527793
176457,775000.0,1005361.068502902
176458,975000.0,843379.1844143542
176459,840000.0,1075671.0430219881
176460,365000.0,623225.5148855187
176461,5300.0,156293.7173456205
176462,840000.0,981997.4336960819
176463,900000.0,1139395.096047311
176464,2330000.0,2059102.1148181893
176465,660000.0,990381.5502931848
176466,890000.0,1003946.0756037291
176467,1353000.0,1326328.785548715
176468,1200000.0,1033255.2232876047
176469,543000.0,840723.9195599966
176470,1900000.0,1126239.2157963542
176471,3400.0,-80800.21187626384
176472,450000.0,479361.63800915517
176473,2900.0,-403127.4003272131
176474,1166000.0,1216804.4355910365
176475,2195.0,-156032.9089272702
176476,864999.0,1074075.115249767
176477,1257000.0,1173377.5081348987
176478,652000.0,955233.6097039124
176479,2060000.0,954256.0542012835
176480,1350000.0,1515737.05757955
176481,1085000.0,1074025.6911296742
176482,1595000.0,1164530.271241434
176483,2200000.0,1006767.1779161636
176484,1620000.0,1076337.390294632
176485,1175000.0,1285162.4273344139
176486,5500.0,552739.6409423994
176487,4750.0,85966.81223191973
176488,2925000.0,861068.3394576227
176489,4200.0,228378.96457555704
176490,901000.0,939803.9420794342
176491,4500.0,276110.4262938807
176492,1470000.0,1605232.7653716886
176493,752000.0,903437.7196141919
176494,3370000.0,1827018.2974393386
176495,274355.0,308137.5817157952
176496,750000.0,833315.7591090528
176497,3600.0,205032.51820322312
176498,799000.0,854342.7162618265
176499,5200.0,601636.7039619405
176500,1725000.0,1578338.638154557
176501,4500.0,342802.6250069402
176502,620000.0,871679.6784669254
176503,2350000.0,1157204.3884697817
176504,1348000.0,1011523.4490963798
176505,525000.0,691659.7882420458
176506,1240000.0,1234258.6147855343
176507,535000.0,750197.2423801096
176508,1120000.0,1102659.4305864964
176509,815000.0,870294.8291333066
176510,1100000.0,1042312.3803464305
176511,950000.0,977759.6696150182
176512,685000.0,1076661.250642499
176513,920000.0,900259.8757747207
176514,1529800.0,1329505.9289609669
176515,7100.0,742191.8897289364
176516,6950.0,430466.2349258093
176517,590000.0,592842.5899976334
176518,880000.0,887580.3717615977
176519,899000.0,1030692.6111021675
176520,190000.0,493972.4940303862
176521,1750.0,-312252.9013835676
176522,8000.0,735908.2009294517
176523,1055000.0,1144377.1179650612
176524,1095000.0,999626.0589101985
176525,4950.0,391930.87202571984
176526,605000.0,603424.4058813816
176527,1275000.0,1306023.4596142545
176528,1820000.0,1183571.1941385623
176529,425000.0,621385.3922277102
176530,829900.0,1079307.2328652823
176531,1346000.0,1281276.5313166333
176532,670000.0,841530.7755491082
176533,941000.0,915723.3230806459
176534,794000.0,848302.0663003605
176535,520000.0,653866.9737945227
176536,2270000.0,1141324.1540011847
176537,980000.0,759475.8197429553
176538,6800.0,127362.59398514777
176539,545000.0,875144.6818957403
176540,775000.0,830322.288699206
176541,1905000.0,1156081.7652058583
176542,800000.0,912295.9097468238
176543,700000.0,727948.0512220534
176544,975000.0,1181347.1848471481
176545,4612350.0,1462807.491841523
176546,655000.0,1166748.2716796836
176547,1240000.0,967436.1339942776
176548,3600.0,183519.8554549776
176549,590000.0,1058522.1662971452
176550,1380000.0,1341920.8138505928
176551,385000.0,490126.1163960835
176552,600000.0,674112.2947768746
176553,3390.0,-257818.43402836192
176554,1956000.0,1579883.875175652
176555,2050000.0,1452978.3827456245
176556,4700.0,220431.25292925444
176557,960000.0,1027923.058108476
176558,540000.0,1034652.7082396075
176559,900000.0,934225.349838838
176560,1460000.0,1314802.2953430386
176561,2415000.0,866883.142577501
176562,1004000.0,952167.6092321454
176563,2900.0,-126219.51661237795
176564,1249000.0,1295371.1360467328
176565,870000.0,1152231.1273859944
176566,5500.0,-110183.43835614249
176567,645000.0,719821.3196991961
176568,3650.0,7073.784953922965
176569,2885000.0,1763459.9026905568
176570,3500.0,-89865.59868144896
176571,515000.0,670096.0002775881
176572,2590000.0,1560241.8777643964
176573,1260000.0,1137049.0569374282
176574,1750000.0,1017820.1457361877
176575,2050000.0,1410519.3924411023
176576,1050000.0,1004239.0303269951
176577,610000.0,736360.3572652033
176578,1660000.0,1028567.8169293022
176579,545000.0,724662.4034573967
176580,4950.0,472662.0681474218
176581,3800.0,-129570.41644220799
176582,1175000.0,1102997.6258395454
176583,2350.0,-232152.6426721327
176584,1081749.0,1299318.8479680736
176585,1325000.0,1102002.4907616442
176586,430000.0,346979.85147744045
176587,660000.0,738786.0365018239
176588,5200.0,389320.0567142051
176589,2900.0,-209904.64785157237
176590,1400000.0,886582.3609973537
176591,2550.0,-549163.7218348142
176592,985000.0,803706.9632289093
176593,2225000.0,984937.3542177305
176594,165000.0,618046.090559328
176595,300000.0,489889.9445153773
176596,3680000.0,1801023.8733406523
176597,1325000.0,1298801.6287597418
176598,6000.0,192748.38368953578
176599,1100.0,-17298.897657089867
176600,685000.0,712888.8393001612
176601,665000.0,808978.6474014809
176602,545800.0,603624.5343172271
176603,880000.0,804872.2440085206
176604,830000.0,1181729.5369656803
176605,4550000.0,1579475.4883887274
176606,763000.0,862431.5859253546
176607,1340000.0,1033842.1047056969
176608,4300.0,103500.09220564831
176609,801000.0,1120233.5459025623
176610,3500.0,15087.797413779423
176611,5500.0,439004.32035626285
176612,2600000.0,1172942.478493263
176613,995000.0,1142569.3078726325
176614,535000.0,554691.5550773665
176615,790000.0,1005508.6811637124
176616,605000.0,1192953.7799846083
176617,4500.0,159085.3857323015
176618,678000.0,858966.807140111
176619,990000.0,1145450.5850081285
176620,4000.0,78952.71986731142
176621,640000.0,964941.0263998704
176622,1530000.0,1925451.1350735696
176623,871000.0,966697.8003214486
176624,419500.0,565950.7373144655
176625,1600000.0,1321728.3771374896
176626,499000.0,830860.0755100399
176627,956000.0,1148975.7881889828
176628,3300.0,8574.720765228383
176629,1590000.0,1172904.8975329371
176630,785000.0,823237.4451434584
176631,795000.0,961669.5628162045
176632,1650.0,-358785.48467682954
176633,2750000.0,1337646.2309168084
176634,4350.0,427988.04525223095
176635,400000.0,855874.0110989539
176636,850000.0,821601.637406717
176637,960000.0,963358.6395754702
176638,999999.0,688006.9246846372
176639,1305000.0,1367035.4498901293
176640,1200000.0,1184907.2784396727
176641,1235000.0,1276020.640695637
176642,745000.0,825226.4092306038
176643,836000.0,724182.7235572906
176644,492000.0,854569.6503421059
176645,995000.0,1246973.323361856
176646,975000.0,1137640.9836796643
176647,900000.0,961537.5553778047
176648,339000.0,617925.4313858347
176649,1335000.0,1470534.5481256405
176650,1210000.0,1573971.319695455
176651,510000.0,601453.5818885192
176652,570000.0,718266.9393202392
176653,2050000.0,1386882.132505037
176654,891000.0,639853.633286004
176655,1825000.0,1007271.6066838056
176656,1215400.0,1334267.9342056457
176657,760000.0,1576134.4460472465
176658,507500.0,584749.9729961092
176659,1410000.0,1242475.007373902
176660,1060000.0,998206.4466339555
176661,1724440.0,1103770.793959573
176662,4500.0,298414.6360143684
176663,1100000.0,942365.5994544709
176664,2600.0,-137915.79814764205
176665,1120000.0,1089387.2344787605
176666,2269000.0,1128261.0864930246
176667,4365000.0,1638979.7186327148
176668,650000.0,744460.9938437194
176669,6775000.0,1516332.3151131105
176670,7300.0,543098.060927162
176671,970000.0,893633.678805762
176672,938000.0,973504.9412842691
176673,4700.0,202582.59744028095
176674,5500.0,331951.6638269704
176675,4500.0,185943.4246224342
176676,945000.0,1014957.817432059
176677,2660000.0,1784158.5825125836
176678,850000.0,1709316.3478826052
176679,3750.0,-318767.5026375195
176680,875000.0,964985.5942088142
176681,1200000.0,1117060.5681407284
176682,1300000.0,1555565.3642299706
176683,1218000.0,817519.650189735
176684,1360000.0,946627.8754525501
176685,2950.0,-191134.8396498002
176686,144000.0,574462.1453313567
176687,675000.0,644311.3382835668
176688,8995.0,478135.2226102352
176689,1870000.0,857204.3171350881
176690,1330000.0,1079397.615310355
176691,400000.0,1082870.095669265
176692,3500.0,515.2434871224687
176693,975000.0,1171841.1449823352
176694,1100000.0,1035883.1587488372
176695,869000.0,954306.5516004367
176696,2171500.0,2066551.1104523558
176697,890000.0,1222970.2826802945
176698,1159795.0,1027542.1395238815
176699,3613500.0,2346784.059671766
176700,685000.0,1001326.4001486748
176701,3350000.0,1648811.6177206058
176702,5800.0,224344.32697492186
176703,4900.0,432996.4554222869
176704,3310000.0,1461855.215329879
176705,1045000.0,1088817.6170547064
176706,560000.0,409994.8494625436
176707,865000.0,943088.6339129759
176708,3134000.0,1471892.864790163
176709,582000.0,518146.40830156486
176710,955500.0,1245191.9211250944
176711,4100.0,66515.57725222223
176712,740000.0,886675.2404732816
176713,1275000.0,1005483.9653806873
176714,1020000.0,1138161.2953906665
176715,750000.0,801587.2033006186
176716,745000.0,831535.811334407
176717,425000.0,525332.4994303863
176718,2800.0,-398570.4293596018
176719,630000.0,1083144.6936126677
176720,2750.0,-52557.02506821137
176721,811888.0,969855.2932903823
176722,735000.0,833905.1162231192
176723,2875000.0,1421172.148182041
176724,4675.0,339604.9549062932
176725,1825000.0,1332346.822614099
176726,1636225.0,1767531.5407932056
176727,980000.0,1270048.0734563647
176728,425000.0,471931.5612395564
176729,1075000.0,1544245.8533489006
176730,330000.0,359893.6171843717
176731,900000.0,1547693.6142993122
176732,1691000.0,949460.3306694394
176733,955000.0,816013.220615237
176734,2350000.0,1247110.3940806156
176735,5251.0,361276.2604608629
176736,2875000.0,1721947.0630274517
176737,842000.0,891537.3878243975
176738,1710000.0,1250933.2812800799
176739,1750.0,-132938.12344401982
176740,1150000.0,1359693.753093522
176741,1210000.0,1171513.4574692417
176742,2950.0,-67306.9887008043
176743,400000.0,540795.5494412417
176744,1800000.0,1018569.234617806
176745,1640000.0,1470307.5226639481
176746,625000.0,582981.701409352
176747,845000.0,1048580.9663516637
176748,3500.0,15320.047771502286
176749,3400.0,-165121.82872236427
176750,720000.0,737257.8374325158
176751,1500000.0,1130250.1456982512
176752,925000.0,976711.7023625253
176753,960000.0,1089679.002254664
176754,2725.0,-245003.60326448362
176755,1225000.0,690216.7040795162
176756,1001000.0,1189424.2020745035
176757,2225000.0,1345985.1366745606
176758,399000.0,326973.29978551343
176759,750000.0,1058162.185614395
176760,1160000.0,1108016.5713532325
176761,555000.0,868757.1846832
176762,3480.0,180398.49298880436
176763,1800000.0,994480.4507126966
176764,1980000.0,1320475.3981207386
176765,460000.0,754917.2568990318
176766,539950.0,769828.5653761644
176767,1100000.0,1145531.709517818
176768,1570000.0,1279597.8131012497
176769,2240000.0,1204774.9176445566
176770,4100000.0,2183573.6647774065
176771,927000.0,769518.002961644
176772,565000.0,963394.1387304319
176773,960000.0,734480.1923863273
176774,620000.0,642831.2886741683
176775,750000.0,845078.7194930473
176776,1600000.0,1307702.7457266664
176777,6500.0,465795.87336773425
176778,1172000.0,1115929.1239179252
176779,1530000.0,904819.4352100426
176780,940000.0,878693.2194346264
176781,2350.0,-254306.54783327598
176782,1100000.0,900455.1820155876
176783,1715000.0,939541.5926804701
176784,1950.0,-443507.6484212568
176785,13988800.0,2377948.5824891496
176786,1545000.0,1199721.0829850016
176787,650000.0,825216.9039529348
176788,777000.0,662778.5015216134
176789,2270200.0,1180974.6704809451
176790,1220000.0,1321858.2438757494
176791,5200.0,232870.733011486
176792,875000.0,952480.5928473165
176793,931000.0,1021964.1881868793
176794,1900.0,-186846.6339800125
176795,600000.0,895529.5850984873
176796,1670000.0,1203057.3490412412
176797,2050000.0,1377562.5830291025
176798,590000.0,857149.036260712
176799,1280000.0,1087979.1016050046
176800,3700000.0,1627641.9346650634
176801,572000.0,596689.2856137156
176802,785000.0,882588.7522010496
176803,2613500.0,1307656.5783809163
176804,2280000.0,1357059.596086463
176805,1225000.0,1120280.8973451024
176806,1360000.0,1042701.3492520619
176807,3200.0,9173.136258575134
176808,780000.0,692775.406964913
176809,460000.0,441752.0779205933
176810,1650000.0,1118412.5673622089
176811,490000.0,739501.9502960946
176812,2096666.0,1343769.6831492204
176813,25440.0,1850011.5855481494
176814,875000.0,878355.2553574713
176815,975000.0,1058066.1740598306
176816,1425000.0,1156857.05155194
176817,199000.0,374286.6312826788
176818,6900.0,402783.1378747467
176819,535000.0,1111373.9745350275
176820,2222500.0,927374.9754858501
176821,522000.0,757246.8868773766
176822,525000.0,987697.1132095624
176823,630000.0,749305.2809820678
176824,1210000.0,916868.5346724354
176825,740000.0,914447.8990680547
176826,925000.0,915896.8257869082
176827,850000.0,787534.1244996311
176828,1430000.0,1312995.1595796729
176829,825000.0,782215.998102528
176830,1080000.0,880056.3187227612
176831,740000.0,868691.520119682
176832,2800.0,-295468.02013004385
176833,2950.0,-134635.29720735643
176834,1430000.0,1282937.1345174694
176835,1229516.0,1110841.6272459757
176836,770000.0,1323577.0271011554
176837,5250.0,557681.868684479
176838,10500.0,675078.0622403668
176839,580000.0,827884.3559363782
176840,4200.0,247993.8482921524
176841,1088000.0,840415.2452193843
176842,3000.0,46495.85027815122
176843,725000.0,758690.9999004835
176844,1340000.0,1407789.5943687847
176845,3600.0,-11708.185257477686
176846,17500.0,1198529.0776488967
176847,875000.0,1074245.664159405
176848,1210000.0,1513534.321342011
176849,1500.0,-397975.1400775574
176850,2020000.0,1299073.8570152791
176851,1850000.0,1315324.8828604752
176852,1288000.0,928871.9078684021
176853,1165000.0,1111804.0807585632
176854,8000.0,904661.9385035224
176855,625000.0,626411.5155993141
176856,1325000.0,1038747.518913446
176857,1400000.0,1227111.5259192102
176858,2700.0,-44352.95197239611
176859,800000.0,939001.3552097622
176860,6000.0,535625.3975931164
176861,615000.0,642660.9844457153
176862,2100000.0,1002469.302025592
176863,2800.0,-233737.83122109622
176864,1339000.0,1007233.5504327193
176865,600000.0,713775.0617423421
176866,560000.0,546748.0856498396
176867,1850000.0,1288343.137649607
176868,683000.0,1040348.4917323319
176869,988000.0,979487.2271433575
176870,750000.0,1008246.102120013
176871,415000.0,648538.2238132227
176872,4495.0,8844.591974161565
176873,4500.0,244077.2720209416
176874,1040000.0,963872.4602437671
176875,640000.0,595046.277707139
176876,490000.0,873846.1733519323
176877,309000.0,497308.9021440027
176878,750000.0,900859.0850192588
176879,2250000.0,1897372.8204334704
176880,3500.0,87968.64138744399
176881,750000.0,771733.4953381428
176882,1150000.0,1307765.7847079225
176883,3500000.0,994626.3355535762
176884,880000.0,981417.5642808387
176885,353000.0,665603.3504048865
176886,410000.0,982420.2152973516
176887,2700000.0,1699788.059492873
176888,455000.0,364329.87119353656
176889,725000.0,1041723.6742812134
176890,3945.0,-421462.24967025314
176891,905000.0,990577.3746491829
176892,575000.0,742809.7545218039
176893,1715000.0,1264814.2309118798
176894,1200000.0,1445821.9233489782
176895,985000.0,846877.6799527844
176896,1300000.0,1256983.567818611
176897,906000.0,1021292.5985500747
176898,1195.0,177189.15389878117
176899,876000.0,945302.9523582906
176900,728000.0,749858.915101951
176901,675000.0,609248.6837469582
176902,4200.0,377834.04761379026
176903,640000.0,1148590.434247858
176904,310000.0,501617.99549654685
176905,3395.0,22534.89112093672
176906,1900000.0,914382.0036272882
176907,425000.0,522088.2132307943
176908,2120000.0,1105100.1294920677
176909,2000000.0,1678706.7110544601
176910,1100000.0,881451.6119005196
176911,1650000.0,973140.1335102357
176912,750000.0,789654.3093724037
176913,675000.0,652572.6227576109
176914,1265000.0,855261.8177307891
176915,570000.0,530999.5281183152
176916,1545000.0,1344196.684014204
176917,6400.0,333933.3559013
176918,1660000.0,1212649.9223272596
176919,938000.0,341894.6857125545
176920,243000.0,472500.0231273491
176921,750000.0,631101.0599486092
176922,575000.0,784579.6424918883
176923,1405000.0,1077193.0215607863
176924,1018000.0,1168316.2742051343
176925,795000.0,1022164.5501840496
176926,1800000.0,1473816.8620646838
176927,1220000.0,1467366.8082901165
176928,3400.0,16994.04198094178
176929,1500.0,-606994.9964735648
176930,925000.0,935904.1383622233
176931,399000.0,685779.9118760088
176932,3300.0,-43396.08511675056
176933,830000.0,1033863.9367529582
176934,1920000.0,999583.2794913258
176935,5610.0,-148950.71045150794
176936,541500.0,983130.0496987775
176937,800000.0,911959.0484104678
176938,5385000.0,915150.6206038874
176939,1335000.0,984894.7380839018
176940,540000.0,704157.1600089446
176941,799000.0,931752.7150820354
176942,550000.0,645556.5061131995
176943,2849000.0,1494540.8108911803
176944,1510000.0,1342307.1535744937
176945,660000.0,1140786.923051958
176946,930000.0,1062067.2353028748
176947,3300000.0,2075924.552185201
176948,2500.0,-287068.3354353681
176949,6000.0,707718.3653994873
176950,1090000.0,1197494.3421904761
176951,4750.0,92526.63671246637
176952,2400000.0,1029313.6056091087
176953,800000.0,791410.0067742448
176954,3675000.0,1457572.8614173438
176955,1615000.0,953495.8068536445
176956,1630000.0,1650270.0855607316
176957,840000.0,735023.739812525
176958,765000.0,819688.1135288887
176959,875000.0,1000753.1733483449
176960,925000.0,898405.1133730896
176961,529000.0,1053848.1678414913
176962,930000.0,738879.0594940102
176963,640000.0,685488.9814382736
176964,1750000.0,1462525.3181699365
176965,1025000.0,1298092.3557634326
176966,725000.0,733898.1584963053
176967,375000.0,859357.3690322954
176968,2390.0,-394894.85939615965
176969,1400000.0,1165070.3766530156
176970,1330000.0,1021056.2199495202
176971,1000000.0,788394.8463182608
176972,5150.0,445620.12898712046
176973,1000000.0,1086050.3469425486
176974,2995.0,-108498.5630141003
176975,860000.0,882015.1815778073
176976,135000.0,661381.7622063402
176977,675000.0,1435339.7004236914
176978,4500.0,338255.87395530473
176979,1295000.0,944916.917873159
176980,3300000.0,1426593.7614381956
176981,2150000.0,1754621.415619811
176982,1525000.0,816723.5035934299
176983,543000.0,544508.7629623124
176984,9000.0,227373.8264939189
176985,5400.0,169919.26941913553
176986,1550000.0,1781582.310464047
176987,2000.0,-388144.0162724722
176988,3995.0,236587.08486858383
176989,625000.0,756037.3862120844
176990,460000.0,693477.9524319526
176991,1702000.0,1173905.1246910114
176992,2995000.0,1625745.6562973773
176993,866000.0,813395.9922821606
176994,750000.0,758233.4345210763
176995,1150000.0,1508970.4930180823
176996,439000.0,556539.8858178407
176997,1560000.0,1132466.2316267835
176998,1250000.0,1153625.3336536177
176999,1458888.0,996691.1556449644
177000,708000.0,736078.4805073878
177001,1000000.0,1055345.5413027508
177002,3500000.0,1005288.5545546114
177003,1750000.0,1385185.3565694978
177004,2395.0,-329539.3888094006
177005,3800.0,64079.02755133808
177006,2675000.0,1579511.0131485108
177007,1600000.0,941314.6788944984
177008,2250000.0,1235281.975896676
177009,790000.0,886242.2081847396
177010,635000.0,839625.5166637935
177011,1450000.0,1240104.5382140148
177012,1995.0,-182622.92283695377
177013,6959.0,495630.67612607405
177014,725000.0,783158.1038711229
177015,11000.0,621070.5878818939
177016,1850.0,-269005.57891530823
177017,2650.0,-172174.3245161008
177018,3053500.0,1499203.5723915687
177019,2725.0,-251.8623777385801
177020,1200000.0,1133943.0279781288
177021,900000.0,712859.2914764266
177022,1800.0,-397895.4684174489
177023,1088000.0,905912.0569375213
177024,800000.0,916474.57793405
177025,1825000.0,954279.9373742891
177026,1800000.0,1313723.2161531644
177027,1650000.0,868810.6522757532
177028,1000000.0,914691.3453235794
177029,620000.0,815355.729718375
177030,770000.0,1003961.6386598172
177031,1483988.0,984487.0645172801
177032,355000.0,793093.1746440111
177033,420000.0,677736.8519715825
177034,3600000.0,1077632.6001261221
177035,987000.0,686891.9919801811
177036,7750000.0,1757242.1121473275
177037,1650000.0,1112749.8967115348
177038,1375000.0,1309340.6830435004
177039,3750.0,-164410.63427354582
177040,600000.0,644122.8276294246
177041,2880000.0,1458044.8852100307
177042,760000.0,683307.0061863372
177043,390000.0,455395.6043082671
177044,830000.0,827830.3047787268
177045,8000.0,1205484.7251933822
177046,8250.0,1059341.480508062
177047,565000.0,628697.9957297537
177048,940000.0,918037.0013707569
177049,830000.0,911985.6676413193
177050,491000.0,666159.3790671164
177051,4800.0,344766.3717627432
177052,1935000.0,1296646.3801974868
177053,775000.0,854585.8520193994
177054,1985000.0,1472481.5633771122
177055,1460000.0,1136435.5048463624
177056,1835000.0,1336400.6256850185
177057,475000.0,789097.4855922358
177058,944926.0,1059503.9820915544
177059,1040000.0,1105612.9780546958
177060,1630000.0,1368645.8899430353
177061,453000.0,710729.4988469323
177062,995000.0,948340.8445811523
177063,2237500.0,935768.1574373478
177064,630000.0,595133.3793011531
177065,470000.0,899196.665048046
177066,340000.0,680890.4439437324
177067,446000.0,554707.4762836173
177068,995000.0,949210.4716338115
177069,855000.0,1081860.4573637228
177070,1130000.0,839855.7652923195
177071,950000.0,927177.377664756
177072,585000.0,851746.4391642455
177073,499999.0,1129364.1920288242
177074,5050.0,207177.27775859088
177075,1100000.0,970058.5901219575
177076,650000.0,1211874.5805196902
177077,728000.0,813432.7908521015
177078,833300.0,810154.5543070761
177079,549990.0,512199.5847075088
177080,860000.0,783229.3600161746
177081,4300.0,275666.9432784226
177082,565000.0,808944.6576952217
177083,1190000.0,1050833.2102448456
177084,730000.0,990977.6395714777
177085,300000.0,533651.6820188565
177086,2350000.0,1126619.1014837055
177087,235000.0,422340.0902619427
177088,1105000.0,1193417.7587465886
177089,1310000.0,1145045.4037815174
177090,515000.0,614469.9737240188
177091,5650.0,491086.33725974336
177092,3950.0,95974.87616284098
177093,3950.0,89963.78289725818
177094,1288888.0,1465067.4359634072
177095,560000.0,664231.5146164577
177096,535000.0,758184.5618403507
177097,2295.0,-215806.2995030498
177098,1200000.0,1088232.1587961959
177099,700000.0,809446.8130999515
177100,1000000.0,1026849.4301145114
177101,660000.0,640244.4726122431
177102,1470000.0,1230641.3665248323
177103,820000.0,816321.9642323945
177104,2567890.0,1755805.517912387
177105,950000.0,793593.5347220339
177106,801000.0,761909.4896100983
177107,545000.0,684516.1227309825
177108,1590000.0,1357796.649083157
177109,585000.0,811698.8419399709
177110,610000.0,782670.9745672317
177111,545000.0,574798.5257982053
177112,3750.0,9432.628533652984
177113,3800.0,161675.3106405735
177114,2000.0,-187605.2821418941
177115,1059888.0,726015.3779597236
177116,2935000.0,1784050.2860132605
177117,899000.0,759950.3707477963
177118,2000000.0,1399123.8816683209
177119,975000.0,875815.2810020559
177120,4095.0,49288.100717987865
177121,600000.0,719431.8363318285
177122,860000.0,1130913.873457687
177123,1895.0,-348588.45987644605
177124,4500.0,125511.33812518883
177125,490000.0,659327.2310020402
177126,730000.0,1342257.2146448614
177127,2510000.0,907399.0230627302
177128,3500.0,-164317.30932460073
177129,645000.0,737140.9671976063
177130,1995.0,-326857.6806642758
177131,641000.0,537467.2232536962
177132,2217777.0,1150876.3545140056
177133,5200.0,728013.0199353574
177134,1525000.0,1660984.687359362
177135,650000.0,854526.5817339784
177136,780000.0,925396.8279285487
177137,990000.0,1135619.2362249075
177138,4200.0,270708.6929435367
177139,195000.0,522850.6215106221
177140,849000.0,914823.7250503749
177141,940000.0,939369.5530116651
177142,3500.0,78045.28662057221
177143,3695.0,-4522.082616801374
177144,25000.0,1323248.9590965528
177145,975000.0,1026377.7007836197
177146,398000.0,481761.8178211916
177147,565000.0,629628.0885840766
177148,1799000.0,1349780.5498889694
177149,1010000.0,931801.1084784586
177150,1930000.0,1414548.9535374613
177151,1521000.0,1304234.6993288249
177152,850000.0,913850.327487411
177153,1150000.0,1209683.3947932217
177154,1235000.0,1259799.89865633
177155,1607015.0,1191211.8259356627
177156,900000.0,832572.3084476227
177157,1160000.0,965489.5494463779
177158,575000.0,818397.0027753236
177159,3500.0,95072.24085706007
177160,1000000.0,1277077.159689854
177161,4650.0,65760.49809336755
177162,762500.0,997819.3714893637
177163,3900.0,158035.01787935942
177164,850000.0,1221002.0933235465
177165,1085000.0,1282519.8829615545
177166,6500.0,173035.5464886129
177167,750000.0,928323.7522133989
177168,770000.0,882286.2527669854
177169,2750.0,97099.63494778518
177170,945000.0,836891.6498941202
177171,2700000.0,1323064.921752749
177172,2550.0,-196061.209424017
177173,688888.0,754204.3690031674
177174,455000.0,886777.6645937264
177175,405000.0,590946.3475873917
177176,645000.0,728827.4625132568
177177,685000.0,833354.3830318497
177178,1435000.0,1203495.776373785
177179,665000.0,766523.1496911617
177180,1150.0,-396660.1082007205
177181,760000.0,928710.5785859525
177182,380000.0,580893.498217877
177183,975000.0,1226668.271030645
177184,1625000.0,1116343.4338899786
177185,4995.0,330420.6949934233
177186,1310000.0,1092268.2688558977
177187,2750000.0,1741602.52836518
177188,9500.0,1376789.2556909118
177189,1043000.0,1268372.5412140712
177190,1412000.0,1610226.1014542775
177191,920000.0,994899.4726336179
177192,1250000.0,1405259.3109653816
177193,2215000.0,1791371.9944713237
177194,3700.0,-60416.84204407036
177195,3895.0,-21822.02491983492
177196,2150000.0,1274393.818014199
177197,5000.0,95901.1564411018
177198,2595000.0,1370112.7257795632
177199,2495.0,32716.88927698694
177200,375000.0,611328.436554824
177201,2300000.0,1195837.85657195
177202,485000.0,710494.243122167
177203,1455000.0,1180969.3385360166
177204,880000.0,1114719.197682228
177205,1050000.0,1023160.4200020703
177206,750000.0,1080263.3770487532
177207,595000.0,1055670.7240151921
177208,510000.0,1082948.0375121245
177209,2755000.0,1083303.4372933023
177210,1400000.0,1381758.1686357344
177211,1000000.0,948121.1258174451
177212,4150.0,164345.61890207417
177213,2495.0,-2018.3189157862216
177214,1968000.0,1492906.7617481062
177215,3925000.0,1835014.718899196
177216,755000.0,466525.6552150734
177217,900000.0,950068.7462698668
177218,303000.0,430625.8306994643
177219,280000.0,748172.7244260879
177220,1600000.0,920949.8262843704
177221,615000.0,751580.7562548425
177222,850000.0,898231.6330070272
177223,799000.0,764160.8964904491
177224,820000.0,896958.1380096497
177225,4675000.0,1909123.542308472
177226,1405000.0,767883.2047639396
177227,3000.0,-390295.8451554654
177228,899950.0,1196642.0019316664
177229,3700.0,106935.67499518767
177230,2450.0,-133250.766270509
177231,1415000.0,1085322.4486254528
177232,425000.0,508996.6155577181
177233,275000.0,566907.723770746
177234,1050000.0,1021356.5831256602
177235,1650000.0,1533988.402040163
177236,1200000.0,976819.3277686862
177237,3250.0,-395082.94138358906
177238,825000.0,987692.294170415
177239,1810000.0,1081484.393476787
177240,580000.0,799909.8312989855
177241,2500.0,-306647.7490623351
177242,965000.0,960410.0537071377
177243,599000.0,687049.0458133994
177244,770000.0,947331.7488417011
177245,620000.0,725028.073632068
177246,888000.0,1238265.900712368
177247,3800.0,217139.07427635882
177248,890000.0,924231.2413517758
177249,4900.0,176444.4754083585
177250,3375000.0,1949863.6974482713
177251,859000.0,1094433.7745465087
177252,562143.0,718586.8913726341
177253,982000.0,984445.6240999559
177254,535000.0,573766.665173362
177255,7900.0,607638.6053123921
177256,1400000.0,1129436.522465027
177257,300000.0,683261.2426186819
177258,715000.0,757232.8124793638
177259,4995.0,447022.8285605302
177260,109000.0,119986.09183456004
177261,1530000.0,1103217.3518286534
177262,600000.0,917008.519387356
177263,21000.0,1471437.622648377
177264,3250000.0,1567405.0309188245
177265,20000.0,425185.0617786553
177266,550000.0,758899.102022564
177267,2800000.0,2002105.8662468418
177268,560000.0,897088.5166244619
177269,1455000.0,1417035.3309186744
177270,1225000.0,1061660.1216611778
177271,3200.0,7569.5225376766175
177272,355000.0,435659.1882103449
177273,1300000.0,1061189.0607817573
177274,2050000.0,1098168.106095272
177275,414900.0,712710.7790685566
177276,1130000.0,1213059.2158070812
177277,430000.0,626077.5699507371
177278,12790.0,1347868.473179577
177279,830000.0,1010510.8201999962
177280,702000.0,816975.9210004928
177281,645000.0,742452.0426301574
177282,930000.0,1334652.0545829423
177283,1340000.0,842350.8769960506
177284,1280000.0,1136301.4747748142
177285,900000.0,1093615.456106251
177286,1425000.0,1046339.0010353755
177287,395000.0,680602.2509155301
177288,2800.0,-268969.1920134146
177289,380000.0,1025404.7811515713
177290,655000.0,1176708.6770291831
177291,1342000.0,655229.2366906507
177292,1100.0,-364488.8677339079
177293,3200.0,113730.41912521608
177294,950000.0,922768.9345968384
177295,610000.0,704865.2481211117
177296,4000.0,52310.20005530771
177297,3625.0,24767.940530028194
177298,3995.0,26039.309348197654
177299,3000.0,138119.51564853545
177300,550000.0,704922.5591293816
177301,1030000.0,874980.5591965951
177302,410000.0,487680.31165409274
177303,2950.0,-201757.97591339145
177304,875000.0,897803.5243657604
177305,430000.0,667521.2866317006
177306,439000.0,696219.1353867566
177307,2500.0,8452.80361678917
177308,715000.0,1071400.927867012
177309,1300000.0,750893.7792563662
177310,821690.0,724329.0859636273
177311,1670000.0,1442118.216994496
177312,9600108.0,2705854.552774847
177313,4100.0,72833.43036015239
177314,1257000.0,1171680.0956810964
177315,1100000.0,1104404.400018665
177316,5000.0,505358.81381058786
177317,903500.0,949221.2583342595
177318,2350.0,-196751.416143002
177319,1950000.0,1229279.7625663802
177320,4000.0,-93135.39590208512
177321,750000.0,658071.2977340771
177322,2900.0,-206612.2608355265
177323,2600.0,520690.8318009274
177324,963000.0,1043977.3043768508
177325,3400.0,-42866.91309394222
177326,1330000.0,1372994.4593656873
177327,2695.0,44266.51861826796
177328,4990.0,318472.6537753865
177329,665000.0,832162.7053099889
177330,760000.0,924710.2657249849
177331,2950.0,-36433.045670922846
177332,1000000.0,1089856.0821223166
177333,3950.0,-222708.30936442222
177334,4700.0,183423.4696837319
177335,625000.0,796227.5096214004
177336,580000.0,767258.5634620069
177337,850000.0,856269.1256690798
177338,960000.0,1057812.5205255393
177339,345000.0,503548.59349466674
177340,6000.0,941905.2732129628
177341,1678000.0,1011875.501761755
177342,1025000.0,1167625.960469651
177343,3000.0,-206688.2751395451
177344,740000.0,699982.3045029109
177345,435000.0,631430.3987256121
177346,520000.0,774390.3298474811
177347,1350000.0,917182.2073673634
177348,1110000.0,1086771.801058705
177349,2995.0,-232406.4100289708
177350,599999.0,607829.6827338338
177351,510000.0,997260.4979893006
177352,5000.0,-56976.815828549676
177353,940000.0,1102930.5186692383
177354,1150000.0,1224136.2484616116
177355,1775000.0,1310518.7547050696
177356,459000.0,727223.5145564266
177357,830000.0,1063506.2164047053
177358,845000.0,907336.6490493454
177359,335000.0,543477.3659148831
177360,3000.0,-128402.2812516233
177361,1260000.0,969844.4404523876
177362,2900.0,57424.15556299966
177363,770000.0,743332.3371361485
177364,2500.0,-244601.05107661244
177365,190000.0,604434.4595334595
177366,789320.0,1060110.704513736
177367,7600.0,591188.30256732
177368,1030000.0,1354707.5821903795
177369,4350.0,66853.4467105437
177370,3980.0,13678.819833392277
177371,1075000.0,1027699.925650388
177372,1025000.0,968507.9745294536
177373,2750.0,-285040.46623718925
177374,555000.0,921190.1771491468
177375,1468000.0,753260.9390860023
177376,908000.0,1270424.1387400478
177377,1400000.0,1152230.1678559901
177378,4250.0,125177.32978158724
177379,935000.0,1198021.6151027456
177380,2900000.0,1756685.5131377336
177381,15500.0,1370646.586310341
177382,905775.0,995669.6432529893
177383,4000.0,200581.37216559704
177384,915000.0,1106157.311813659
177385,4500.0,122185.52743050922
177386,1025000.0,1247697.7355784029
177387,1552500.0,1662727.8628786104
177388,4950.0,388389.32328175846
177389,5995.0,597433.4202648187
177390,525000.0,807456.3780927928
177391,625000.0,710749.1581740947
177392,4500.0,191220.3020124985
177393,660000.0,917478.7356940396
177394,895000.0,837697.2099739546
177395,700000.0,922316.8460186226
177396,675000.0,619370.3725437457
177397,397500.0,387686.04117026273
177398,1290000.0,928502.0021618344
177399,440000.0,497246.3536638031
177400,1210000.0,696536.4565514224
177401,1650.0,-689349.2165696034
177402,250000.0,491405.4735562969
177403,1185000.0,874070.969229864
177404,1448000.0,1278290.3221057039
177405,775000.0,1043849.8538048333
177406,3000000.0,1779108.4627392432
177407,560000.0,550647.0484441826
177408,570000.0,567042.2976212129
177409,450000.0,497199.266167813
177410,859000.0,1049876.574075397
177411,725000.0,816097.0336967837
177412,1005000.0,1512721.7956738574
177413,850000.0,767617.5435135346
177414,2302473.0,1192356.6420657448
177415,880000.0,1241174.7506161071
177416,760000.0,764501.0612561377
177417,750000.0,825851.8105248446
177418,895000.0,1110440.594237377
177419,3500.0,26473.275305423886
177420,282000.0,706854.6061547948
177421,295000.0,521997.27418519557
177422,335000.0,514379.8156995084
177423,1431880.0,1330886.4858999886
177424,650000.0,1161125.2146316785
177425,959000.0,1124545.4895791616
177426,730000.0,960652.8805627795
177427,759000.0,791110.8615782671
177428,3450000.0,1123750.9494058182
177429,426000.0,780340.8820693521
177430,665000.0,774718.8172076978
177431,2500000.0,1596929.0234991983
177432,2900.0,-125930.85585027002
177433,900000.0,768904.7815943547
177434,1120000.0,1380079.1133856885
177435,650000.0,1052180.5354385944
177436,910000.0,928592.7367461277
177437,2495.0,-348734.0049869241
177438,900000.0,791596.8084920775
177439,635000.0,1134360.841697514
177440,1300000.0,1319100.832241835
177441,1189000.0,1115438.8726270068
177442,3200.0,-125588.69799789507
177443,935000.0,1134553.776433711
177444,1773000.0,1537138.7889578799
177445,805000.0,839172.6272623949
177446,454500.0,589301.587776537
177447,2250500.0,2593916.4998851353
177448,11000.0,1388167.229538572
177449,2800.0,169889.63797862642
177450,505000.0,901276.2423856808
177451,525000.0,806731.3369808355
177452,450000.0,792020.5967748659
177453,1020000.0,902249.8226534724
177454,1190000.0,991914.5597514994
177455,750344.0,708973.5447433377
177456,565000.0,518091.4470173754
177457,620000.0,910115.6550723184
177458,1400000.0,997886.2208570288
177459,455000.0,730613.9811669895
177460,1355000.0,960555.1440634802
177461,1149000.0,958676.4237174354
177462,1800000.0,1376663.817556031
177463,710000.0,732386.8120372919
177464,700000.0,714415.6900596581
177465,610000.0,833197.344911512
177466,2970469.0,1284100.8004468214
177467,845000.0,1027450.7932978105
177468,3100.0,-346347.5617505992
177469,2150.0,-301986.86444248445
177470,2050.0,-258575.49187802337
177471,1650.0,-323916.09699342493
177472,775000.0,816797.5698700286
177473,3100.0,-53995.626682092436
177474,295000.0,678420.3555479944
177475,9800.0,542929.3530491479
177476,650000.0,1107169.4481712142
177477,2600.0,-227126.19796606433
177478,1225000.0,1445150.0563388104
177479,815000.0,933562.6213851469
177480,640000.0,757296.0082447464
177481,2875.0,-360606.6384169832
177482,844000.0,1061776.5606267918
177483,1800.0,-453935.53899783734
177484,1322500.0,1176785.548425478
177485,1025000.0,1046201.8413734743
177486,5800.0,2202.1397100742906
177487,695000.0,991978.6310581639
177488,375000.0,558450.3010240849
177489,965000.0,1182301.3815999888
177490,15500.0,1562606.1736817462
177491,1100000.0,1243652.8090432156
177492,2405000.0,2163781.393090754
177493,490000.0,422143.7099233717
177494,329000.0,645065.1707020318
177495,2095.0,-16217.170144229196
177496,990000.0,1051002.1727813184
177497,1100000.0,1102292.3334695492
177498,1617468.0,1536603.5123777566
177499,805000.0,886900.6277413759
177500,712000.0,735721.4036185266
177501,600000.0,852737.1154630557
177502,1000000.0,1007912.3085487587
177503,576000.0,825797.5880017839
177504,2700000.0,1521008.1964929104
177505,705000.0,826654.1076390827
177506,1675000.0,1265086.541842091
177507,400000.0,492277.8287711162
177508,5500.0,520370.47767930385
177509,587000.0,918321.526484062
177510,3400.0,96260.84120399877
177511,2400.0,-110959.77310492564
177512,550000.0,674705.7924054023
177513,629900.0,785671.9793883301
177514,5900.0,581460.2191955158
177515,525000.0,614556.911617809
177516,2965000.0,1705337.0560350306
177517,875000.0,658374.1399721121
177518,3150000.0,1464598.5876327865
177519,530000.0,831549.8917370168
177520,950000.0,946064.3191624442
177521,4795.0,61130.33357558772
177522,576500.0,819601.307539694
177523,858000.0,979645.1424191492
177524,3750.0,39249.05622073542
177525,1029000.0,1031101.9931370784
177526,453000.0,839590.9143482279
177527,1137000.0,949530.6704661371
177528,550000.0,819711.3220406119
177529,731000.0,766424.6349734822
177530,1840000.0,1550345.5770198712
177531,850000.0,817926.3549337396
177532,1100000.0,836676.9712056853
177533,660000.0,841076.0862780977
177534,1445000.0,1077276.9966788385
177535,565000.0,764182.5440809708
177536,200000.0,524813.9010189315
177537,840000.0,979089.5403086608
177538,337000.0,583832.3449679632
177539,490000.0,677249.062226248
177540,685000.0,767289.5535767907
177541,4500.0,109527.06947247311
177542,250000.0,879278.0051294388
177543,872000.0,900263.3397768848
177544,638000.0,984995.9772615852
177545,595500.0,701744.7256731605
177546,791000.0,570175.1622807216
177547,3500.0,234359.65433245152
177548,4200.0,94276.88532089628
177549,672500.0,717461.0157326143
177550,4100.0,-115126.2200222686
177551,485000.0,732804.031977199
177552,670000.0,748578.5490682116
177553,340000.0,712809.074804266
177554,1795.0,-334515.4180087317
177555,1250000.0,1072565.6707158405
177556,1850000.0,1107172.3757617008
177557,1050000.0,1077482.9478965625
177558,530000.0,595650.949582776
177559,1150000.0,918196.8132445225
177560,1250000.0,1229901.606068383
177561,1720000.0,1416127.0023676362
177562,600000.0,652137.7307125377
177563,640000.0,856532.1417110022
177564,2100.0,-417308.7749607777
177565,1200.0,-48609.99101999216
177566,9500.0,990632.6894393796
177567,1395000.0,1314614.0937691536
177568,350000.0,687707.853723946
177569,686000.0,546709.0255868221
177570,405000.0,509435.4159775181
177571,810000.0,872384.8018855238
177572,770000.0,855082.2073561298
177573,3500.0,8856.531712729484
177574,1950.0,-147728.08180561103
177575,635000.0,1095796.6467023185
177576,1700000.0,1236855.7531018294
177577,655000.0,826892.8861213671
177578,1678000.0,1010483.0611682227
177579,632000.0,475643.2441518856
177580,82000.0,311170.8448467273
177581,675000.0,887138.6544233495
177582,1922000.0,1370227.681196453
177583,1375000.0,1609672.440392971
177584,1400000.0,1271600.6185390698
177585,1088000.0,973292.879636555
177586,1530000.0,1138028.085574802
177587,2330001.0,1662399.5919574145
177588,1015000.0,1228308.2238647537
177589,539900.0,623668.2237286018
177590,640000.0,908032.6242640866
177591,520000.0,678373.1622908581
177592,915000.0,1197491.0986823943
177593,802000.0,990464.2579512084
177594,1200000.0,994850.4998264723
177595,575000.0,607784.1367981592
177596,1319000.0,1089281.0924086235
177597,1400000.0,944113.1894417154
177598,385000.0,686393.2928805575
177599,940000.0,1174752.7209211178
177600,547327.0,711393.7477584351
177601,680000.0,911377.8288967982
177602,1775000.0,1173990.6168909185
177603,2650000.0,1447544.9322947115
177604,1025000.0,1170657.2519563837
177605,1065000.0,852242.7193643181
177606,781000.0,982060.978696607
177607,955000.0,966264.5626114886
177608,1567675.0,1224977.070130854
177609,412000.0,695976.4382973546
177610,260000.0,611996.8328683581
177611,585000.0,607822.3952747947
177612,380000.0,567467.2874216288
177613,1075000.0,1562007.884696438
177614,1000000.0,713949.1375490958
177615,680000.0,749996.4726448907
177616,1536000.0,1191303.7309355298
177617,345000.0,527491.198771162
177618,715000.0,994880.833840929
177619,422000.0,755593.7650937075
177620,3650.0,-108152.740913013
177621,1854000.0,1561247.267912657
177622,695000.0,785410.5536641339
177623,1140000.0,1313466.9367453195
177624,1326000.0,1504657.9545806898
177625,1370000.0,982443.0110792993
177626,1135000.0,1166656.144070007
177627,675000.0,875433.1002149582
177628,2200000.0,1126446.114545186
177629,2325000.0,786718.0432941271
177630,1912783.0,1374053.5199533831
177631,1218000.0,1490738.6413615802
177632,2600000.0,949754.7707679896
177633,1085000.0,1218002.8355783485
177634,9450.0,442618.1575418357
177635,765000.0,928129.1554074157
177636,6000.0,436707.42305736523
177637,472000.0,862750.4666120345
177638,774650.0,821319.698957515
177639,690000.0,801751.8798386101
177640,2480000.0,1423865.6188080786
177641,1450000.0,1295233.8274876764
177642,1125000.0,1540390.5470565064
177643,1260000.0,1301626.3043353632
177644,2995.0,-173730.01502206735
177645,465000.0,706814.6149518061
177646,2100000.0,1353960.8877923768
177647,1120000.0,1131985.7728465265
177648,2300000.0,1884244.2710104715
177649,3100000.0,1845747.6139022214
177650,360000.0,484262.009925683
177651,559000.0,684125.1131315902
177652,1790000.0,1314874.5363428276
177653,800000.0,849517.7322104732
177654,1085000.0,987409.0261584995
177655,1755000.0,1282242.1833227994
177656,900000.0,979820.8854442136
177657,610000.0,633238.6515593706
177658,4500.0,125238.39362434577
177659,484000.0,805811.6466790661
177660,769000.0,904479.6348700197
177661,1119990.0,1800654.9916365165
177662,575000.0,778361.8649639962
177663,690000.0,1055802.0691409912
177664,810000.0,1113400.0423468063
177665,502500.0,579147.1800516229
177666,1800000.0,1262536.462456001
177667,820000.0,1036483.0902452832
177668,818000.0,897884.0728144534
177669,595000.0,901916.8103094911
177670,1595000.0,1611295.9441989176
177671,1601000.0,1165111.9594402565
177672,2500000.0,1781068.8902719747
177673,2825000.0,1507518.8898788495
177674,750000.0,911946.2468850454
177675,960000.0,1282228.7462381264
177676,3600.0,-160560.65447693132
177677,1200000.0,1360280.7125825295
177678,835000.0,920423.2725505298
177679,748000.0,910713.7050075121
177680,885000.0,901610.4388245353
177681,305000.0,482789.4709179783
177682,4500.0,874.6630761949345
177683,710000.0,929725.5558099551
177684,1504000.0,1294711.9315471658
177685,459900.0,666505.7427455261
177686,690000.0,996229.1325156577
177687,6400000.0,2534635.9712506505
177688,1250000.0,854784.4538921304
177689,950000.0,641941.1633559251
177690,850000.0,756698.0974281514
177691,460000.0,959764.6523445155
177692,2450000.0,1885898.0390707487
177693,590000.0,579284.3667291636
177694,652500.0,790155.5131468084
177695,985000.0,1118960.8399736034
177696,1140000.0,941947.337933965
177697,1665000.0,1371769.4022020092
177698,760000.0,802711.5325572575
177699,390000.0,468148.51019111834
177700,880000.0,703722.4134206036
177701,790000.0,1206090.688545568
177702,9800.0,503689.91362561285
177703,378500.0,305550.1405749349
177704,535000.0,696967.2669903403
177705,1775000.0,831781.7210291643
177706,743000.0,905912.5538105955
177707,788000.0,794037.107681049
177708,4850.0,364347.3327368237
177709,4500.0,105413.48822388798
177710,4850.0,689471.0142007582
177711,3800.0,-14604.646751950495
177712,1005000.0,1094562.681567097
177713,1079000.0,1194085.6952295862
177714,480000.0,831348.6924130004
177715,1825800.0,1653670.332303864
177716,433000.0,437504.51717864256
177717,488600.0,479238.72829741146
177718,1000000.0,992506.8095892044
177719,920000.0,1017255.1404398074
177720,6150.0,393893.25631389953
177721,2330000.0,1394013.6222128626
177722,1120000.0,1010911.916960706
177723,1450000.0,1316313.6367101744
177724,555000.0,935343.7167157596
177725,1262000.0,885678.5807746323
177726,729900.0,1122274.5913775712
177727,1380000.0,1087736.6181776812
177728,810000.0,987462.721528641
177729,1610000.0,1393888.7880221708
177730,530000.0,761740.8870984595
177731,757740.0,935795.1557300463
177732,2348525.0,1443914.7718529329
177733,585000.0,606439.8167735832
177734,400000.0,556809.2723492086
177735,749000.0,727788.2992501259
177736,585000.0,747875.1262821276
177737,1858000.0,1556429.3443486933
177738,769000.0,1065839.5390265444
177739,5500.0,72256.74603427202
177740,575000.0,944626.4679632941
177741,2995.0,-173526.79991846345
177742,2180000.0,1718326.963345618
177743,605000.0,1007773.3146230113
177744,1400000.0,1131251.366224436
177745,400000.0,835117.7191540124
177746,424900.0,440357.60141015146
177747,1005000.0,757820.3589897435
177748,550000.0,886948.2364042616
177749,4575000.0,1746440.2636675108
177750,349000.0,408997.85332711134
177751,695000.0,768921.0192445768
177752,780000.0,1279101.5863013538
177753,4200.0,34518.57256667595
177754,1325000.0,1065963.1472874153
177755,1095000.0,1219553.740023218
177756,1300000.0,1234792.788236972
177757,1300000.0,1296034.8248300618
177758,625000.0,1188668.6093279803
177759,1800000.0,1033385.1777057527
177760,400000.0,503747.85425440595
177761,3800.0,204208.95346068032
177762,660000.0,1016216.5514397835
177763,2925000.0,1942551.7448242102
177764,1416000.0,1026574.0261606816
177765,1112000.0,1280500.713573156
177766,3100.0,-241345.72402535286
177767,2400.0,-190309.00602034014
177768,930000.0,1438189.6449994994
177769,347000.0,410793.3890249664
177770,1299900.0,1258912.3938716026
177771,410000.0,808335.5082514975
177772,835000.0,786994.3019949719
177773,365000.0,492855.863139336
177774,640000.0,634206.956037093
177775,2700.0,-67345.67731705494
177776,1050000.0,1285911.3649578635
177777,830000.0,824876.0197078623
177778,925000.0,1037764.809122459
177779,150000.0,526957.0335733481
177780,1825000.0,1150394.5440874305
177781,983888.0,867282.0989588099
177782,963000.0,1435181.0651052166
177783,780000.0,772320.383239733
177784,310000.0,637326.0719674444
177785,8000.0,313919.5909600742
177786,400000.0,360120.9849214377
177787,399000.0,1049386.412137609
177788,510000.0,924615.4918937022
177789,1025000.0,1018192.3937847335
177790,936000.0,906439.0424894877
177791,3067912.0,1636677.8155324282
177792,950000.0,1017266.931651922
177793,955000.0,1165790.3176293643
177794,979000.0,1018034.7901420398
177795,615000.0,713234.6209496334
177796,2775.0,-88912.59415804874
177797,3475000.0,1836092.1329682758
177798,1074000.0,901424.0320037864
177799,610000.0,515135.3953307541
177800,875000.0,1241249.6122682458
177801,725000.0,616405.4816291453
177802,675000.0,799145.3255096432
177803,1100000.0,1080034.7790936623
177804,2700.0,-419714.0249535246
177805,900000.0,996622.5805374198
177806,765000.0,835624.2360746171
177807,3000000.0,1566952.309743627
177808,885000.0,1173151.759078525
177809,760000.0,957790.611894479
177810,500000.0,586424.197557874
177811,750000.0,971248.454037847
177812,840000.0,891284.641690637
177813,350000.0,630686.1619023867
177814,2250.0,-82735.27851302829
177815,4650.0,-42939.1617416013
177816,1500000.0,946947.6076120893
177817,1375000.0,1264191.2057364034
177818,4300.0,12718.544755765237
177819,6100.0,967538.3007483911
177820,14500000.0,3072117.753397999
177821,886000.0,1292276.520215162
177822,538000.0,692960.6085655531
177823,8400.0,853953.7215421889
177824,915000.0,950845.3893753281
177825,700000.0,1078694.039284072
177826,858000.0,783749.378544921
177827,1195000.0,972452.1891910173
177828,1200000.0,1434131.5203919243
177829,1388000.0,1266900.531620236
177830,545000.0,1004351.997760456
177831,2000000.0,860448.8157152031
177832,1525000.0,1291958.1940792752
177833,4200.0,95133.41923763976
177834,1050000.0,707292.0101940902
177835,1055000.0,915401.3702216344
177836,2000000.0,1518323.8855194421
177837,2000.0,-144802.83173002396
177838,1550000.0,746830.9154669391
177839,570000.0,880156.3472442552
177840,560900.0,788993.8292624084
177841,592900.0,991937.177591268
177842,2900000.0,1417890.17414766
177843,989000.0,1082559.7541299267
177844,3375000.0,1560539.9343642816
177845,580000.0,316132.54058368225
177846,795000.0,974466.7177959699
177847,6700.0,485369.6077144379
177848,900000.0,922645.4162973566
177849,749000.0,1010332.1108653527
177850,1080000.0,1314247.2079473324
177851,3100.0,24918.730210285634
177852,682250.0,844140.5103985192
177853,825000.0,980584.8681268254
177854,2500000.0,1643640.1630328167
177855,1300000.0,1040973.9769507246
177856,1125000.0,1377209.377687959
177857,375000.0,472242.3788702218
177858,955000.0,767942.9035786903
177859,3200.0,58267.683683943935
177860,674999.0,1020016.4511859072
177861,418000.0,531836.1978311865
177862,480000.0,580606.10371402
177863,2699.0,-83764.65685956553
177864,2175000.0,1549233.357543027
177865,625000.0,714920.1724518826
177866,410000.0,722322.9357139701
177867,1360000.0,1426782.3485896671
177868,555000.0,919056.5900351843
177869,715000.0,866615.6249280982
177870,450000.0,584641.8815083234
177871,1575000.0,1111120.5154168373
177872,1400000.0,1461187.1577855581
177873,1185000.0,1232660.911806683
177874,1450000.0,1209695.2675965512
177875,420000.0,478628.1148350155
177876,239000.0,371340.8893065341
177877,685000.0,784087.4240441062
177878,365000.0,634315.3356198743
177879,1350000.0,1054742.6397979734
177880,1450000.0,1321616.7400742238
177881,1315000.0,1033591.5531457402
177882,1120000.0,924387.1884845849
177883,724620.0,574818.7329451954
177884,459000.0,529704.2942632586
177885,850000.0,1388051.235325124
177886,1195000.0,953767.0888723228
177887,1895.0,-552031.6949279262
177888,1525000.0,855048.2332871584
177889,699900.0,676892.9843060272
177890,1480000.0,1286925.1924056336
177891,860000.0,978897.3293578401
177892,1275000.0,1250321.9017536966
177893,2700.0,-222817.38947715797
177894,1730000.0,1170286.6778406464
177895,1535000.0,1153971.919477284
177896,5500.0,432825.53638599813
177897,327000.0,282310.7851233594
177898,920000.0,985648.159553526
177899,1325000.0,1161599.3869671635
177900,1985000.0,1224927.2009874247
177901,625000.0,940564.0296513299
177902,585000.0,974110.3987546973
177903,3600.0,-21740.561856879853
177904,489000.0,699355.0705049923
177905,2067500.0,1791064.6810371606
177906,2775000.0,1910246.9733340498
177907,2750.0,-148630.66154089477
177908,2121000.0,1332412.2658268344
177909,715000.0,772482.6059321398
177910,855000.0,980242.5235604281
177911,7900.0,593680.1296853404
177912,775000.0,957434.9135931293
177913,1125000.0,917592.6287561161
177914,916000.0,1062909.8230472337
177915,5000.0,-3344.4949645688757
177916,669000.0,1199903.6587778032
177917,840000.0,803091.5064522037
177918,1100000.0,1151043.8331064675
177919,795000.0,864432.3631658517
177920,1000000.0,1166676.5443859464
177921,1070000.0,1356938.8678591242
177922,835000.0,1025362.0581894629
177923,418000.0,608688.9587288452
177924,3850.0,76437.7375726765
177925,1295000.0,1303270.3997954512
177926,867000.0,866140.4760398669
177927,755000.0,946445.2028833181
177928,365000.0,580311.1215820182
177929,636000.0,848129.2551995143
177930,615000.0,690434.8750855522
177931,1885000.0,1556531.1085377187
177932,1030000.0,1279272.4495552834
177933,2575000.0,1382480.1932311738
177934,620000.0,845039.5888865888
177935,878000.0,775220.1319999313
177936,775000.0,763425.4736806303
177937,789000.0,842343.6901652291
177938,10500.0,665766.4179026186
177939,2400000.0,1535736.6489306055
177940,2450000.0,1693010.5756720975
177941,1120000.0,933270.8441089764
177942,1025000.0,717361.3902956052
177943,915999.0,657757.8880561097
177944,327000.0,569059.9689483074
177945,725000.0,791238.5996031277
177946,961500.0,823529.7413811022
177947,1480000.0,1111174.6038032565
177948,2090.0,-273881.1553563429
177949,480000.0,905581.3793630376
177950,850000.0,967706.1202882081
177951,5200.0,41845.867855327204
177952,1999.0,-427560.53327541705
177953,780000.0,915771.2340006381
177954,800000.0,717330.5472727101
177955,1860000.0,1276280.5423963405
177956,740000.0,821159.8025098834
177957,1050000.0,1050245.917279224
177958,1180000.0,1103057.6565455971
177959,795000.0,877763.434981144
177960,395000.0,701525.5218256582
177961,400000.0,627634.1377221216
177962,715000.0,854041.1906859176
177963,725000.0,828030.8880437529
177964,1906968.0,1359300.0291540343
177965,774150.0,1158517.835424331
177966,998000.0,1263846.3437344022
177967,3400.0,-5366.589286885224
177968,1700000.0,1489969.2019058177
177969,785000.0,928954.2520372607
177970,985000.0,1176501.654983271
177971,2900.0,-13369.508700191043
177972,105000.0,310450.28991672583
177973,3850000.0,2603143.5539376177
177974,605000.0,722630.1394357597
177975,1335000.0,1363975.1415392905
177976,1540800.0,819318.582960844
177977,2320000.0,1490206.7422825983
177978,525000.0,795341.1086057499
177979,535000.0,497153.83579362
177980,505000.0,396399.49356207345
177981,1215000.0,1312612.5557476934
177982,325000.0,516330.09363203123
177983,1575000.0,1102026.131789579
177984,677500.0,736662.7197021563
177985,707900.0,922191.4687795332
177986,1135000.0,955424.4589207247
177987,960150.0,1202503.3220746797
177988,1656500.0,1311818.4919803757
177989,4200000.0,1646158.3921192195
177990,356000.0,620785.2068426581
177991,2418000.0,1937252.8456977047
177992,1095000.0,1064161.7399349725
177993,1550000.0,899269.6184564419
177994,670000.0,991291.425315884
177995,1210000.0,1194678.8603304373
177996,820000.0,1067878.1141454699
177997,1645000.0,1083636.0811802587
177998,924500.0,935262.0370006673
177999,8975000.0,2713250.2251104848
178000,629000.0,952095.7226766022
178001,218000.0,674275.04095654
178002,585000.0,1079997.6662895605
178003,750000.0,918242.7197488053
178004,902500.0,712490.8083545407
178005,285000.0,141183.5259863641
178006,455000.0,605110.1140054194
178007,4140000.0,1830635.6730393572
178008,1140000.0,915661.95199815
178009,490000.0,381143.43066354934
178010,840000.0,993880.7760278443
178011,1230000.0,1280952.3169976696
178012,220000.0,656210.510440967
178013,612000.0,899701.8163411962
178014,507000.0,314851.7270186497
178015,1475000.0,998297.4120145729
178016,710000.0,1104373.1813964918
178017,968000.0,858866.7146667736
178018,775000.0,861547.1850518873
178019,1050000.0,1062495.255794012
178020,2464000.0,1528143.7520778636
178021,850000.0,658130.1139635453
178022,320000.0,516025.79731352255
178023,4500.0,228725.51386548206
178024,635000.0,816480.8836378455
178025,1305000.0,1025382.5785667989
178026,770000.0,773271.1755349124
178027,810000.0,967187.0904273028
178028,759000.0,836113.7371392082
178029,1035000.0,909672.478067752
178030,1090000.0,977579.2436145376
178031,456000.0,686304.8499452192
178032,630000.0,696764.4805670436
178033,3700000.0,1929794.3069366133
178034,510000.0,543588.4482478462
178035,2100000.0,1074010.2049997337
178036,690000.0,821962.2734819772
178037,337500.0,520791.8751872014
178038,1922000.0,1522308.0731689027
178039,685000.0,954867.4898916846
178040,525000.0,586841.6364042601
178041,2570000.0,2052034.8977884138
178042,837100.0,1017230.7544053216
178043,833000.0,907126.0055481736
178044,925000.0,960954.3873248426
178045,1334000.0,1278266.8867361527
178046,1125000.0,952343.2478550989
178047,3645.0,-322292.7554998556
178048,2375.0,-334281.2815342713
178049,715000.0,783754.2179145282
178050,812000.0,924245.7493196102
178051,1745000.0,1298757.7965358924
178052,1745000.0,1267789.4452916915
178053,731000.0,657540.4970364403
178054,586609.0,1087825.613860255
178055,1300000.0,1229807.8325342266
178056,1925000.0,1321986.126787426
178057,446672.0,410055.02945745364
178058,6900.0,487638.15006394405
178059,530000.0,622118.7565557323
178060,424590.0,471245.81609082595
178061,5500.0,215199.69786796812
178062,4250.0,402505.2992289504
178063,2438000.0,1475662.2039514193
178064,1060000.0,1048245.7595502203
178065,1721000.0,1555007.1031989986
178066,700000.0,958607.270809588
178067,878000.0,715884.4149198048
178068,1550000.0,1205737.620477818
178069,1330000.0,1410306.8946315246
178070,1164000.0,1195379.870423871
178071,1900000.0,1051982.5516439658
178072,610000.0,459454.47464047186
178073,950000.0,1137571.3160855025
178074,1230000.0,1035399.3068933394
178075,2500000.0,2030098.329049443
178076,325000.0,620561.9007000253
178077,1250000.0,936534.0296796905
178078,945000.0,1056947.0208031097
178079,930000.0,911848.0234802226
178080,912500.0,911273.719605675
178081,425000.0,699945.619486928
178082,950000.0,929185.2001820244
178083,1950000.0,1057493.6825161064
178084,855000.0,1059445.2969473796
178085,3375.0,41695.779855731875
178086,1010000.0,866222.8588386895
178087,750000.0,773905.7860810282
178088,1138000.0,1081105.610301951
178089,1195000.0,1300427.146870017
178090,755000.0,962366.4455748284
178091,510000.0,830122.4728915198
178092,721000.0,971604.9985082597
178093,565000.0,487448.8459594585
178094,795000.0,1642013.939050205
178095,710000.0,799509.1748836441
178096,300000.0,358130.1010314822
178097,605000.0,649907.0993339531
178098,1744000.0,1249961.7165445602
178099,3225000.0,2416581.199403153
178100,490000.0,793597.9327851404
178101,615000.0,996597.835644505
178102,1129900.0,1050197.9581105215
178103,857500.0,942796.7617299268
178104,807500.0,1056697.4022177095
178105,4995.0,362831.9139287034
178106,625000.0,964436.1900949469
178107,1250000.0,1414420.844230283
178108,1500000.0,1196786.827860442
178109,585000.0,442716.9723298205
178110,699000.0,937760.238790744
178111,4500.0,121319.80656929314
178112,600000.0,985518.9815494968
178113,1525000.0,884627.3618195402
178114,403000.0,338418.1396049829
178115,604750.0,798418.6636767201
178116,598000.0,923305.8189810012
178117,452500.0,535499.3870745217
178118,1160000.0,918984.2308548884
178119,1212000.0,924763.1859071432
178120,1847500.0,1328564.004945634
178121,630000.0,886264.2089990983
178122,800000.0,1233123.657797601
178123,2600000.0,1293623.2976679122
178124,1415000.0,1253889.4109682087
178125,1125000.0,1028580.4402170666
178126,1105000.0,909470.2636202015
178127,5800.0,251687.2306043636
178128,2395.0,-451285.5955281528
178129,1510000.0,777179.7692352757
178130,6100.0,307616.6526228981
178131,865000.0,911475.0533717647
178132,1090000.0,854956.9597724499
178133,4800.0,276485.0663989736
178134,3750.0,51503.95358176343
178135,469000.0,601939.5330428965
178136,885000.0,1104456.2385981465
178137,568000.0,990379.1263481481
178138,450000.0,824638.13436554
178139,1150000.0,964363.1563460473
178140,715000.0,764256.6721711475
178141,850000.0,927853.3395165941
178142,710000.0,865504.9943502387
178143,463000.0,597743.4926225357
178144,509000.0,722943.3225472337
178145,3495.0,113463.89025496691
178146,569000.0,910524.4731259709
178147,2500.0,-204411.48672493827
178148,1002500.0,1274022.793041909
178149,1850.0,-117018.46180421021
178150,2120000.0,1344267.4276822433
178151,1900000.0,1391802.2747294698
178152,489950.0,860155.8392952122
178153,500000.0,577024.0907472987
178154,1075000.0,1086888.102514566
178155,1265000.0,1112571.8299230328
178156,1280000.0,1359556.2548472444
178157,680000.0,934820.8830763046
178158,445000.0,578540.290415151
178159,1900000.0,1271222.163407185
178160,1035000.0,1272048.4976139916
178161,1555000.0,1257656.3972995514
178162,520000.0,708101.678101493
178163,355000.0,648598.571989445
178164,715000.0,827552.8340375731
178165,5400.0,266693.71786272805
178166,640000.0,889492.8236000817
178167,850000.0,952764.8359149881
178168,790000.0,901532.8910760786
178169,1625000.0,1688961.4829620477
178170,1370000.0,889051.040137168
178171,1600000.0,1312340.2227740744
178172,621150.0,656801.1476315632
178173,736000.0,789481.2670046268
178174,494000.0,878154.0862048473
178175,559900.0,678116.6493821051
178176,3650.0,-171284.36229095235
178177,2450.0,-206591.51955247018
178178,860000.0,1018453.5522903316
178179,1855000.0,1372071.0852123182
178180,520000.0,816170.1164741153
178181,890000.0,1017870.5151794422
178182,719000.0,811813.784638444
178183,2200.0,-269927.61385097075
178184,2325000.0,1416888.3894864488
178185,950000.0,1202043.2107146615
178186,755000.0,864315.4262845516
178187,2500.0,-282403.3401618395
178188,1440000.0,1116206.1966803502
178189,525000.0,581482.5521163223
178190,3595.0,64790.60767282825
178191,1650.0,-134172.0395670822
178192,579000.0,579252.1404609298
178193,895000.0,751202.9155756561
178194,1800000.0,1231299.234406408
178195,615000.0,793208.5397510584
178196,1715000.0,967073.870319332
178197,2600.0,-194786.60063040443
178198,670000.0,1022609.2416484496
178199,3108578.0,1420715.698710042
178200,750000.0,732184.7166143497
178201,325000.0,576358.2801867547
178202,1075000.0,1221618.0193989798
178203,2079650.0,1071222.8142978204
178204,1280000.0,1594161.135834856
178205,1550.0,-414984.792240669
178206,5100.0,94056.67231075559
178207,1200000.0,1040457.0434529763
178208,950000.0,1028790.953344902
178209,1800000.0,759320.4450014969
178210,870000.0,1022268.5804583542
178211,1900000.0,1044493.400674223
178212,165000.0,339959.44614597876
178213,1899.0,-282761.89868644904
178214,1650000.0,1588433.7108817594
178215,650000.0,731974.3982265238
178216,860000.0,1395302.0955729643
178217,1840000.0,1025569.1887446847
178218,2808655.0,1526345.5163685419
178219,1050000.0,1135371.3075384432
178220,985000.0,1266314.5863466877
178221,929000.0,1119419.3380384548
178222,605000.0,847209.6774467658
178223,1450000.0,1567550.9908267902
178224,710000.0,861105.8798542032
178225,370000.0,907875.5882133758
178226,740000.0,1028122.487923841
178227,2195.0,-245990.05811340362
178228,2900000.0,2194715.72517734
178229,4300.0,266891.9372406462
178230,880000.0,851267.4506886294
178231,4800.0,531553.3138320288
178232,735990.0,842380.2583536897
178233,500000.0,676045.970287635
178234,890000.0,720546.238666431
178235,2400.0,-228759.46065835282
178236,465000.0,463075.8161044689
178237,2225000.0,921408.5079422919
178238,765000.0,865353.8300390961
178239,1372000.0,1240083.118670646
178240,551000.0,741290.7214600975
178241,725000.0,1425404.896890697
178242,4500.0,264123.5594280809
178243,2600000.0,1457928.3624649113
178244,1225000.0,1079699.087657921
178245,450000.0,906443.7020934252
178246,490000.0,699426.9002834233
178247,620000.0,869313.4341335371
178248,935000.0,1001476.3571476173
178249,1045000.0,1063540.9378362587
178250,1300000.0,1204283.4894746915
178251,2250.0,-169370.96202331036
178252,1475000.0,1196994.844278735
178253,1115000.0,904308.0980603741
178254,549950.0,501227.45598504506
178255,449000.0,718212.6198806763
178256,760000.0,788980.3917747121
178257,2415000.0,1714533.9052127032
178258,1110000.0,823739.4004165232
178259,457000.0,748165.201646978
178260,1865000.0,1328876.7721267557
178261,858000.0,940133.7160240449
178262,760000.0,880450.8037120914
178263,765000.0,821982.6168150268
178264,550000.0,551279.2585517466
178265,1675000.0,1961237.104717059
178266,740000.0,1062209.2086665407
178267,1892000.0,1110063.6416771375
178268,1499800.0,1344865.150819731
178269,1400000.0,1183489.7226682855
178270,725000.0,673998.6832999643
178271,700000.0,914750.2664670842
178272,635000.0,567152.3773776237
178273,691000.0,756634.137117994
178274,2500.0,-46010.001018140465
178275,941000.0,1391162.2059757207
178276,810000.0,872499.2015798567
178277,725000.0,762016.2177809738
178278,4500.0,192679.7398863919
178279,2325000.0,1343969.533430567
178280,759000.0,869693.2896132488
178281,610000.0,692921.5755942035
178282,565000.0,854902.209189768
178283,905000.0,956447.3777002646
178284,3305000.0,1655781.7584453113
178285,750000.0,791043.5698792394
178286,326000.0,445184.32130917907
178287,1040000.0,1014328.5248847594
178288,1875000.0,1203393.7243307056
178289,4950.0,218372.83717332035
178290,785000.0,903555.4964961438
178291,705000.0,634543.554152579
178292,1775000.0,1019086.0036259945
178293,645000.0,794224.8054452967
178294,630000.0,775265.5338059319
178295,1500000.0,1318232.8438976714
178296,429000.0,661102.4137198906
178297,523000.0,753489.5457129562
178298,1105000.0,1088671.8888722155
178299,1530000.0,1456295.2880452406
178300,1460000.0,992419.9570395434
178301,921000.0,1008178.6244892552
178302,575000.0,502806.91426515765
178303,535000.0,652816.5288757207
178304,310000.0,555752.889961577
178305,1305000.0,1681406.290362144
178306,3800000.0,2021627.4383243406
178307,735000.0,1272580.4909938239
178308,920000.0,983002.7698749304
178309,1591015.0,1217715.2319653444
178310,5900.0,20723.189568097703
178311,755000.0,1115448.0490419026
178312,3650.0,231123.8847622173
178313,345000.0,908411.8383339075
178314,712500.0,546488.0205483455
178315,525000.0,817361.5636162311
178316,635000.0,747979.5341040259
178317,888000.0,964515.451658559
178318,1356500.0,1157082.4682033816
178319,2320000.0,1461862.994074516
178320,6000.0,528743.3231207663
178321,1050000.0,1167731.9875382986
178322,2100.0,-52608.191728645004
178323,1025000.0,1069639.2530878754
178324,1550.0,-120075.37635430228
178325,500000.0,632081.0384253031
178326,905000.0,1017187.0660991184
178327,643490.0,641909.2562479125
178328,2900000.0,2271100.3421511296
178329,1100500.0,1384328.8526362963
178330,380000.0,814535.0391934514
178331,10000.0,953867.5537191359
178332,1250000.0,1211752.7812076863
178333,9000.0,462190.6107489858
178334,590000.0,704166.7709929664
178335,2175000.0,1928864.6405657036
178336,2050000.0,1599523.8943544524
178337,1257000.0,820181.0762680667
178338,896700.0,804082.8174636262
178339,1300000.0,1528564.0518456334
178340,5650.0,451112.9059622707
178341,5000.0,248628.13767553773
178342,5500.0,272556.26764154155
178343,1280000.0,1342919.9831113117
178344,1635000.0,1427759.130156763
178345,1025000.0,1103417.349384074
178346,900000.0,909432.7922206968
178347,4250000.0,2580326.3954186775
178348,1990000.0,1310139.8043142986
178349,665000.0,772327.1538779484
178350,1089770.0,1369567.8678119602
178351,940000.0,1147399.1923844647
178352,1760000.0,1069233.5446714498
178353,295000.0,297531.8326281449
178354,1105000.0,1060258.906295564
178355,377000.0,576546.7955858419
178356,560000.0,487320.7998813307
178357,415000.0,509176.7433293229
178358,2085000.0,2026556.9432196356
178359,945000.0,975548.5194634767
178360,2550.0,-187944.11623603757
178361,500000.0,967369.9346002787
178362,865000.0,954591.6334404321
178363,2305000.0,1086152.214954732
178364,515500.0,611481.8103389051
178365,765000.0,724285.4131361451
178366,6100.0,178943.48426990118
178367,1230000.0,1199936.0460536918
178368,1000000.0,911867.851508271
178369,1981000.0,1574045.9148890134
178370,1127500.0,1354288.0734482752
178371,858000.0,713772.7102878569
178372,750000.0,851288.439789447
178373,2605000.0,1015572.3600253807
178374,1440000.0,891048.5682978071
178375,825000.0,843287.7390268678
178376,615000.0,710900.9782999698
178377,485000.0,1091997.628710363
178378,1900000.0,1192315.0178472083
178379,859000.0,943214.9330838146
178380,1100000.0,1153015.6906274827
178381,361000.0,647449.442541738
178382,2095000.0,1673201.366644051
178383,1250000.0,1283423.7477011206
178384,841800.0,843519.0956051741
178385,891000.0,918042.3739776583
178386,656000.0,476901.45995429996
178387,2633981.0,1485973.1275487952
178388,9000.0,775871.9843357773
178389,593000.0,727346.4027525783
178390,616500.0,794229.1077070236
178391,398000.0,643828.6462286133
178392,1065000.0,1271149.9698872454
178393,2900.0,-37556.299120254815
178394,600000.0,798594.1342605976
178395,387000.0,640628.4124912331
178396,1680000.0,755621.5767711913
178397,920000.0,1687423.2386183795
178398,2000000.0,1738289.5910284463
178399,1012000.0,855024.3459556028
178400,1320000.0,1269901.9729556693
178401,442500.0,1184949.4452952202
178402,1342500.0,1180093.6448077187
178403,460000.0,541182.8172787037
178404,1650000.0,974948.1210736912
178405,654900.0,889830.0559675023
178406,780000.0,765523.6272299942
178407,1817000.0,1165711.339098584
178408,511000.0,418945.2986191716
178409,3750.0,402812.47307740245
178410,500000.0,642489.7067115484
178411,1165000.0,1274584.3674315056
178412,742000.0,812484.5447441293
178413,254000.0,101450.2786755031
178414,620000.0,705630.2164718164
178415,699900.0,642975.5122520821
178416,420000.0,719236.2095883535
178417,632000.0,930524.186655676
178418,2800000.0,2091689.8424982969
178419,1675000.0,1226596.6651069252
178420,1060000.0,885057.5880762767
178421,3049.0,-34810.89137044642
178422,2600.0,-279174.9271856835
178423,25000.0,689535.8856819337
178424,1350000.0,1263924.2678085929
178425,700000.0,703190.8706091102
178426,720000.0,1215716.6296828203
178427,5200.0,225207.43581559788
178428,1288000.0,1214464.5577361286
178429,926000.0,889662.0709730601
178430,665000.0,984527.1391970608
178431,1250000.0,1240357.563470726
178432,1725000.0,845827.6669466784
178433,1500000.0,1718278.515899336
178434,6500.0,488513.5766202761
178435,2299.0,-295948.6422362905
178436,485000.0,937315.3933113068
178437,4750000.0,3247584.6627102694
178438,970000.0,1014887.3460544618
178439,350000.0,470550.70601401664
178440,418000.0,506689.63811212033
178441,1500000.0,1420014.1994097913
178442,699000.0,1001511.1773650674
178443,4550.0,186665.56573156547
178444,1012000.0,914406.4656038312
178445,535000.0,870003.1126600597
178446,1150000.0,634793.5792985912
178447,2695.0,-378265.43245219253
178448,475000.0,634709.5750133088
178449,962000.0,1460855.292996035
178450,515000.0,524146.5376943555
178451,1600000.0,1028091.65748211
178452,629000.0,1032792.8753280081
178453,840000.0,840464.3531021234
178454,438000.0,770556.6528798053
178455,1155000.0,1313292.7633170001
178456,575000.0,751637.632980084
178457,638000.0,1074170.670279963
178458,5200.0,438765.5602094447
178459,835000.0,1093600.2869764268
178460,982000.0,1080491.8394502737
178461,1088000.0,1185803.0603334755
178462,1649000.0,1312732.66951235
178463,1700000.0,1308424.5805464275
178464,2249.0,-177395.70472801663
178465,910000.0,1027253.0061720824
178466,740000.0,1186967.490081396
178467,722000.0,781910.4441599362
178468,700000.0,924371.4679843821
178469,970000.0,886399.3824933805
178470,2227000.0,966174.4918660652
178471,320000.0,706619.25990183
178472,1950.0,-231415.16437710263
178473,6650.0,483711.1609141426
178474,6000000.0,2802476.850989663
178475,5100000.0,1618338.7197879842
178476,300000.0,529085.2097099796
178477,730000.0,829784.2122049918
178478,982000.0,979805.5586614106
178479,4800.0,-46224.0756717762
178480,2500.0,87146.95497053117
178481,1050000.0,910088.6189999525
178482,650000.0,1097253.666873861
178483,475000.0,404933.29517018143
178484,1255000.0,956005.7656276049
178485,1120000.0,1133281.9479343453
178486,672800.0,776325.1053902935
178487,1575000.0,1014486.0609635534
178488,10000.0,698451.0143863065
178489,450000.0,539278.9664724218
178490,2400000.0,1670174.0725730695
178491,745000.0,699470.8133690534
178492,4700.0,549319.0764834536
178493,820000.0,979501.4369494831
178494,800000.0,763245.5391448047
178495,420000.0,331129.38097996265
178496,1480000.0,1230152.937005518
178497,803000.0,746689.0667959685
178498,1100000.0,997485.6998183038
178499,975898.0,1102532.1664901963
178500,880000.0,857589.1445971373
178501,857000.0,656703.3303036904
178502,625000.0,709189.868238451
178503,420000.0,564254.0544231115
178504,642000.0,800412.672928758
178505,1225000.0,972998.6333133513
178506,3250.0,40532.717738809995
178507,495000.0,619222.3193551954
178508,730000.0,1083548.8705000272
178509,930000.0,947225.1437031068
178510,719900.0,786106.5335557191
178511,798000.0,964275.7949689142
178512,2300000.0,1496229.8206410492
178513,459000.0,891469.6913316604
178514,1050000.0,794381.8627666347
178515,1127500.0,1226654.6295095766
178516,765000.0,845461.8746662
178517,400000.0,521857.7518081693
178518,3350.0,5472.057022112422
178519,5600.0,453032.0879019629
178520,420000.0,743499.6850209367
178521,405000.0,482267.43184679747
178522,7500.0,291004.7402815819
178523,630000.0,509755.8973099934
178524,750000.0,883670.7661943268
178525,612000.0,884341.7382279783
178526,620000.0,762674.5046510054
178527,515000.0,516508.84189256467
178528,2795.0,-151381.118540599
178529,285000.0,476087.25962050445
178530,780000.0,1029042.6565781208
178531,540000.0,670962.4347487744
178532,705000.0,562233.7173485467
178533,2700000.0,1998735.6044351365
178534,560000.0,571763.4126311922
178535,540000.0,814793.6069896314
178536,1075000.0,1325567.558873062
178537,2295.0,-166468.1056206962
178538,744300.0,957336.0859386232
178539,1599000.0,1225927.43389537
178540,3600.0,-301378.25595678575
178541,499000.0,697302.16695238
178542,9741.0,1381314.7461023917
178543,900000.0,880897.9507379588
178544,1400000.0,1112599.665328417
178545,1070000.0,1115958.1896735374
178546,680000.0,871487.3190975627
178547,5000.0,412699.0564047424
178548,266000.0,641050.3429735741
178549,1490000.0,995642.3017916735
178550,527500.0,659809.8449722119
178551,285000.0,436865.2708235318
178552,1325000.0,1113830.6402522493
178553,1837000.0,854017.6903727371
178554,925000.0,1037938.7700531008
178555,1205000.0,1250058.2786509749
178556,495000.0,871955.652551489
178557,1205000.0,980692.0147146154
178558,750000.0,1063147.574997845
178559,3150.0,-97771.52716107108
178560,2477325.0,1442157.4181650039
178561,1725000.0,1856138.4798617018
178562,3395.0,173989.30257810093
178563,2650.0,-421876.13070819713
178564,575000.0,1166180.3419382358
178565,515000.0,536192.296880614
178566,5000.0,500324.35599777475
178567,1615000.0,1421339.734141267
178568,780000.0,768710.0758640738
178569,2625000.0,1515349.4668983826
178570,589000.0,761729.4190311488
178571,1900.0,-443421.32464086916
178572,950000.0,1098854.3929188382
178573,5800.0,-195615.2258791076
178574,1825000.0,1389783.670684047
178575,1090000.0,1035095.8391097086
178576,825000.0,814434.7522017555
178577,2600000.0,1389391.527599072
178578,337000.0,361459.578977515
178579,1150000.0,1135691.2359455563
178580,1707000.0,1015882.394055143
178581,385000.0,627827.1406315416
178582,590000.0,616119.4751967965
178583,720000.0,775063.5590228112
178584,5000.0,30219.28890543338
178585,1790000.0,1235117.0646922113
178586,2265000.0,1131978.3607847625
178587,890000.0,716595.8429547297
178588,1800000.0,1020687.1424217708
178589,1450000.0,1199483.1282256339
178590,2150000.0,1119961.7439868199
178591,699000.0,874980.4176418586
178592,590000.0,917987.5830115909
178593,910000.0,977607.7470554495
178594,427500.0,529700.1407289589
178595,1135000.0,1329274.43925393
178596,2480000.0,1349469.0720305797
178597,719000.0,661172.6423163051
178598,1899000.0,1095622.4502318725
178599,894950.0,1057562.6020955108
178600,305000.0,575574.6305213282
178601,652000.0,711795.2001652112
178602,930000.0,1121661.0493254615
178603,1105000.0,981695.1727343742
178604,818500.0,871455.8283537198
178605,1400000.0,1496504.40664504
178606,1390000.0,1115029.8563286345
178607,1360000.0,1345587.1270420672
178608,1425000.0,1097907.704180602
178609,1375000.0,1707399.047177664
178610,625000.0,975388.38887347
178611,879000.0,764951.3422509236
178612,3480.0,-134200.7412058944
178613,2700.0,-195741.8061183365
178614,540000.0,864932.6624949388
178615,215000.0,231023.83444979787
178616,3600.0,-145846.36357624177
178617,520000.0,803527.7974857027
178618,3650.0,45635.96472496912
178619,1599000.0,1842333.6891757362
178620,544900.0,736159.1930195233
178621,333000.0,809118.8108077543
178622,3600.0,-46045.34243996721
178623,900000.0,935989.3723049713
178624,830000.0,894507.2592440471
178625,3995.0,-50544.34751731437
178626,7990000.0,2526303.3073870614
178627,380000.0,651957.1803729283
178628,1850.0,-353567.3411920266
178629,500000.0,953590.7643240765
178630,725000.0,793279.9971264284
178631,842000.0,931918.5353379687
178632,210000.0,478596.3776102215
178633,1860000.0,1343374.8625405403
178634,1325000.0,674207.5031368537
178635,6500.0,310531.50593148824
178636,2360911.0,1690158.4533077292
178637,1470000.0,1051232.0766680008
178638,858500.0,711432.7355932854
178639,699000.0,725572.4615216078
178640,730000.0,1090018.820217222
178641,3180000.0,2303045.8173831385
178642,650000.0,821865.761766267
178643,1750000.0,1193256.9971049791
178644,1675000.0,1317402.5797861805
178645,465000.0,527467.2349878857
178646,800000.0,1084227.0878416942
178647,745000.0,714588.4246941675
178648,725000.0,699134.4351020129
178649,2000.0,-187602.95525389537
178650,1100000.0,1207638.454016908
178651,2500.0,-218980.9814925464
178652,610000.0,618963.9319053981
178653,640000.0,704423.9286634661
178654,650000.0,836646.0450043427
178655,385000.0,555450.5565013587
178656,500000.0,1055057.3283283738
178657,950000.0,855747.6298716003
178658,4700.0,364480.74923636764
178659,3156000.0,2265805.624089447
178660,685000.0,635548.51262563
178661,825000.0,931217.2089448962
178662,2500.0,-360677.88193480205
178663,1500000.0,1703924.7309858045
178664,850000.0,1249771.942108335
178665,1605000.0,1135705.487658767
178666,5200.0,388375.43342734315
178667,530000.0,942813.1922034891
178668,560000.0,729998.6377314618
178669,6750.0,294363.2238715878
178670,700000.0,985205.3070693696
178671,2695.0,-330344.4987862427
178672,1099000.0,1236715.5021904875
178673,500000.0,706050.1959282281
178674,6200.0,495825.85199157055
178675,1410000.0,935292.2946286481
178676,925000.0,877653.5475829467
178677,1400000.0,603578.3824566808
178678,380000.0,551230.5737272501
178679,950000.0,952239.5416779323
178680,1150000.0,1196617.605479517
178681,520000.0,524716.7442061519
178682,480000.0,504954.30496629886
178683,2480000.0,1195722.1052135471
178684,2175000.0,1476431.1840471243
178685,610000.0,984831.8935552882
178686,1492000.0,1370444.955269807
178687,725000.0,863292.296044929
178688,1140000.0,1025737.4790310999
178689,900000.0,908858.0584519757
178690,4500.0,352756.2387924902
178691,632500.0,603216.5836280836
178692,729990.0,614377.0594714759
178693,832500.0,946540.908748622
178694,4550.0,502389.8856345862
178695,1195500.0,927625.699356284
178696,2750.0,-240404.20573951863
178697,833000.0,1167230.7097354336
178698,330000.0,370794.27585134376
178699,745000.0,731838.9435934694
178700,340000.0,704055.2233064137
178701,850000.0,801564.574587211
178702,1450000.0,1324453.4561690772
178703,367000.0,344864.7018611776
178704,820000.0,875238.2825056035
178705,566000.0,745641.2267060727
178706,3400.0,-63072.20992994681
178707,2150000.0,1791766.5738735767
178708,4200.0,154933.19340459164
178709,650000.0,556943.4780894546
178710,1290000.0,1120735.4793655723
178711,820000.0,750555.0326019423
178712,1430000.0,976651.922804866
178713,849900.0,756647.463093767
178714,719000.0,1015745.7009560326
178715,690000.0,708092.736944613
178716,715000.0,888081.6469263583
178717,1600000.0,1231665.7356207417
178718,750000.0,1092700.5735285254
178719,4600.0,113306.02546146605
178720,871000.0,1021787.1465292899
178721,114689.0,670217.9581351373
178722,1057000.0,1047268.3993125455
178723,4495.0,414573.2803091109
178724,12000.0,525335.7764425399
178725,369900.0,685790.6682883007
178726,2200.0,-537790.9608974112
178727,930000.0,1209649.5004473254
178728,4400.0,86730.47473702859
178729,240000.0,567686.3144034669
178730,869500.0,850738.3183632605
178731,485000.0,418287.1369963195
178732,2825000.0,1614240.3900713762
178733,813750.0,1035956.289161142
178734,6950.0,255288.8780193748
178735,1100000.0,915624.3295239853
178736,780000.0,1055276.1235889364
178737,900000.0,834622.1704197153
178738,1975.0,-131386.63685601763
178739,4000.0,35870.116148093715
178740,780000.0,842923.7199404417
178741,760000.0,968760.3431032617
178742,538000.0,798180.783395255
178743,449000.0,660691.0719187278
178744,8000.0,677176.5870914627
178745,1400000.0,869745.6683880705
178746,702000.0,795723.80802006
178747,655000.0,925193.015005324
178748,3000.0,196325.10067262128
178749,3195.0,-46565.79508943483
178750,590000.0,720271.4581747036
178751,1625000.0,1171676.0750750052
178752,875000.0,939050.8778946428
178753,239000.0,261428.18439995218
178754,1985000.0,1268989.24448119
178755,2900.0,-105440.69860196766
178756,1117000.0,1278503.4153437698
178757,5750.0,-5654.790891118348
178758,4500.0,151668.0767829651
178759,625000.0,570452.2425428536
178760,180000.0,558693.0514081437
178761,2000.0,-151956.98326667864
178762,7000.0,154439.42888114136
178763,435000.0,300334.513925842
178764,2100.0,-480490.89260098524
178765,750000.0,1034409.2240308262
178766,1070000.0,823179.6680627251
178767,700000.0,775885.8519696407
178768,530000.0,786818.6636981424
178769,5200.0,276500.06257879455
178770,1420000.0,1326927.2433961267
178771,1110000.0,884115.896765301
178772,710000.0,1001010.2990770675
178773,767000.0,975134.3027103497
178774,1300000.0,1060770.3796651624
178775,775000.0,745537.0135372626
178776,825000.0,1126155.2547260206
178777,1680000.0,1044229.7074211659
178778,1265000.0,1092845.6401854642
178779,2200.0,-429137.04359683394
178780,2600000.0,1715121.013877743
178781,895000.0,1192246.147287772
178782,349000.0,606851.3422986334
178783,731000.0,1016907.7489284026
178784,5950000.0,1496065.4219284477
178785,2900.0,-50313.94489567727
178786,650000.0,725382.0042969026
178787,980000.0,1302498.425795463
178788,1398000.0,798059.5924483445
178789,1827700.0,876692.9935142724
178790,2500.0,-118625.52085388917
178791,910000.0,1023632.1302091256
178792,250000.0,167349.2431562757
178793,1580000.0,1227538.1044358835
178794,10000.0,528317.4721489279
178795,580000.0,982227.0137586463
178796,75000.0,85554.25772799458
178797,550000.0,748798.0829982264
178798,1600000.0,1169727.533892896
178799,4500000.0,1508532.3136739638
178800,940000.0,1231830.3353628935
178801,900000.0,1224092.2795197722
178802,950000.0,1282803.651621472
178803,722000.0,729726.0609985869
178804,485000.0,681854.9695063019
178805,1000000.0,1062325.2165551363
178806,1315000.0,1031303.4874790926
178807,417000.0,569432.6084252456
178808,2215000.0,1590388.0621673455
178809,1065000.0,1256679.6767921867
178810,424000.0,842706.9243962485
178811,641000.0,905052.217735501
178812,1380000.0,1109344.6899087327
178813,505000.0,835328.8613224486
178814,590000.0,736095.3505650973
178815,1805000.0,1100887.2047907012
178816,1126000.0,1318954.8805442099
178817,4400.0,238338.4939546408
178818,1000000.0,1024144.9177473094
178819,850000.0,828948.0087208152
178820,825300.0,1159908.0502915885
178821,610000.0,777071.4346696958
178822,806990.0,993609.8017770844
178823,540000.0,977270.0462779878
178824,3900.0,119115.77322821133
178825,1750000.0,1264927.6437052088
178826,1600000.0,1438346.336419181
178827,729900.0,715957.8968864977
178828,2250.0,-156400.94646803103
178829,1075000.0,1032010.3826815663
178830,3800.0,165526.242099653
178831,1085000.0,1142292.105777679
178832,565000.0,901227.6731453557
178833,657000.0,1136305.84185432
178834,229500.0,454814.87917452585
178835,2150000.0,1373087.0199406408
178836,1295000.0,1058480.4446771415
178837,4200.0,291256.5159724653
178838,1750000.0,1105288.778545075
178839,2500.0,-100834.15007005911
178840,915000.0,929122.5444895038
178841,1360000.0,984236.0654928358
178842,600000.0,721272.2743716082
178843,835000.0,1040657.763036279
178844,5175.0,352942.1390277622
178845,2500.0,-319045.0916910684
178846,2405000.0,1704116.1447114134
178847,800000.0,909103.1316259773
178848,4000.0,8254.443676579744
178849,1310000.0,962657.0639360333
178850,839000.0,1024037.1063277256
178851,782000.0,863916.1252515931
178852,1440000.0,1349172.7868993105
178853,1875.0,-163305.91452884488
178854,1288888.0,880981.7133490238
178855,2235000.0,1386830.7012572894
178856,940000.0,1481178.2712829243
178857,2650.0,-321535.26518454216
178858,345000.0,493663.65915898513
178859,800000.0,889310.4757625451
178860,835000.0,896827.7865698943
178861,1025000.0,1129943.1012303792
178862,4000.0,175777.66234021075
178863,4100.0,70426.53926759772
178864,2650.0,-373522.5005956311
178865,965000.0,1103246.1006259024
178866,244900.0,466380.3322949512
178867,4100.0,41723.66790828388
178868,2950.0,-76475.59057088569
178869,1149000.0,1043660.9019045448
178870,2650000.0,1341081.8170469962
178871,840000.0,1237791.855079935
178872,805000.0,928914.4387980327
178873,3400.0,-155272.98703761864
178874,4500.0,121479.23148309626
178875,490000.0,637609.2388790194
178876,1415000.0,1166996.6391135855
178877,995000.0,1126837.2132197255
178878,2300000.0,1928855.9539069477
178879,5495.0,301722.55976277124
178880,2800.0,-347401.2247862173
178881,330000.0,631883.1509236703
178882,1700000.0,1147831.1137176417
178883,418000.0,360669.8090074947
178884,3500.0,-178186.01850048173
178885,2100.0,-201647.32447039243
178886,3500.0,63487.65057375468
178887,1560000.0,814597.3160096128
178888,1275000.0,1116405.9264928289
178889,2500.0,-458347.80291141383
178890,825000.0,898092.6622787593
178891,3950.0,-16632.576539240777
178892,525000.0,529449.678932894
178893,5000.0,314163.4412518265
178894,887000.0,963438.1594348038
178895,520000.0,503846.37585237436
178896,3350.0,75531.37998036016
178897,900000.0,1110831.374118804
178898,4400.0,154285.8836381212
178899,680000.0,882724.3537011975
178900,2750000.0,1567251.7725929506
178901,989000.0,1046794.7627690183
178902,560000.0,843516.620851256
178903,3950.0,15892.298674824648
178904,4400.0,-207544.4034165833
178905,2725000.0,1324208.2172419848
178906,4300.0,-76552.13660457358
178907,3400.0,-212817.2855167603
178908,2950.0,-93128.14694754407
178909,7000.0,577692.832661964
178910,689000.0,817815.4266891982
178911,3400.0,29130.647049732506
178912,6100.0,596225.566834325
178913,798000.0,852315.9374014614
178914,2400.0,-316079.6814749837
178915,1341360.0,1283705.2851478495
178916,3250.0,-81401.36372264009
178917,1042000.0,817003.2201459417
178918,10000.0,416793.89914073143
178919,1640000.0,1350522.563639352
178920,567000.0,857826.2313042823
178921,375000.0,575507.4014540296
178922,5200.0,286510.53716618475
178923,295000.0,465555.5540010538
178924,7300.0,594023.8824435314
178925,585000.0,846681.6012335429
178926,1390000.0,1115057.1159643084
178927,1150000.0,1469299.6168071777
178928,549000.0,681059.4422032302
178929,970000.0,1216941.0449100602
178930,850000.0,924812.3919551112
178931,840005.0,826101.4199525388
178932,5500.0,363259.41537022125
178933,910000.0,1038448.1638237145
178934,3800.0,307694.2114059543
178935,5500.0,386506.0802367991
178936,1919000.0,1816294.652171501
178937,455000.0,644534.732701947
178938,1995.0,-213987.8690589713
178939,1445818.0,948699.7639999045
178940,1080000.0,1298403.9416920226
178941,4900.0,236073.35491890274
178942,623900.0,888365.6565485178
178943,1125000.0,1030052.7841974078
178944,2250000.0,1301412.0061439853
178945,2780000.0,1458548.7544404585
178946,718900.0,754548.5678601535
178947,2100.0,-410809.1463985173
178948,6800.0,414743.76888144575
178949,3500.0,40119.409907821566
178950,5600.0,248668.47596583515
178951,5500.0,307157.09658409003
178952,750000.0,978777.317941037
178953,585000.0,838641.2472087657
178954,2300.0,-235605.1754007237
178955,4800.0,75007.97994337697
178956,620000.0,767620.9165858589
178957,2000.0,-164564.06613175105
178958,535000.0,775740.7352176923
178959,460000.0,749602.8728570007
178960,1250000.0,1229689.9684905354
178961,7250.0,800658.3083039355
178962,1500.0,-446758.1450284403
178963,955000.0,1187950.1267336188
178964,6200.0,422983.43059183564
178965,525000.0,1101708.1071147379
178966,1356880.0,1290065.0465258304
178967,860000.0,648344.517991744
178968,700000.0,775062.201251978
178969,3600.0,201638.82550092507
178970,3550.0,54285.42564940918
178971,555000.0,695362.8458226109
178972,722000.0,894191.2396471873
178973,696832.0,1005210.4355410859
178974,571227.0,410399.1493504895
178975,5850.0,257243.7356926836
178976,573767.0,466313.38025831245
178977,225000.0,730305.1779105477
178978,1486000.0,991887.9722865587
178979,857000.0,997823.4742424572
178980,2895.0,-33490.53695869353
178981,775000.0,895616.4452400776
178982,849000.0,1103509.339611113
178983,5300.0,408785.4720340902
178984,2500000.0,1472835.6409988953
178985,650000.0,955842.6535468455
178986,1205000.0,1079138.694454154
178987,775000.0,948491.688455292
178988,1500888.0,1265768.7420482077
178989,605000.0,739957.87895572
178990,1275000.0,957358.0821102224
178991,1180000.0,1134392.5731988735
178992,555000.0,797402.6080876626
178993,940000.0,1203577.377406557
178994,268500.0,364052.4664350962
178995,525000.0,743771.8508038502
178996,2350000.0,1951935.593055863
178997,553000.0,906278.5550649604
178998,3100.0,-72663.98560973722
178999,540000.0,827939.3531773854
179000,560000.0,730476.1359813716
179001,787000.0,1086120.1535789007
179002,899000.0,1121616.8043755786
179003,1130000.0,1923183.8370365873
179004,438000.0,363238.1018987978
179005,1200000.0,1063830.641037112
179006,969000.0,809179.241925532
179007,6250.0,643311.1426319676
179008,2050.0,-202081.93910682667
179009,350000.0,779841.8260229724
179010,2560050.0,1486556.1943734717
179011,1175000.0,1294102.5851012524
179012,1300000.0,1335429.040556497
179013,1355000.0,1112010.2167113787
179014,530000.0,770763.757695239
179015,1505000.0,1314632.7881509531
179016,1300000.0,1422507.7644139584
179017,1110000.0,936872.5424963357
179018,825000.0,1014768.6230554627
179019,450000.0,688269.4677575678
179020,5000.0,533590.6215819363
179021,1275000.0,1077993.7321464308
179022,750000.0,840099.9010576252
179023,637000.0,666875.7917871317
179024,459000.0,650212.0607090341
179025,11450.0,1159413.7252836032
179026,1100000.0,990151.2340303631
179027,995900.0,1496900.3191273268
179028,1200000.0,1041514.8020039517
179029,2000.0,-590753.3875633366
179030,395000.0,581794.521607385
179031,1045000.0,1035224.8174974741
179032,260000.0,509686.3456455413
179033,590000.0,953108.1624683449
179034,2750000.0,1236333.8715876574
179035,2490000.0,1490179.7597602895
179036,910000.0,1210271.7387400335
179037,935000.0,1217488.1163090225
179038,3366000.0,1727716.214022005
179039,1200000.0,752758.1097044656
179040,8500.0,286370.2838215651
179041,1288800.0,964353.5608750274
179042,960000.0,919087.5057378495
179043,2540000.0,1990862.1094582938
179044,1200000.0,1039400.3141600611
179045,550000.0,562299.6933139479
179046,1440000.0,1350475.2581558628
179047,2260000.0,1494895.4507446103
179048,10500.0,468524.5369044328
179049,860000.0,748191.0150545193
179050,5700.0,-469495.48557158094
179051,1190000.0,1108930.306015836
179052,295000.0,439848.2234195182
179053,790000.0,899647.7278254367
179054,880000.0,931134.0282259639
179055,850000.0,1205283.6490048738
179056,777000.0,879414.1428162074
179057,650000.0,750729.0263231602
179058,682000.0,962441.0777844032
179059,882500.0,1117128.1109597515
179060,1300000.0,1252499.6733054575
179061,910000.0,890427.8249070887
179062,595000.0,708703.8240864361
179063,880000.0,1249987.0548696443
179064,418000.0,527470.7437577005
179065,1700000.0,1288891.6443609716
179066,1285000.0,1041576.368769736
179067,765000.0,612399.6866211146
179068,410000.0,790553.8560785921
179069,579000.0,912553.315268361
179070,560000.0,791089.8154498404
179071,530000.0,976104.1191134797
179072,775000.0,750479.4006443238
179073,875000.0,914473.7489096792
179074,800000.0,1029096.3698961856
179075,1140000.0,1330925.5773233157
179076,4300.0,245419.00008687843
179077,625000.0,1156694.4476748565
179078,890000.0,992765.0444096392
179079,1365000.0,993399.5877295109
179080,389000.0,589912.4687657692
179081,710000.0,1075055.58517256
179082,580000.0,568756.2399731893
179083,880000.0,1038954.3339160569
179084,270000.0,333074.2576526748
179085,1150000.0,1226232.6787327603
179086,1300000.0,1208098.1455236934
179087,7500.0,441331.9923290005
179088,2455000.0,1405432.426310813
179089,1050000.0,1368020.3909428827
179090,770000.0,1134876.1783904796
179091,5600.0,621441.8105489844
179092,1765000.0,1435597.2540286686
179093,563000.0,721118.5550010568
179094,1065000.0,1138335.7311643288
179095,3860000.0,2350612.0489082485
179096,605000.0,799533.4490028229
179097,998615.0,948306.7231381526
179098,550000.0,832873.4383708471
179099,2300000.0,1791993.5019749757
179100,640000.0,830379.350037639
179101,850000.0,872555.694933149
179102,270000.0,309835.0768033592
179103,739999.0,647043.1687929388
179104,947000.0,1333773.0183651345
179105,1975000.0,1247707.628698322
179106,1320000.0,920818.3840181222
179107,3500000.0,2434031.8331705397
179108,2425300.0,1738996.6505050762
179109,832000.0,990627.758858067
179110,750000.0,1011077.0442976197
179111,2025000.0,1410984.8887571283
179112,7777.0,486888.38176070526
179113,835000.0,1044682.9944120869
179114,565000.0,908760.4264822071
179115,1615000.0,1065572.6182953557
179116,962000.0,1150137.7314649122
179117,400000.0,691813.1678552292
179118,365000.0,679256.8676633453
179119,700000.0,612298.7597260904
179120,341000.0,620348.3039011881
179121,1320000.0,1037129.8849513624
179122,1499000.0,1247233.9855192024
179123,710000.0,910170.6128817201
179124,979000.0,1174805.4720384171
179125,825000.0,904101.460489464
179126,1240000.0,1071580.7412796002
179127,539000.0,809983.4531025263
179128,735000.0,934332.752501525
179129,4900.0,478274.76121976506
179130,12000.0,532999.6202628547
179131,590000.0,612080.6307443669
179132,454900.0,841143.243687734
179133,360000.0,835464.3914364297
179134,310000.0,333554.6547325505
179135,639000.0,579770.2217532909
179136,2330000.0,1561468.443656492
179137,435000.0,877025.9517213413
179138,750000.0,883341.6653515492
179139,870000.0,1078665.509289952
179140,1379000.0,1212321.2995962594
179141,545000.0,653573.2059224695
179142,1070000.0,837699.501519315
179143,1600000.0,998437.4051990425
179144,965000.0,968702.6666714707
179145,1776000.0,1617546.1727430737
179146,1372500.0,1152094.8304283787
179147,755000.0,892469.4387631733
179148,535000.0,512762.0179900164
179149,1505000.0,1170708.653439005
179150,580000.0,509564.32452098746
179151,550000.0,718100.9642466437
179152,763000.0,995009.691018099
179153,1385000.0,1207336.4218960656
179154,430000.0,704840.9326771256
179155,1295000.0,1019010.1991655063
179156,350000.0,578385.4255308248
179157,756000.0,929335.7352582887
179158,1635000.0,1098874.763786994
179159,4100.0,111596.8547390597
179160,2080000.0,1619534.0727866087
179161,980000.0,838495.8721009931
179162,720000.0,1108007.107678447
179163,2650000.0,1517160.6473878603
179164,1225000.0,1186944.804647833
179165,1050000.0,1032735.0551165752
179166,800000.0,840315.9804456588
179167,1265000.0,1113768.4349238863
179168,575000.0,669901.7425243948
179169,755000.0,720487.8995462256
179170,599000.0,727937.607293061
179171,2320000.0,1935802.758715055
179172,355000.0,669355.5570522528
179173,1475000.0,1351171.5435629627
179174,2650.0,-364122.52465626225
179175,455000.0,578803.5841470202
179176,1590.0,-485404.0764178401
179177,4400.0,235730.4450121969
179178,1010000.0,997699.67444536
179179,840000.0,796948.5238502882
179180,749000.0,746654.5206556981
179181,556000.0,931395.5519370344
179182,750000.0,767086.9447562657
179183,600000.0,627413.4808439771
179184,780000.0,1223495.1573326401
179185,1000000.0,630631.1723130643
179186,6700.0,491661.08888240997
179187,2595.0,-213053.721742237
179188,535000.0,803882.4009900326
179189,785000.0,1042935.9927196214
179190,3400.0,64918.81809389219
179191,1050000.0,1019150.0197598543
179192,2100000.0,1360996.5525431233
179193,549900.0,770417.6638574647
179194,615000.0,870494.0258637127
179195,748800.0,855088.5512651205
179196,1199999.0,1202193.2954626959
179197,1025000.0,1118537.9050172633
179198,1160000.0,878260.0296966555
179199,1035000.0,740517.2070461046
179200,680000.0,607638.3747928133
179201,5500.0,-26208.86630467046
179202,459000.0,601883.6681373762
179203,1752500.0,1356589.2687767223
179204,1000000.0,835061.085687195
179205,2875.0,-194625.73933395837
179206,811888.0,663673.2087123208
179207,367500.0,938432.1495627994
179208,1425000.0,1189163.8398448173
179209,745000.0,890531.6109241191
179210,570000.0,925282.7446354469
179211,1060000.0,1053528.1116665509
179212,1400000.0,890451.0639960524
179213,355000.0,886710.5929766027
179214,4585000.0,1317320.9722359814
179215,485000.0,687550.7364560356
179216,2160000.0,1534331.8264331399
179217,575000.0,675257.7177472292
179218,440000.0,909570.3922811672
179219,850000.0,971486.065160472
179220,640000.0,862713.7568209795
179221,1496000.0,1815471.5116370395
179222,80000.0,3580006.2171525215
179223,1295000.0,1235922.3789059492
179224,705000.0,1394226.2694555
179225,2550226.0,1712666.5245195841
179226,648500.0,915396.6455785204
179227,1200000.0,1021471.0838754168
179228,2652000.0,1238457.6558625028
179229,770000.0,607528.964526901
179230,1632000.0,1091319.2705913112
179231,1050000.0,1267530.120507747
179232,610000.0,785634.121870324
179233,1640000.0,1121378.1298962021
179234,950000.0,1048982.4655346116
179235,810000.0,963929.4033904886
179236,415000.0,471929.89620644785
179237,2600000.0,1485266.20914134
179238,574999.0,799324.3020674791
179239,4600.0,41898.12038495857
179240,746000.0,779805.2536371397
179241,2480.0,-75862.69426342752
179242,950000.0,1023386.6733078342
179243,1200000.0,1066998.6129917195
179244,1753000.0,1153733.8534095176
179245,495000.0,651211.4381980933
179246,5750.0,442146.52236752864
179247,1063000.0,828670.2932486339
179248,730000.0,895385.6015427345
179249,4995.0,481655.0964243701
179250,4900.0,175702.69207361154
179251,765000.0,964405.2881964613
179252,690000.0,716581.2751000142
179253,1332500.0,1136906.1206504768
179254,1480000.0,1563093.965412585
179255,1317000.0,1205158.2300991137
179256,1800000.0,807419.1778202653
179257,3200000.0,1850931.5800232273
179258,900000.0,1286982.4109980892
179259,4800.0,188542.0590842003
179260,1305000.0,861180.3708730517
179261,935000.0,867416.6362617314
179262,2300000.0,1310091.3456417723
179263,789000.0,920211.2260634983
179264,18000.0,987953.1632932592
179265,2750.0,-83672.04796861019
179266,1085000.0,1006327.5727279838
179267,1385000.0,1094793.273111077
179268,1590000.0,763517.5288810953
179269,835000.0,1127313.1174692847
179270,7300.0,660773.5589856841
179271,825000.0,877677.4759007134
179272,865000.0,843390.8046599487
179273,815000.0,863551.2930596024
179274,810000.0,897373.8791421019
179275,610000.0,752642.0438771201
179276,4250.0,-57558.82523085177
179277,935000.0,1061302.3137658173
179278,1005000.0,1254173.8318258775
179279,7375.0,121630.15882202704
179280,790000.0,1075618.7013078835
179281,345000.0,528028.1512333043
179282,755000.0,806804.178829221
179283,840000.0,1090335.5024441676
179284,1675000.0,1289728.6095548766
179285,2800000.0,969124.6914627906
179286,3300.0,-373272.9621428484
179287,1745000.0,995302.7992283851
179288,1275000.0,1005533.423209345
179289,1035000.0,1179738.9326662011
179290,390000.0,478778.91226186696
179291,529000.0,766941.6046394501
179292,840000.0,1022890.2780092917
179293,265000.0,347555.71033686586
179294,4000.0,481470.10414738674
179295,750000.0,877607.1891804924
179296,1750000.0,1620412.274310315
179297,6300.0,343626.5553982314
179298,835000.0,857457.3646146655
179299,5000000.0,1518642.7615185594
179300,1100000.0,957474.5221559778
179301,641000.0,908678.9256797032
179302,780000.0,921644.2074579457
179303,875000.0,994158.8091147179
179304,2400.0,18082.81030103285
179305,1525000.0,1422896.6700232597
179306,8000.0,163413.0699573094
179307,3300000.0,1777512.9832862383
179308,2900.0,-80311.59062159155
179309,4850.0,366564.3453432005
179310,1630000.0,861556.6821309356
179311,720000.0,918658.3960141661
179312,5400.0,330696.1011732025
179313,65000.0,258726.35355801694
179314,800000.0,974817.1461453829
179315,5950.0,583420.6322944043
179316,1685000.0,1814700.1514833104
179317,1750.0,11604.902676306665
179318,1300000.0,949920.8247153079
179319,432000.0,690603.6198481098
179320,835000.0,919605.4506766163
179321,1918088.0,1017040.102051774
179322,1768888.0,1213498.112580155
179323,1638000.0,1236471.859118265
179324,650000.0,934177.8680085931
179325,1407500.0,711680.3642380517
179326,200000.0,738660.6934578484
179327,1430000.0,1006111.9347992949
179328,1300000.0,1309455.63989342
179329,230000.0,834929.1653675577
179330,878000.0,957071.1085925857
179331,820000.0,934556.9274561256
179332,795500.0,857582.380848553
179333,642000.0,725509.7100798311
179334,1132000.0,1103878.72270987
179335,175000.0,835685.6777569214
179336,957000.0,1079745.2581147552
179337,765000.0,849339.9979750654
179338,679000.0,911805.3859491888
179339,975000.0,866870.7504150476
179340,1472000.0,785844.575131
179341,460200.0,931811.7102481844
179342,899999.0,1298040.2416697107
179343,3700.0,26970.80605604872
179344,1400000.0,882233.9798493301
179345,769000.0,1157372.1892146915
179346,625000.0,1248482.4995150492
179347,2410000.0,1008201.2009938629
179348,2327000.0,1798374.7727325335
179349,1670000.0,1134051.7022457095
179350,3300.0,-11136.901399308816
179351,850000.0,791832.2603721768
179352,669000.0,892199.7071323562
179353,399000.0,912577.3988523455
179354,4800.0,-3258.0200750064105
179355,750000.0,959643.5927746622
179356,860000.0,876294.6858154396
179357,150000.0,440432.37917017285
179358,920000.0,731030.3470627274
179359,1650000.0,930069.2319756988
179360,775000.0,838910.1448162766
179361,4300.0,473964.76164263114
179362,575000.0,1170420.017321336
179363,1000000.0,1104038.55920495
179364,199900.0,623413.7459800811
179365,3200.0,318655.6817324599
179366,1650000.0,2197605.13430035
179367,1089000.0,779316.0782870678
179368,907000.0,981159.2131491145
179369,1125000.0,1157066.788263306
179370,782000.0,731991.1992154885
179371,1100000.0,1198603.1777914884
179372,1049000.0,1210668.7413379075
179373,1460000.0,1525486.311334609
179374,557500.0,832821.4500602772
179375,1200000.0,1006776.2147973534
179376,663500.0,839600.4544447036
179377,686500.0,887264.2514000973
179378,920000.0,942626.9614263633
179379,810000.0,928848.021727683
179380,570000.0,877255.2121645119
179381,565000.0,598175.2666444881
179382,759000.0,1058162.6088324226
179383,1200000.0,1633180.272304195
179384,730000.0,1188365.291618267
179385,1350000.0,912091.5907873372
179386,70000.0,-270852.50623629894
179387,494000.0,638909.7791495258
179388,1425000.0,1566912.1406361284
179389,450000.0,544747.1464660456
179390,560000.0,671262.308964991
179391,800000.0,730490.582555688
179392,1340000.0,1709861.917692298
179393,2540000.0,1239686.5355218966
179394,975000.0,1020541.9545720946
179395,2360000.0,1435385.3522393936
179396,335000.0,641327.1474376684
179397,3550.0,55120.12733759545
179398,815000.0,808160.4817007538
179399,662000.0,727764.4440636765
179400,5250.0,349517.1428846624
179401,1580000.0,1338646.1853754427
179402,595000.0,590175.606267157
179403,2475000.0,1560113.7022767253
179404,1005000.0,1068762.176767134
179405,6200.0,362335.420552196
179406,750000.0,996591.5910377102
179407,275000.0,970307.52449618
179408,510000.0,564108.8270964315
179409,3200.0,-33998.99300127383
179410,3995.0,-195226.82871743385
179411,610000.0,382058.8366854703
179412,266500.0,482977.8419293603
179413,1280000.0,1008419.33471487
179414,485000.0,488347.3851277316
179415,3250.0,77686.01512752566
179416,275000.0,356592.0691808248
179417,3475000.0,1791553.372408119
179418,1350000.0,1398478.6435617562
179419,1304000.0,1176941.443161128
179420,1700000.0,1290742.4827486658
179421,720000.0,987872.0554975234
179422,945000.0,825910.3995510433
179423,819000.0,916079.0461723413
179424,1900000.0,980017.8801776432
179425,780000.0,681080.9560369179
179426,975000.0,1084960.7425804036
179427,1200000.0,1191275.3347675782
179428,1479030.0,1161294.6415005652
179429,375000.0,545096.1855746452
179430,1165000.0,1160486.1741918316
179431,940000.0,924396.0441828035
179432,485000.0,504138.2227668734
179433,657000.0,1019937.8555297656
179434,1580000.0,896573.8271453194
179435,6500.0,865783.1582820481
179436,689000.0,841808.0352047011
179437,310000.0,461537.9966880111
179438,518000.0,622439.1041462263
179439,606000.0,687129.7895048289
179440,491000.0,789737.2284703143
179441,2695.0,-224500.50014396664
179442,3900000.0,1908595.3635330787
179443,2500.0,-238998.91055010166
179444,918000.0,1677951.1244726675
179445,7200.0,595209.6465204628
179446,2950000.0,1716857.298100436
179447,955000.0,1048164.4051609328
179448,2250.0,-454287.51565576345
179449,569900.0,1138101.4996734206
179450,1375000.0,1016474.0541950781
179451,1460000.0,1389652.308293621
179452,500000.0,858303.1075288523
179453,670000.0,844217.1305173114
179454,1620000.0,1326462.0932890316
179455,390000.0,573528.6012366507
179456,525000.0,535749.3830122175
179457,650000.0,1082142.7718017297
179458,440000.0,465944.572239019
179459,4500.0,404124.1269204393
179460,779000.0,702682.2698571905
179461,770000.0,946040.8725053454
179462,1150000.0,1133207.0089160278
179463,855000.0,772264.5519797159
179464,152000.0,576544.0549425539
179465,2695.0,-402916.07009300776
179466,417000.0,262242.60125797894
179467,685000.0,894988.9001931632
179468,1650000.0,1091174.7365538022
179469,2340000.0,1688177.0321106473
179470,4075000.0,1569063.6788495835
179471,7500.0,724344.6303411517
179472,9750.0,849983.2596721482
179473,6995.0,765027.0689248638
179474,750000.0,1049925.4437329872
179475,750000.0,872489.146989001
179476,545000.0,621451.8136302782
179477,700000.0,1101640.663029343
179478,1140000.0,901359.139434346
179479,1125000.0,1150029.1091898447
179480,829000.0,729736.1294187084
179481,1375000.0,1392897.2218268877
179482,2200000.0,1977925.9497502008
179483,1405000.0,1241483.3795838114
179484,1685000.0,943619.9720313735
179485,1460000.0,1325577.52675445
179486,730000.0,790779.5103017241
179487,675000.0,696309.1932706954
179488,1070000.0,1009726.3754910845
179489,990000.0,799994.6920556948
179490,2050.0,-2422574.6030763173
179491,699000.0,789936.1550121745
179492,1860000.0,1022658.9882222349
179493,860000.0,1115984.319926531
179494,392500.0,798268.2544628587
179495,1400000.0,1162272.5128790354
179496,2150000.0,1115057.5706789745
179497,1050000.0,918981.4869682612
179498,334990.0,465394.79249622393
179499,705000.0,906148.5846645217
179500,846000.0,1008350.3713465808
179501,1255000.0,1092640.3237347314
179502,985000.0,1067131.8274906222
179503,575000.0,653651.0525700608
179504,654990.0,615389.981033151
179505,840000.0,920790.2052354366
179506,610500.0,875214.5110395551
179507,399990.0,569383.217337924
179508,1375000.0,1115104.350844522
179509,1550000.0,1505963.8068120843
179510,1220000.0,1251481.775984861
179511,1830000.0,865620.529725953
179512,885000.0,935987.0405867537
179513,800000.0,807744.0803796658
179514,620000.0,653768.3267275849
179515,886000.0,1052641.716689649
179516,4600.0,-90602.87141595874
179517,659990.0,648671.8470739126
179518,407000.0,569276.8823104454
179519,6200.0,312771.6718552327
179520,515000.0,988239.1504643466
179521,465000.0,723793.2521493416
179522,652990.0,669851.084137937
179523,835000.0,982054.054097183
179524,1875000.0,1013296.9615756012
179525,1387500.0,1301875.3778044516
179526,815000.0,1134801.5643388452
179527,656990.0,589807.0211726362
179528,1530000.0,1426971.6063923566
179529,569000.0,716232.3983111177
179530,399000.0,520192.3331740368
179531,1055000.0,1036588.1961002266
179532,800000.0,1588454.031718403
179533,2230000.0,1319098.1089210417
179534,1010000.0,592732.8665886382
179535,1200000.0,1082419.5817766692
179536,410000.0,839465.3461271329
179537,539000.0,1004000.2989964634
179538,580000.0,1065278.59441059
179539,3200.0,71563.05246961024
179540,2812000.0,1798925.1754355468
179541,740000.0,796637.89428805
179542,1270000.0,924415.5453466838
179543,442888.0,480872.57229785156
179544,476990.0,484385.08527077734
179545,1009000.0,1047191.9546332965
179546,649990.0,1046010.2536358433
179547,311000.0,536244.0783705227
179548,1348500.0,991259.7315544253
179549,454500.0,621377.8613408115
179550,670000.0,657099.0300638424
179551,4150.0,-68554.82793129422
179552,15000.0,1211701.5368626565
179553,816000.0,880193.7144057043
179554,1750000.0,1457053.9810978342
179555,346500.0,678842.8805460883
179556,5850.0,775149.3556212755
179557,605000.0,859000.4370339876
179558,840000.0,1068113.7985526137
179559,1841000.0,1098365.0425314866
179560,979000.0,1023655.290690314
179561,990000.0,1191053.805365445
179562,1975000.0,1202937.2752839942
179563,1526000.0,1039726.9638188332
179564,1120000.0,1297749.600212751
179565,793000.0,817331.0942800334
179566,1275000.0,1041502.7381164618
179567,5870.0,605668.9306918988
179568,1445000.0,1056574.1467344938
179569,3000.0,126105.42262598872
179570,2650.0,-89556.15899371821
179571,1190000.0,1057548.324891936
179572,890000.0,1048473.6765917866
179573,625000.0,587188.7744382219
179574,1412648.0,1369730.8658261737
179575,1450000.0,755107.3816919336
179576,837000.0,1049791.259265054
179577,804000.0,860329.0346983252
179578,2035000.0,988200.5727848886
179579,880000.0,796149.0980637167
179580,757000.0,819826.7832535123
179581,360000.0,638225.2526565976
179582,540000.0,772567.3883714853
179583,975000.0,1072700.9015406994
179584,3500.0,211717.9724510247
179585,789000.0,973966.8902799143
179586,950000.0,803044.8268155307
179587,3000.0,-200793.34491666406
179588,1450000.0,1119142.8330883319
179589,1264900.0,1058410.7605104148
179590,460000.0,783252.7418180984
179591,840000.0,1001534.6309513971
179592,955000.0,1040434.4961961508
179593,2450000.0,1277312.2995301718
179594,382000.0,509197.36911468767
179595,720000.0,1003655.7760128407
179596,435000.0,743792.8708705911
179597,722000.0,678621.2873462057
179598,910000.0,1000771.9898099564
179599,720000.0,760298.5043128915
179600,1712500.0,1605977.7572453087
179601,705000.0,928440.7340004425
179602,560000.0,774922.575280589
179603,1005000.0,1011827.3006497463
179604,1175000.0,1162169.7512979452
179605,2499000.0,1420381.5901307482
179606,500000.0,989413.6308967024
179607,777888.0,802829.0035083089
179608,1255000.0,1011975.7664941931
179609,274900.0,226354.41208438762
179610,1100000.0,753476.0288229845
179611,2200000.0,1196830.7653633459
179612,2695000.0,2073117.420375741
179613,397000.0,530864.8376562465
179614,1626000.0,1512769.6785752866
179615,805000.0,1033180.1339611439
179616,950000.0,1024328.6593433609
179617,1550000.0,1621491.4985769186
179618,1925000.0,822687.2308979593
179619,1321000.0,1103208.2961629415
179620,549000.0,946152.2596833017
179621,640000.0,1415551.8846564135
179622,1593000.0,1468395.8060597926
179623,1290000.0,1140644.1415541312
179624,675000.0,1003874.7273724088
179625,1000000.0,961132.4675909784
179626,818000.0,646325.797666559
179627,1850.0,-187970.0310451882
179628,1700000.0,1488973.0022463147
179629,668220.0,713518.0855141943
179630,2250000.0,1830119.916882134
179631,813000.0,744367.8512219004
179632,3500.0,-54402.04756053351
179633,1480000.0,1060016.9229843775
179634,580000.0,881808.7948720632
179635,380000.0,626771.2087391475
179636,1368000.0,1252184.3970877472
179637,3500.0,295845.4386431053
179638,509990.0,714329.7444264116
179639,705000.0,898121.1142220432
179640,1192000.0,993828.9925781274
179641,985000.0,1153527.1603652416
179642,4250.0,301818.0093769934
179643,600000.0,440331.29085593857
179644,750000.0,641761.2192895552
179645,4300.0,87893.86668672506
179646,15000.0,825853.9988687532
179647,920000.0,1012443.7478720229
179648,675000.0,879835.0094593987
179649,530000.0,541888.6424587667
179650,521000.0,604572.8579454469
179651,1379000.0,1149388.8958213143
179652,1085000.0,966763.7129290598
179653,2375000.0,1528095.420303694
179654,907000.0,928880.9783599973
179655,775000.0,868940.0754722096
179656,440000.0,815404.8334791707
179657,1300000.0,1103383.2538469462
179658,2167000.0,1157575.1594304694
179659,965000.0,1053818.1393899247
179660,1450000.0,1382580.2028012061
179661,460000.0,692319.7712920737
179662,1500000.0,1453385.037486216
179663,5500.0,189535.67881934252
179664,389000.0,750331.636370142
179665,1630000.0,1376148.5045862189
179666,1505000.0,1063189.6359975906
179667,735000.0,970878.6588615458
179668,605000.0,666602.6749295369
179669,911000.0,920858.1113477731
179670,430000.0,794710.0702095451
179671,507000.0,615493.3975540288
179672,749000.0,1134565.926167029
179673,745000.0,710743.2794538205
179674,1750000.0,1526088.259254681
179675,635000.0,1129902.8824110935
179676,2200.0,4674.677703892812
179677,370000.0,453981.24892775435
179678,540000.0,716853.7183648022
179679,2185000.0,1493706.6823225403
179680,999000.0,988160.7939588949
179681,625000.0,918038.0849732701
179682,860000.0,898818.456886623
179683,1580000.0,1739772.9679672113
179684,896000.0,967446.508151778
179685,550000.0,654963.5706098722
179686,2258000.0,1260466.3967314344
179687,505000.0,693755.4806619063
179688,290000.0,512820.08620639425
179689,705000.0,976789.9386472525
179690,1505000.0,1258221.0939320475
179691,1400000.0,1384551.1251917556
179692,942500.0,1167737.4252625639
179693,720000.0,571657.4479932077
179694,544915.0,820411.1175991213
179695,2945.0,-212865.02171637863
179696,410000.0,669164.0859905882
179697,1575000.0,1507744.7737324014
179698,980000.0,817540.4536697343
179699,795000.0,726504.4422944011
179700,815000.0,966008.0454584071
179701,730000.0,1174455.6026089024
179702,990000.0,1051425.39060931
179703,3800.0,65990.96377099119
179704,220000.0,2080.0010911719874
179705,2860000.0,1722483.0054116547
179706,1200000.0,1117653.1098356666
179707,519000.0,678983.108964513
179708,230000.0,570849.7687809672
179709,3200.0,-47029.51515418105
179710,2015000.0,1385965.2339469297
179711,1296000.0,944160.7817883091
179712,1030000.0,824934.3303188859
179713,534950.0,799840.7651817165
179714,2200.0,-361606.97967889067
179715,1600000.0,1302813.787744456
179716,9250.0,824965.1883694706
179717,6500.0,714719.0187140144
179718,990000.0,1024151.862554878
179719,985000.0,1094861.5463425182
179720,1000000.0,1147958.7259736601
179721,689000.0,773869.019968925
179722,860000.0,1064832.867343219
179723,675000.0,868903.4043826144
179724,4800.0,351054.9101835415
179725,450000.0,708039.7538480256
179726,850000.0,1050595.1440423243
179727,735000.0,599482.6008516438
179728,1175000.0,965923.7274688864
179729,1150000.0,1090579.014821657
179730,2120000.0,1335774.6750563374
179731,809000.0,1105713.1402713228
179732,8000.0,856242.1250902824
179733,1790000.0,1044739.9607918328
179734,895000.0,889831.4250937691
179735,1850000.0,1664158.551681202
179736,770000.0,1075617.8293339582
179737,650000.0,729334.8685833802
179738,3159.0,372196.0239562914
179739,3250.0,135838.22174583562
179740,1750000.0,1367212.149855109
179741,850000.0,869380.4842425492
179742,199500.0,792446.8170105489
179743,990000.0,963015.5750122378
179744,1750000.0,1112811.0724189365
179745,250000.0,450055.03279762063
179746,145000.0,454714.2602635091
179747,727000.0,902587.5712302923
179748,850000.0,993038.9790477064
179749,900000.0,1213590.3087001303
179750,390000.0,706200.0583341625
179751,250000.0,623340.4953592084
179752,580000.0,609994.8363999883
179753,275000.0,810648.383163359
179754,875000.0,966667.7930381959
179755,950000.0,1194806.3345037065
179756,1125000.0,1221980.0007672273
179757,929500.0,1112172.5208095107
179758,2750.0,-178416.02021618653
179759,2700000.0,1274193.1141206175
179760,765000.0,934418.8935256051
179761,1849900.0,935704.6430088878
179762,1350000.0,853448.7185956435
179763,525000.0,380573.34167904593
179764,5000.0,339836.50195624493
179765,2300000.0,2349419.233482754
179766,2275.0,-87943.92569241207
179767,715000.0,710331.8850963302
179768,2900.0,95077.91706016846
179769,1250000.0,1035274.2361463895
179770,2125000.0,1227806.9933512444
179771,2087500.0,1457472.980465806
179772,950000.0,1015459.3208396509
179773,530000.0,649602.2563521368
179774,2600.0,-16027.094001262449
179775,410000.0,564770.1948341513
179776,4775.0,184138.5581980897
179777,728000.0,943167.3606836693
179778,520000.0,750830.3553875983
179779,605000.0,635670.3307390809
179780,3200.0,-256123.05139688123
179781,405000.0,682758.2951315809
179782,1400000.0,1103815.6467590304
179783,1400000.0,1244543.5322599001
179784,550000.0,544784.1354888678
179785,4600.0,409716.6779201096
179786,3700.0,107903.21155801881
179787,625000.0,755892.1706099128
179788,1350000.0,899654.6170459269
179789,3750.0,-26237.186164931394
179790,3200.0,-298973.3057253631
179791,1280000.0,1259674.1953392243
179792,1700.0,-582485.5285234218
179793,1100000.0,1244342.9852080476
179794,1800.0,196766.4085706193
179795,1650.0,-239111.17192966864
179796,1350000.0,1143606.2562012188
179797,652500.0,1007927.2441928331
179798,2600.0,-112452.11913794465
179799,3500.0,106860.183492776
179800,2250000.0,1504765.7379229544
179801,5500.0,345176.20861814544
179802,815000.0,725175.8988342639
179803,485000.0,864169.4839351922
179804,2310000.0,1246122.1664121076
179805,720000.0,973609.5977554489
179806,2325000.0,1364269.5881485306
179807,1300000.0,1441852.6608162438
179808,210000.0,612331.4854228124
179809,2078000.0,2194433.883330738
179810,875000.0,819865.3635855084
179811,1605000.0,1181466.374056966
179812,880000.0,1072392.1077097943
179813,879000.0,912925.945494798
179814,865000.0,1069594.0633586757
179815,975000.0,1135391.35481924
179816,2150.0,-167707.30132842716
179817,584000.0,871124.3591455724
179818,635000.0,701910.0817580605
179819,790000.0,1058197.629755633
179820,610000.0,653969.854376873
179821,1000000.0,1301887.800744933
179822,1431500.0,1447139.5613790303
179823,595000.0,644626.5753838466
179824,1370000.0,1048719.5086163012
179825,930369.0,915509.0881941942
179826,1445000.0,1114824.6870785672
179827,2500.0,-326146.8198013855
179828,1350000.0,1340668.4677025517
179829,1290000.0,1139082.5150432782
179830,480000.0,758845.7441622326
179831,930000.0,858605.8127412945
179832,1700.0,-25802.191386334598
179833,995000.0,918073.9205906168
179834,1420000.0,1503950.7920639375
179835,775000.0,801981.5641105287
179836,650000.0,564074.1588693131
179837,945000.0,1099900.1574828345
179838,181000.0,911863.9945728518
179839,1350000.0,1095905.4948078226
179840,1100000.0,1263432.8010662477
179841,1570000.0,1186646.5119295698
179842,750235.0,1060246.637820579
179843,752000.0,806291.3518472537
179844,1100000.0,1079869.7900542235
179845,830000.0,1233362.9644986363
179846,2600.0,-408303.10448868107
179847,720000.0,868371.5237918142
179848,870000.0,1192695.1873905668
179849,990000.0,992401.3691944573
179850,655000.0,639310.4881117446
179851,600000.0,1037952.644516266
179852,850000.0,721850.3702632533
179853,419000.0,579692.4505846137
179854,500000.0,822181.7965133777
179855,960000.0,1048985.8161235452
179856,7250.0,911765.7112433827
179857,2260000.0,1402003.7413198072
179858,645000.0,672918.0831738487
179859,1875000.0,1034012.9343440365
179860,815000.0,924150.7405081838
179861,1630000.0,1061427.761113421
179862,2000000.0,1080425.3986678617
179863,520000.0,805716.6599270189
179864,1535000.0,1224148.14965293
179865,1187500.0,1025655.5835520616
179866,699000.0,851057.7017924059
179867,4945.0,-340969.723705912
179868,525000.0,715902.6733353566
179869,783000.0,707827.9295153292
179870,1175000.0,1018334.8443628773
179871,1640000.0,1125495.8184983525
179872,864311.0,759195.8423231617
179873,3950.0,-23628.197855520993
179874,800000.0,832807.8664063541
179875,1175000.0,1402003.1678526
179876,1295000.0,1137504.6872920338
179877,2300.0,-91448.82961158175
179878,300000.0,453047.9127512062
179879,3500000.0,1837657.3974574646
179880,825000.0,885178.8416641532
179881,90000.0,667349.9037846718
179882,1609000.0,1018136.0896790847
179883,1158888.0,1517015.7619381538
179884,902000.0,1180574.2231707573
179885,1055000.0,1550164.8970936202
179886,950000.0,1029392.7691687057
179887,775000.0,836071.6655591596
179888,1320000.0,830758.9646623526
179889,970000.0,894965.7469863482
179890,4900.0,266174.2096225377
179891,465000.0,803570.2339719925
179892,670000.0,839401.9372479795
179893,660000.0,994290.530213437
179894,2550.0,-278645.28752661403
179895,2695.0,-187360.49749427754
179896,3571000.0,1218958.3573500626
179897,930000.0,869426.9270667275
179898,1655000.0,1365035.5822754772
179899,1325000.0,1203059.1333055226
179900,437500.0,494254.3605036307
179901,475000.0,569651.7090501208
179902,485000.0,730856.9993449049
179903,2750.0,-296126.7975259386
179904,1010000.0,746003.8966077017
179905,350000.0,364073.8994637644
179906,1456250.0,903689.8631399432
179907,1560000.0,1158666.1370014083
179908,1645000.0,1038322.134393042
179909,825000.0,961537.1390554076
179910,720000.0,716374.6157788606
179911,950000.0,1017369.9188076928
179912,540000.0,647000.2225694079
179913,390000.0,533322.4907882148
179914,1075000.0,761857.0488801403
179915,168000.0,394169.7089068275
179916,4350.0,290029.58927586954
179917,429500.0,415428.6037726663
179918,385000.0,671900.8315028055
179919,2700.0,-311500.7555107055
179920,1175000.0,960916.1205926472
179921,2400000.0,1568363.5599736338
179922,5950.0,430422.1832085168
179923,460000.0,931134.679596927
179924,1950.0,-181097.84930892568
179925,975000.0,1277689.536820217
179926,1450000.0,1256850.4802714428
179927,750000.0,649565.4320637882
179928,555000.0,535944.1351996427
179929,1321500.0,871317.2920262599
179930,870000.0,987498.7354240846
179931,950000.0,950576.990396726
179932,800000.0,866470.7132620141
179933,1299000.0,1078343.727019295
179934,1750000.0,1050311.2591101732
179935,599999.0,827058.1013825424
179936,949900.0,1060575.141031418
179937,1675000.0,1370798.060911688
179938,1180000.0,1282578.1682594577
179939,3200.0,223938.76564419176
179940,1000000.0,1103786.5906185778
179941,930000.0,807863.6433723895
179942,1040000.0,1184130.5348826768
179943,1550000.0,1772895.6149208872
179944,475000.0,698327.3836823953
179945,544000.0,823103.0647495743
179946,958000.0,970916.9608636722
179947,470000.0,598070.4737133961
179948,1265000.0,1019387.4494371274
179949,688000.0,1027256.9660900515
179950,1819000.0,1621976.8138344837
179951,888000.0,880216.8515885985
179952,1070000.0,1320239.9957897728
179953,7000.0,551029.2009214144
179954,1200000.0,854974.6590623399
179955,660000.0,641320.1505969381
179956,1430000.0,1212753.2122369036
179957,825000.0,795999.3721821615
179958,1970.0,-497708.76145293936
179959,1252000.0,899882.2636461388
179960,870000.0,1114599.628638734
179961,2900000.0,594369.8386195041
179962,1625000.0,1084038.5996726966
179963,1800000.0,1847726.144412741
179964,1849000.0,1267960.19747491
179965,760000.0,1014855.0732226707
179966,805000.0,753553.7346928045
179967,392000.0,985534.6844365653
179968,930000.0,1050405.6955176676
179969,555000.0,759207.0437485669
179970,3525100.0,1730984.8098788904
179971,650000.0,889742.1938444339
179972,1525000.0,1479280.5639226427
179973,484000.0,616739.7204943094
179974,1140000.0,1141384.91829052
179975,780000.0,1105150.054157082
179976,810000.0,719289.7323567374
179977,3835000.0,1599357.6760194646
179978,2100000.0,726845.3694923054
179979,430000.0,485167.4103887612
179980,560000.0,814843.217040576
179981,1400000.0,1060901.0877230857
179982,585000.0,843977.890365337
179983,1810000.0,1199513.439811646
179984,670000.0,473396.9615588337
179985,575000.0,556191.6929397294
179986,728000.0,394719.09623910114
179987,2100000.0,723054.6958709192
179988,1164000.0,1291730.58415367
179989,1350000.0,985708.0370184416
179990,1762500.0,917263.1957656657
179991,568000.0,781870.8565813461
179992,1099500.0,1026935.2694608988
179993,2800.0,22498.163581138477
179994,933500.0,1189629.9226644272
179995,849000.0,1133741.759513015
179996,4300.0,427769.1728849765
179997,1280000.0,1333512.0063982625
179998,865000.0,965008.5658062585
179999,1170000.0,1002735.9570015054
180000,690000.0,879861.0349455699
180001,745000.0,922824.0637941258
180002,5100.0,323559.7846177621
180003,1790000.0,1465834.8449505074
180004,850000.0,1019127.1298244139
180005,900000.0,1100436.0615070863
180006,488000.0,300325.0536522791
180007,2200000.0,1615535.8507909887
180008,287000.0,430318.5884502195
180009,1900000.0,1281410.4302955111
180010,825000.0,798094.9302848671
180011,780000.0,805910.4068965064
180012,1325000.0,1123327.3268809216
180013,445000.0,588992.9438450448
180014,679999.0,530276.1343688341
180015,779950.0,1102086.971075952
180016,510000.0,396922.6513749799
180017,850000.0,788024.2789941672
180018,565000.0,474339.8330984935
180019,2525000.0,1608987.2855975889
180020,670000.0,1161438.3535189973
180021,930000.0,846422.6314977491
180022,1900.0,-393311.448608025
180023,1100000.0,1158593.5126638068
180024,1350000.0,1287749.0298322514
180025,585000.0,619473.5299207959
180026,625000.0,661599.3974591214
180027,628000.0,906515.8605509242
180028,435000.0,668976.3225313257
180029,595000.0,438475.8078000657
180030,1200000.0,1374480.3378456393
180031,700000.0,803757.9392093793
180032,960000.0,1213008.0214831457
180033,2850.0,-24648.6546404697
180034,1150000.0,1073291.5415786607
180035,1500000.0,1324313.7997340625
180036,1170000.0,1351519.4171234062
180037,585000.0,939194.3873178251
180038,2200000.0,1350382.3152156305
180039,787000.0,938457.7611382548
180040,650000.0,961108.5264462503
180041,390000.0,748601.1559128584
180042,670000.0,1025289.872744224
180043,1387000.0,1324993.054531375
180044,670000.0,701462.8496511662
180045,4730000.0,2584398.680427422
180046,830000.0,1045454.0445340779
180047,430000.0,584462.7578790197
180048,797000.0,947933.3467331799
180049,3950.0,42968.42797799874
180050,645000.0,790700.0268658092
180051,1240000.0,1165588.2065683138
180052,357000.0,660947.3773736861
180053,585000.0,983440.3508435441
180054,1090000.0,1092474.667386406
180055,700000.0,889383.2370415935
180056,4250.0,206760.12265748344
180057,920000.0,1079033.522106436
180058,612500.0,702367.952278858
180059,970000.0,707511.7871490903
180060,1101750.0,1314380.6202791976
180061,340000.0,659807.9192443984
180062,965000.0,1004235.6731540691
180063,530000.0,643496.8201326551
180064,330000.0,591281.1596083986
180065,675000.0,944743.2220788253
180066,310000.0,282241.0541320238
180067,520000.0,670106.4213851579
180068,1400000.0,1729395.7965731453
180069,955000.0,784319.2716652891
180070,559900.0,653244.2542752055
180071,646000.0,701078.4837740418
180072,607500.0,679778.7649127664
180073,635000.0,758424.9782859432
180074,878000.0,859985.7827780349
180075,810000.0,711249.258263018
180076,466000.0,731340.4443893367
180077,895000.0,874676.4336765194
180078,935000.0,773841.9118936481
180079,1475000.0,753210.4892189736
180080,1317000.0,1054457.344530696
180081,510000.0,738701.0994465332
180082,640000.0,851359.5579179935
180083,5525000.0,1800475.8769767815
180084,815000.0,1510047.2515735487
180085,865000.0,828884.1509569418
180086,710000.0,810907.7839433737
180087,849000.0,748474.5708328113
180088,935000.0,993740.3295998862
180089,739999.0,839315.297106579
180090,899999.0,1083380.6344174054
180091,529000.0,976721.3075458957
180092,700000.0,638587.9645354021
180093,1550.0,-207218.0622756807
180094,600000.0,957640.8456030721
180095,645000.0,809196.8880084883
180096,499000.0,897430.5120998155
180097,831000.0,849289.072660109
180098,3650.0,-212544.10081867408
180099,669990.0,693873.183837859
180100,620000.0,536387.4261319004
180101,4500.0,95094.20287583396
180102,3250.0,132340.6261971863
180103,4000.0,117006.73737034481
180104,767000.0,1014502.6429236475
180105,2500.0,-169598.6364552658
180106,565000.0,706419.3330125324
180107,1200000.0,935294.3306778371
180108,1600000.0,772531.7844751859
180109,1625000.0,1029817.4083722858
180110,3750000.0,2730223.5784914214
180111,710000.0,1768383.7593126372
180112,780000.0,1027567.079318367
180113,915000.0,1252961.2863172675
180114,2600.0,-337002.89904302824
180115,1480480.0,1562986.4151838832
180116,1175000.0,908373.0391604779
180117,1320000.0,895321.268160576
180118,1683000.0,2373807.9292865572
180119,470000.0,526555.6253459565
180120,820000.0,1052769.9712840477
180121,550000.0,582466.5731598521
180122,8195.0,1229549.290673905
180123,1570000.0,998524.8512079632
180124,780000.0,890139.8819376519
180125,395000.0,713866.5396723263
180126,755000.0,816984.264786222
180127,820000.0,1042396.9779172
180128,628000.0,841023.4850895293
180129,5337500.0,1633796.999829024
180130,2525000.0,1521837.703882834
180131,710000.0,852991.3071650406
180132,513000.0,554173.9428508645
180133,1125000.0,924499.173229849
180134,2200000.0,2299163.8467137087
180135,746000.0,757758.860807525
180136,1115000.0,1095267.603522595
180137,2175.0,-295929.3777812645
180138,1575000.0,1175538.9973236043
180139,805000.0,651955.099399087
180140,5000.0,435496.40852441546
180141,860000.0,1250779.7208072646
180142,575000.0,1139450.378904473
180143,870000.0,933137.6488786517
180144,1775000.0,2062303.022816753
180145,1873300.0,1820189.2342839576
180146,589000.0,626155.0519297738
180147,500000.0,522138.0730128139
180148,3209375.0,1145909.904744193
180149,1070000.0,830116.6110181063
180150,635000.0,773890.0101779206
180151,3300.0,36470.78095701244
180152,1699000.0,946965.2115064245
180153,675000.0,734240.9696312221
180154,1225000.0,1128642.8739162534
180155,650000.0,836831.4028043514
180156,1800.0,-389153.41589818615
180157,1775000.0,2159677.285065775
180158,2875000.0,1942957.3445303878
180159,722000.0,1190768.6532208333
180160,1050000.0,1127928.3953670487
180161,930000.0,977394.3936996218
180162,1650000.0,1650200.9458521903
180163,1175000.0,1064213.148443534
180164,265000.0,268023.84440138284
180165,680000.0,697022.8502426064
180166,1300000.0,881502.9021148616
180167,1510000.0,1457046.3990977164
180168,2151000.0,707568.6668651737
180169,1526000.0,1226068.0512008583
180170,975000.0,1007409.6225755299
180171,2550000.0,1536815.192658727
180172,700000.0,897988.7845868198
180173,1490000.0,1064843.548372766
180174,3787500.0,1671264.4537519524
180175,490000.0,659685.4506157814
180176,600000.0,721057.157949335
180177,1175000.0,1002873.9981787484
180178,888000.0,983622.7932249233
180179,750000.0,1102069.7666284265
180180,550000.0,868593.2797075147
180181,1080000.0,1041646.5295083635
180182,690000.0,771268.6846297868
180183,2290000.0,1588276.508897853
180184,650000.0,684008.6911759321
180185,648500.0,867996.5745522017
180186,1170000.0,1828756.78395754
180187,799888.0,1012704.8497560704
180188,1016000.0,897010.711605317
180189,1055000.0,1096872.2637915453
180190,7300.0,703219.550854574
180191,640000.0,1151581.5305549186
180192,366500.0,670817.4193270747
180193,895000.0,901229.4527048012
180194,1207000.0,867087.1840520278
180195,545000.0,411820.5313478885
180196,560000.0,691723.5314900046
180197,3200.0,-389635.99668132514
180198,560000.0,512477.4285531491
180199,1875000.0,1500192.5498297047
180200,1515000.0,1380320.1982205287
180201,680000.0,1069602.4545130264
180202,7000.0,91488.30708231684
180203,425000.0,522652.7936710296
180204,1500000.0,906465.8041368537
180205,805000.0,856940.0306657655
180206,1500000.0,841282.4463908384
180207,777500.0,963731.6944123087
180208,1500000.0,1295988.442927871
180209,800000.0,943942.1290398017
180210,1435000.0,1047194.7003644388
180211,900000.0,901928.7368644001
180212,2150000.0,1134561.6428585583
180213,830000.0,935105.2398619736
180214,1295000.0,1295024.8282964453
180215,950000.0,1050114.556494304
180216,429900.0,780032.0091043394
180217,1650000.0,1398631.0632936005
180218,1200000.0,1034679.0655205725
180219,430000.0,579457.0902388021
180220,1437500.0,1291058.0287455022
180221,615000.0,695758.5739525296
180222,1205000.0,1645329.2269132752
180223,2380.0,-167176.00504094176
180224,2995.0,-240147.9519235082
180225,399000.0,574475.2838693382
180226,2050000.0,1642595.0974207493
180227,2100000.0,1387972.5325367628
180228,390000.0,662224.2755549019
180229,80000.0,537930.775620346
180230,574500.0,597041.8382955566
180231,2399000.0,1821501.6325563928
180232,1195000.0,973018.5488659497
180233,650000.0,774649.5674131727
180234,1050000.0,1104260.1590659413
180235,886000.0,1095815.5030707065
180236,2300.0,-106308.62838636898
180237,823000.0,944979.9081237912
180238,2800.0,-39593.67925518192
180239,450000.0,852216.1003635041
180240,2113.0,-353304.261997805
180241,999998.0,1186946.1382572707
180242,2440.0,-208822.63515687548
180243,405000.0,703971.0080196001
180244,2875000.0,1350740.3892883286
180245,1580000.0,1237306.3318870142
180246,750000.0,872038.6812558174
180247,600000.0,576962.9618007811
180248,1300000.0,836958.8521332564
180249,2500000.0,1322468.859025659
180250,782750.0,865764.0567530068
180251,905000.0,964444.7076673033
180252,1745000.0,1412544.6546215452
180253,305000.0,497129.9980062982
180254,600000.0,813388.868446135
180255,2000.0,-96376.76056121569
180256,1630000.0,893105.6755118882
180257,560000.0,595431.5706645502
180258,2650000.0,2283078.9297066666
180259,2650000.0,1394477.7111894665
180260,654500.0,749999.5884451363
180261,495000.0,380322.6628703112
180262,430000.0,591792.404420225
180263,735000.0,1069387.7907464253
180264,975000.0,1102859.4316412788
180265,1199000.0,1244915.7955619153
180266,1190000.0,1083746.7735404158
180267,738000.0,617219.6016691923
180268,1738000.0,983239.4656830607
180269,1110000.0,1218752.4369964562
180270,484000.0,597017.0477121593
180271,5000.0,698596.453525546
180272,705000.0,727316.3325020215
180273,3050000.0,1953589.754281952
180274,2950.0,340350.39404757693
180275,240000.0,865704.4600525806
180276,900000.0,1001609.6226186389
180277,2300.0,-307619.9302902911
180278,4600000.0,1891798.30197871
180279,3501181.0,1934185.4835526962
180280,410000.0,735584.3803315675
180281,798000.0,1142096.7056213021
180282,463000.0,802505.1837521652
180283,405000.0,781733.7647795407
180284,520000.0,494550.17889101245
180285,660000.0,706648.4113710625
180286,4200.0,-25228.426465497352
180287,480000.0,825497.9512415491
180288,759000.0,707819.0032142922
180289,1581800.0,1231582.3010300184
180290,2450000.0,1073220.542143046
180291,2150.0,-278406.0232130112
180292,700009.0,651980.6393480925
180293,495000.0,879218.9045179402
180294,892000.0,1178604.085714709
180295,3250000.0,2100923.010777683
180296,5200.0,359772.11057556886
180297,996500.0,919644.0845317962
180298,685000.0,1027901.6367203481
180299,635000.0,498811.8446024414
180300,540000.0,609463.0171269253
180301,3650.0,-19499.191075764596
180302,575000.0,713283.8499297574
180303,3800.0,125349.53202725668
180304,950000.0,1178915.5673890403
180305,4950.0,316117.1747513246
180306,315000.0,625092.8442867929
180307,3725.0,228719.37146560568
180308,2250.0,-289768.5736108152
180309,430000.0,612410.9488876453
180310,735000.0,440997.21694578044
180311,805000.0,1028970.8290018542
180312,1100000.0,1548834.5584224714
180313,439999.0,755819.2979050102
180314,899000.0,1153062.4938792875
180315,515000.0,639126.6428424101
180316,830000.0,687542.7546267351
180317,1848000.0,1611447.2474917518
180318,645000.0,804002.2941057319
180319,1720000.0,1408385.682774948
180320,1100888.0,1164003.8394989371
180321,1140000.0,1266950.3117743134
180322,80000.0,742527.2732166303
180323,4500.0,97679.10852918029
180324,1135000.0,1053918.6110523166
180325,190000.0,632829.9966076817
180326,3050.0,-267862.2854679981
180327,470000.0,991975.3782858141
180328,4560000.0,1592069.8349505635
180329,1115000.0,922058.9076879555
180330,4800.0,210930.12825600524
180331,495000.0,699764.56468747
180332,998000.0,1009166.8175303908
180333,5400.0,-168041.6207914399
180334,681000.0,878886.9247749439
180335,865000.0,998885.9372535218
180336,3375000.0,2144829.3666266436
180337,3350.0,27290.276879097335
180338,1185000.0,1393835.01971828
180339,1450000.0,1282625.994629385
180340,1600000.0,1459744.2572888164
180341,1800000.0,1161061.6009907434
180342,729000.0,770726.9654257437
180343,465000.0,426703.2722931653
180344,3300000.0,2060405.8680788428
180345,2395.0,-210841.343405148
180346,760000.0,850987.6980167301
180347,813250.0,944150.8448833264
180348,599000.0,865237.283715846
180349,410000.0,928183.7809643643
180350,3300.0,-396120.58379991725
180351,900000.0,1108706.761903732
180352,1057500.0,1080115.4915506234
180353,1130000.0,1076602.6701506535
180354,3235775.0,1894181.4255653722
180355,740000.0,1122912.5357770668
180356,415000.0,800724.8299076157
180357,1100000.0,1363125.5826986898
180358,1725000.0,856010.278606724
180359,699000.0,873132.1408035858
180360,1180000.0,813599.7028843816
180361,650000.0,305850.3705217
180362,904500.0,1093805.581120979
180363,525000.0,1159586.0471518142
180364,1730000.0,794670.83253593
180365,3000000.0,2073632.3496873705
180366,1025000.0,1193161.1573205525
180367,1128600.0,1165035.8654917395
180368,2512800.0,2176743.8486730885
180369,1035000.0,1088687.2188630896
180370,480000.0,599664.8670008825
180371,740000.0,1160615.6419688985
180372,1355000.0,1394766.902576264
180373,4475.0,131986.4817452673
180374,970000.0,1159354.7195603913
180375,1410000.0,1243446.748101078
180376,2480.0,84461.0979340421
180377,425500.0,740452.0629520314
180378,710000.0,787908.8695606627
180379,485000.0,522285.9474934777
180380,1950000.0,1291451.0497981077
180381,700000.0,955545.0227660984
180382,1725000.0,1672295.8991665104
180383,780000.0,847261.2664975524
180384,1780000.0,1302779.396546171
180385,525000.0,693226.0284209996
180386,1370000.0,1314109.9077662332
180387,3200.0,-157554.73558306415
180388,3344000.0,1656112.3959838413
180389,599900.0,1200330.04159364
180390,2275.0,-92674.93014727812
180391,432000.0,640951.7406361327
180392,1150000.0,1188065.9590082616
180393,320000.0,597314.1687784959
180394,695000.0,1072211.2516252147
180395,540000.0,885066.8096342431
180396,545000.0,551589.9151792638
180397,685000.0,961699.8092770921
180398,7000.0,794293.7098245267
180399,1340000.0,1012871.3839820065
180400,934500.0,1036053.511296304
180401,1189000.0,740116.6834840989
180402,3050.0,-292541.96011949796
180403,3200.0,-72942.41347826459
180404,4114.0,-25999.49478592351
180405,1199999.0,1010895.7313570874
180406,710000.0,832877.8876082348
180407,3120000.0,2429649.6763213305
180408,1735000.0,1128762.734991109
180409,4500.0,397103.5420539696
180410,3058985.0,1669156.0419046897
180411,755000.0,631266.0113541372
180412,1050000.0,1076982.385031879
180413,904000.0,921733.5716456752
180414,800000.0,1047007.3113826532
180415,640990.0,641781.6712453328
180416,575000.0,481030.36806072854
180417,943000.0,836141.3316704296
180418,780000.0,661776.4377655182
180419,353000.0,429539.18601120263
180420,1290000.0,1082016.8785768198
180421,1080000.0,1152382.9779022885
180422,499900.0,609828.8576613152
180423,6900.0,642615.932377561
180424,838000.0,1203771.5456549348
180425,1125000.0,1360648.6189008206
180426,3800.0,6265.4743421357125
180427,845000.0,1330167.4946242804
180428,1865.0,-314938.9091338385
180429,830000.0,657254.9649745151
180430,3720000.0,2434338.9687597994
180431,465000.0,582678.0870909961
180432,520000.0,370586.4180357754
180433,650000.0,747129.640381013
180434,420000.0,534273.2675294755
180435,1700.0,-325833.9191588918
180436,1412000.0,829273.0177444275
180437,870000.0,817341.2763709631
180438,580000.0,363454.13938426506
180439,740000.0,800600.3879434122
180440,650000.0,878911.8292091573
180441,3650.0,-214682.98031716887
180442,2200000.0,1602616.9589254716
180443,4200.0,171343.30130156502
180444,805000.0,965420.0907560335
180445,1180000.0,1080145.2465933515
180446,550000.0,856837.2669745022
180447,618000.0,572925.2596602365
180448,3950.0,738003.3077991297
180449,1850.0,-115497.49441938382
180450,585000.0,649704.514365294
180451,1075000.0,1532892.5940222926
180452,450000.0,656324.2463910505
180453,895000.0,1326478.5451610452
180454,5400.0,547354.5035598371
180455,2000000.0,1502427.635589501
180456,739000.0,913241.9490172369
180457,5000.0,-53572.00585024711
180458,1099888.0,1019893.6404381758
180459,2415000.0,1553806.1763569135
180460,700000.0,739804.0177261904
180461,960000.0,768535.1292827046
180462,1275000.0,1111611.3435760587
180463,570000.0,789071.4426010838
180464,510000.0,882827.4539766768
180465,568000.0,546072.142719483
180466,1450.0,-247454.00007814262
180467,1450350.0,1291031.9676804775
180468,1200000.0,1072960.8023415376
180469,480000.0,559504.3465591287
180470,3900.0,40936.43855772726
180471,412000.0,586203.7742540687
180472,730000.0,816245.0651804795
180473,1625000.0,1255945.5891731028
180474,249000.0,507832.6043587886
180475,879000.0,949338.6115940968
180476,1150000.0,1518318.4289632803
180477,5375000.0,3588358.380892013
180478,330.0,101353.11550929025
180479,1450000.0,990368.9288030099
180480,865000.0,1064567.7937430441
180481,1400.0,-408011.17383153364
180482,580000.0,1399753.6179191712
180483,759800.0,868906.8187029846
180484,615000.0,1043091.7532994915
180485,1500.0,-588845.8421919988
180486,385000.0,465223.37077180017
180487,720000.0,881205.889347177
180488,547000.0,839762.8391210148
180489,3506.0,67332.39594644587
180490,1313000.0,1300284.0605443185
180491,5400.0,250833.34963577148
180492,1585000.0,1761857.3193980884
180493,1741000.0,1216712.7273581317
180494,5300.0,127796.77353978436
180495,630000.0,445488.8067479087
180496,1650.0,-397093.9407169977
180497,560000.0,604105.2202284792
180498,2000.0,-96136.59602963272
180499,790000.0,768681.2776596174
180500,400000.0,367219.6372449668
180501,740000.0,965003.6047804318
180502,270000.0,854096.9529365636
180503,625000.0,671045.1171276299
180504,599900.0,1117618.7815977195
180505,5500.0,345188.26097494457
180506,925000.0,1056132.1826186916
180507,499000.0,842777.5631606411
180508,1875000.0,1174770.7636539433
180509,5250.0,-184867.30300956964
180510,610000.0,1174105.5955147427
180511,4200.0,160604.65031835157
180512,1094305.0,1261946.5662727756
180513,820000.0,938539.1628588475
180514,1950000.0,1345089.5807184223
180515,1750000.0,1298240.40073096
180516,535000.0,572332.9987835381
180517,570000.0,1108967.9126844164
180518,1440000.0,863400.3026167732
180519,140000.0,847640.3224064605
180520,1730000.0,1231407.5112882908
180521,1305000.0,1023050.5382777164
180522,830000.0,1124430.3710383894
180523,625600.0,633950.0869517988
180524,845000.0,831032.3464980777
180525,520000.0,749621.2227556603
180526,820000.0,993874.3506058482
180527,437500.0,821407.8169600833
180528,3500.0,-207578.31052543595
180529,375000.0,683040.9777236804
180530,1755000.0,989721.6981740575
180531,1700000.0,1048154.5659575798
180532,680000.0,811135.0799399884
180533,1285000.0,1208555.7179022226
180534,2395000.0,1308015.563961533
180535,1400000.0,1030741.1117912931
180536,785000.0,987705.1553037493
180537,385000.0,613829.8512460813
180538,670000.0,962977.6310533052
180539,6250.0,445274.08822688553
180540,485000.0,769108.6233327882
180541,595000.0,909059.3067987431
180542,1200000.0,1148521.637891638
180543,1300000.0,946503.2579213744
180544,875000.0,1142271.8594068103
180545,497000.0,844166.0491334777
180546,1150000.0,1104845.0790115017
180547,1250000.0,1208209.1352411732
180548,340000.0,576625.1953585092
180549,1760000.0,1319082.6425651228
180550,1050000.0,853969.4714757977
180551,236000.0,371085.8209943073
180552,6200.0,340334.69110406935
180553,579000.0,896589.3628513608
180554,460000.0,731843.3127252283
180555,1320000.0,1581494.1637797523
180556,5000.0,-223773.46690222248
180557,585000.0,825954.3376405099
180558,770000.0,1005537.4957451234
180559,880000.0,811926.9010725338
180560,1390000.0,1337880.4494002238
180561,645000.0,578251.3510370916
180562,688288.0,769567.5912543479
180563,665258.0,769692.562585461
180564,770777.0,797128.0315919677
180565,6875000.0,2548169.6645109765
180566,1515000.0,1182829.7235853737
180567,607000.0,948436.3281109948
180568,4600000.0,3060650.319973306
180569,1146000.0,1174158.151415117
180570,620000.0,823963.9804483438
180571,3950000.0,2197018.4950720826
180572,140000.0,517048.40334985405
180573,1900000.0,1182380.0983309634
180574,750000.0,750383.2023160607
180575,333000.0,606648.1328272214
180576,1665432.0,1426369.0114499526
180577,1100000.0,961447.0869865753
180578,2950.0,113649.93042789679
180579,550000.0,511313.3561063763
180580,300000.0,675853.1115948362
180581,1000000.0,851431.6680283742
180582,1895.0,-135367.37800729088
180583,763000.0,992857.3909215704
180584,1890000.0,1310825.9560602214
180585,1080000.0,1210996.181884137
180586,6150000.0,2465622.3847467043
180587,575000.0,904107.1431788113
180588,405000.0,322157.8221350182
180589,2095.0,-275515.79086787533
180590,4318000.0,1627410.4901792146
180591,155000.0,341442.7775916662
180592,3750.0,-245291.95040029287
180593,2650.0,-196894.30592520162
180594,5800.0,302763.612825525
180595,673675.0,754686.9232329428
180596,439000.0,626374.5748489583
180597,810000.0,1032769.848472341
180598,1239000.0,1219044.2392298775
180599,5500.0,-57890.666872170754
180600,1495.0,-261085.54305901844
180601,715000.0,818689.6582463011
180602,375000.0,391936.6667395551
180603,895000.0,1012251.8100589113
180604,399000.0,577802.9071715642
180605,688000.0,876784.8308971766
180606,1550000.0,1536201.6763868816
180607,40000.0,2400554.0364237484
180608,1275000.0,1281276.029237708
180609,875000.0,904117.8159430269
180610,1036000.0,1060025.7164201029
180611,4600.0,138501.00785273686
180612,2650.0,-178658.2113244878
180613,705000.0,1303511.9103626115
180614,2800000.0,1158311.24253071
180615,420000.0,713201.0845850417
180616,330000.0,711287.4679566519
180617,850000.0,1022453.1985049173
180618,345000.0,349745.2444161773
180619,560000.0,596149.481478773
180620,3000000.0,1828375.7038214924
180621,825000.0,1007569.1752014793
180622,2800000.0,2127642.8258827077
180623,820000.0,870924.8925316092
180624,650000.0,732333.0114307413
180625,4650.0,335722.75052292645
180626,870000.0,963293.7411123803
180627,599625.0,809234.7543205786
180628,779000.0,1228479.218531453
180629,2505000.0,1573678.251968679
180630,1637000.0,1508447.0814102404
180631,763200.0,1001360.0156619968
180632,392000.0,639519.8948138021
180633,840000.0,1040849.3479286348
180634,414900.0,225167.39452761784
180635,241000.0,440293.5474205278
180636,1222485.0,1089775.0257327836
180637,525000.0,724186.5647878712
180638,1380000.0,896024.9511073036
180639,1200000.0,1031874.144379368
180640,375000.0,666864.8757210169
180641,1625000.0,2154240.3829559386
180642,479990.0,650373.7988678431
180643,592000.0,763821.5160081862
180644,400000.0,666070.9745406611
180645,920000.0,766927.7016920233
180646,535000.0,837571.2565688193
180647,1655000.0,1554447.7771398881
180648,1350000.0,1167221.1874008486
180649,2280000.0,1321136.994503824
180650,1495.0,-453150.6411738787
180651,1350000.0,1185859.09462158
180652,3950.0,103342.79223434161
180653,4200.0,101249.12307987828
180654,514000.0,546328.35612104
180655,510000.0,605195.5488506155
180656,910000.0,716532.8975846879
180657,841000.0,855405.5800014026
180658,542864.0,697433.8595509948
180659,1200000.0,1556653.2171802856
180660,2500.0,-392924.64984968957
180661,1285000.0,1308504.9267475689
180662,2400.0,-193514.96197363082
180663,535706.0,646719.0684963334
180664,2515000.0,1621621.0849050032
180665,825000.0,774520.0858753072
180666,465000.0,616228.4203787101
180667,50000.0,325481.35903608054
180668,1355000.0,1283312.741247165
180669,720000.0,851173.9833235098
180670,4200.0,185147.071253811
180671,900000.0,803660.8056224287
180672,1240000.0,952073.0140707418
180673,1099999.0,1067905.3714738125
180674,770000.0,789652.1287169652
180675,685000.0,717944.606947979
180676,1370000.0,1268090.382970742
180677,2500000.0,1061964.600572817
180678,1610000.0,1436510.7636548802
180679,605000.0,1134459.5031919116
180680,1622500.0,1640925.2084004413
180681,300000.0,563452.5098692663
180682,900000.0,995554.0942100603
180683,825000.0,854790.2191247465
180684,2845000.0,2007584.3702323204
180685,1240000.0,1172687.7710504467
180686,438000.0,749772.8975468203
180687,1044000.0,1014650.1262153676
180688,700000.0,707147.9005531501
180689,1150000.0,1625772.9996265722
180690,3600.0,-40899.00711429119
180691,300000.0,716496.2031626664
180692,1105000.0,1189819.4522917913
180693,2500000.0,1502451.1484605297
180694,1130000.0,1158850.375405999
180695,590000.0,669706.3745601522
180696,2800.0,-208664.02879599668
180697,855000.0,1090560.6746385572
180698,542500.0,962904.0145046785
180699,8000.0,680876.6222242694
180700,721000.0,677274.7003199821
180701,400000.0,612829.1420182902
180702,775500.0,822719.1816725163
180703,2195.0,4000085.1274773325
180704,1007500.0,958604.0939895948
180705,469900.0,775739.9943296425
180706,629000.0,558063.1710624592
180707,355000.0,394685.4496233994
180708,1220000.0,883090.6072748322
180709,870000.0,959627.642411286
180710,579000.0,908137.7302986002
180711,299900.0,665725.2056438411
180712,3100.0,-71505.56592231616
180713,1126000.0,1242158.892130821
180714,2180000.0,1203737.6995823393
180715,1175000.0,1068401.4550087983
180716,549000.0,1117569.2076954413
180717,399900.0,816073.567314879
180718,1287500.0,726231.8738930281
180719,750000.0,573717.3172805095
180720,1700000.0,1383653.7817437537
180721,1612500.0,1501301.117391713
180722,729900.0,889376.2380059548
180723,830000.0,973018.2033428336
180724,1195000.0,1024515.9884433793
180725,450000.0,651743.6984568425
180726,297000.0,612940.7447834536
180727,325000.0,434375.05891672336
180728,650000.0,849562.5206771884
180729,385000.0,538223.1958282981
180730,1750000.0,1184593.6848224085
180731,2850.0,-137779.6545545049
180732,1060000.0,1089108.7055653175
180733,1400000.0,1300547.1557705374
180734,1050000.0,836477.292400945
180735,515000.0,858954.8303186307
180736,3270000.0,843252.0559065547
180737,1315000.0,1020094.7201668555
180738,1300000.0,1352050.384395727
180739,610000.0,754422.7731283428
180740,460000.0,557864.5754574463
180741,400000.0,546386.5113033773
180742,860000.0,1136354.608516504
180743,310000.0,764989.9184472719
180744,950000.0,703635.1758547714
180745,877000.0,864557.4622798702
180746,1060000.0,1273979.3848675685
180747,840000.0,961930.2508356264
180748,610000.0,689271.9783028206
180749,1055000.0,689234.9195563067
180750,2160000.0,1284093.1470516091
180751,425000.0,664365.882513674
180752,3250.0,-33647.34382380452
180753,645000.0,1048909.2491971077
180754,665000.0,803858.6894750157
180755,2250000.0,1671701.0969544118
180756,1490000.0,1298188.8208269319
180757,3600.0,57366.51302573364
180758,3910000.0,1658805.8014263455
180759,2105000.0,1435984.0797296148
180760,900000.0,1047821.4421762303
180761,1288000.0,1444308.6053096317
180762,600000.0,1171480.1268130755
180763,1700.0,-277874.8352931887
180764,543862.0,646736.4788818387
180765,120000.0,374973.2121716477
180766,3750.0,-59344.21609630529
180767,875000.0,1145529.4401227562
180768,825000.0,903786.6005276032
180769,570000.0,1147516.8521786127
180770,640000.0,842264.400540269
180771,329900.0,617769.162013662
180772,750000.0,953188.0618192349
180773,719990.0,702224.4177300902
180774,1925000.0,1366989.7577876449
180775,405000.0,575634.486825116
180776,444000.0,531655.7055002674
180777,4790.0,478632.66512023006
180778,1600000.0,1226894.2234094199
180779,1900000.0,1226159.627415819
180780,670000.0,667610.4032206461
180781,699990.0,654660.4190527853
180782,603000.0,598455.3738591811
180783,370000.0,606623.1181169562
180784,745000.0,747492.5790473251
180785,625000.0,1064269.4269873723
180786,1860000.0,1400665.4171742508
180787,142000.0,584436.5649019573
180788,1350000.0,1089868.7262252048
180789,1135000.0,1100398.8820873117
180790,790000.0,653805.30218409
180791,1107000.0,1342383.7809649212
180792,267000.0,467427.5836065449
180793,2250000.0,1265487.9209159343
180794,3080000.0,785545.3672497841
180795,620000.0,1122658.5447091255
180796,585000.0,516591.9644043427
180797,3325000.0,1509136.134492956
180798,1375000.0,1563464.148404114
180799,450000.0,371939.60908622574
180800,3700.0,117739.83585028537
180801,1210500.0,1688714.9173598727
180802,975000.0,1002595.3703665519
180803,450000.0,691142.6011781115
180804,1212500.0,1043740.6693945238
180805,6500.0,639485.998676517
180806,670000.0,713793.323007361
180807,558330.0,475735.7363000037
180808,995000.0,1100514.5170956915
180809,2200000.0,1569815.0311968476
180810,2700.0,-132983.81083052699
180811,735000.0,882877.8437901363
180812,2800.0,-43344.283789896406
180813,789000.0,936192.6129300939
180814,2895000.0,1576631.5094395084
180815,800000.0,846078.0163080953
180816,1150500.0,1023594.3585112821
180817,4000.0,117552.75690340623
180818,2700.0,-101469.80047827773
180819,3800000.0,2186552.979245688
180820,2500.0,-218823.87606545072
180821,675000.0,541196.9070646754
180822,1110000.0,1080824.8768521985
180823,2900.0,-51272.433898196556
180824,755000.0,862654.7630966939
180825,5216250.0,2394309.50429557
180826,1032500.0,811271.8039619029
180827,23000.0,-67211.99255023617
180828,875000.0,1174159.5485713575
180829,2050000.0,1263248.6623101775
180830,1545000.0,1208976.888011624
180831,815000.0,752054.9503028765
180832,585000.0,694385.0921982042
180833,625000.0,659364.6895405203
180834,660000.0,762883.6383320065
180835,1350000.0,1498322.1870272495
180836,760000.0,655558.8560323948
180837,1220000.0,1135024.7901820485
180838,400000.0,785385.0886852155
180839,740000.0,929203.0719354348
180840,806500.0,1374851.093301489
180841,580000.0,678985.0269521791
180842,1249000.0,1249634.7977193957
180843,1690000.0,1948657.7701294124
180844,8500.0,-89934.95168979932
180845,911400.0,829255.9311051406
180846,840000.0,867628.6881663585
180847,4900.0,-56085.568465497345
180848,1879000.0,1435799.114861209
180849,705000.0,836566.3391133742
180850,590000.0,1088543.87961814
180851,470000.0,847398.4382428024
180852,2075000.0,1481426.1301368559
180853,755000.0,1207453.0546011329
180854,1499000.0,1692231.8903231267
180855,587000.0,580490.3623840073
180856,804000.0,1264489.2775687138
180857,2280000.0,1071316.974569385
180858,1849000.0,1294874.1158517608
180859,930000.0,970700.6431104187
180860,1691.0,-413600.88070417475
180861,704000.0,857040.4852958266
180862,915000.0,1065096.9635022413
180863,419000.0,749823.2964613587
180864,650000.0,862822.1939810831
180865,175000.0,449673.55322956294
180866,860000.0,1000496.6128541371
180867,1650.0,-147280.55758935586
180868,965000.0,947006.374327098
180869,1040000.0,954965.264261798
180870,355000.0,654814.4183892794
180871,605000.0,543452.920706924
180872,685000.0,1399108.1794289695
180873,4000.0,96275.89305459335
180874,600000.0,753008.9214898702
180875,1780000.0,1082677.618716198
180876,539900.0,590371.7293086061
180877,3720000.0,2143953.217942047
180878,2295.0,-294996.85356717836
180879,361000.0,594592.4417510955
180880,865000.0,1265889.6220546756
180881,705000.0,543274.7586662741
180882,2875.0,33125.51062494144
180883,1050000.0,1507258.9307137318
180884,953500.0,932557.7687556176
180885,2650000.0,1736087.1286733625
180886,5000.0,91258.34398763161
180887,355000.0,561446.7895244574
180888,1985000.0,1380709.2890196387
180889,596000.0,417092.1366134351
180890,1151000.0,1100948.6458793413
180891,850000.0,1036706.6192439031
180892,565000.0,576099.2558678491
180893,970000.0,1185175.4374297084
180894,4600.0,270160.4350508796
180895,410000.0,546696.9421166414
180896,1350000.0,1155271.086352597
180897,1460000.0,1029068.9651347222
180898,4300.0,35323.99872522522
180899,632000.0,648469.4255572371
180900,860000.0,937848.6453640824
180901,10500.0,665004.2748396052
180902,675000.0,914219.5797994472
180903,1349000.0,1555859.041525593
180904,801000.0,980550.6724276599
180905,795000.0,792137.7232558997
180906,3745000.0,2326708.729838039
180907,418000.0,596308.6968262931
180908,1970000.0,1562698.0092809517
180909,1670000.0,1232543.2227675002
180910,1725.0,-627279.4892699542
180911,576000.0,941872.9516539229
180912,545000.0,964939.2773999916
180913,675000.0,664197.730834852
180914,750000.0,838895.8780258493
180915,1625000.0,1334097.6624826333
180916,6900.0,244525.26300885342
180917,840000.0,943341.9885088345
180918,9500.0,617327.3279766412
180919,720000.0,871544.082709427
180920,185000.0,568269.1830116548
180921,950000.0,1374473.5222251806
180922,650000.0,963932.9955490017
180923,2180000.0,1328159.9347093776
180924,2975.0,77989.6559942998
180925,1505000.0,1704811.8077410702
180926,437400.0,627552.1105985893
180927,12500.0,1030904.1057888009
180928,2200000.0,1615408.3952056905
180929,1300000.0,680644.9499523109
180930,490000.0,935162.4948428068
180931,3010000.0,1288985.62525394
180932,2400200.0,1098061.5295325741
180933,1200000.0,958381.3791832915
180934,565000.0,479175.7620308604
180935,600000.0,1061809.3945558043
180936,1045000.0,835931.0676470203
180937,799990.0,823291.3937275726
180938,859000.0,1046374.1772700408
180939,650000.0,920148.8425303679
180940,1150000.0,1336618.26878562
180941,509900.0,912716.0483297631
180942,1820000.0,1192403.5247977125
180943,535000.0,652348.9054512819
180944,1000000.0,1350928.6655774303
180945,700000.0,827124.396162333
180946,1365000.0,1137149.0590279186
180947,1075000.0,1431978.2133730175
180948,860000.0,729643.6807767656
180949,1300000.0,1291731.2000843752
180950,625000.0,750973.162431838
180951,356000.0,409809.9110611677
180952,3235000.0,1412155.3686156282
180953,962000.0,898722.2822856093
180954,1288000.0,846071.6215585116
180955,585500.0,786236.7482529106
180956,7500.0,736876.4047068078
180957,3390000.0,3043018.43131716
180958,405000.0,632716.9813219244
180959,4995.0,26743.571922048926
180960,785000.0,941906.1684968323
180961,965000.0,909105.6836463567
180962,730000.0,1216287.3320635678
180963,1795.0,-367375.7810709411
180964,430000.0,295385.6961443322
180965,710000.0,800876.149614715
180966,1270000.0,1413260.567096578
180967,5000.0,-70685.82402978651
180968,675000.0,634232.7280765893
180969,4250.0,-125061.15145763848
180970,1550000.0,1157603.1437329222
180971,1607786.0,1805157.4644525954
180972,1100000.0,881739.1187646603
180973,7300.0,887400.4484491125
180974,680000.0,1078826.6028482318
180975,470000.0,321202.3058231529
180976,498558.0,718145.0641184514
180977,529900.0,568457.107199776
180978,216620.0,542165.4002932087
180979,985000.0,1214214.4746620469
180980,1335000.0,1329164.3715476235
180981,399000.0,732380.5237766411
180982,740000.0,871858.7800737489
180983,825000.0,1016959.9966180427
180984,586000.0,524774.3019089485
180985,564046.0,630321.4291596031
180986,770000.0,940461.7456415165
180987,2500.0,-195514.22426785436
180988,999900.0,1295481.410193571
180989,589900.0,533164.9787403503
180990,530000.0,667548.7075130381
180991,549900.0,727967.8331408361
180992,611000.0,868653.001349817
180993,772500.0,992467.5258125709
180994,1099000.0,660625.4661407694
180995,465000.0,569413.9421598352
180996,617000.0,937349.4642282352
180997,824900.0,966856.6815361753
180998,3555000.0,1957890.7888241038
180999,1160000.0,1039907.3197132107
181000,575000.0,566556.3604407841
181001,507700.0,1025867.9892817773
181002,255000.0,508146.5804964639
181003,1355000.0,977033.8635576274
181004,1275000.0,1351339.4325897833
181005,2895000.0,1417231.1829811223
181006,1500000.0,1482133.0176318996
181007,399000.0,755422.3548961394
181008,1297000.0,1036634.5185134718
181009,1050000.0,1097851.6601881385
181010,890000.0,1024672.384704153
181011,1125000.0,1078328.764669287
181012,1600000.0,1353177.15585492
181013,376000.0,475461.4099533567
181014,665000.0,502578.32108739205
181015,6000.0,441260.2790219784
181016,775000.0,1109752.062239673
181017,455000.0,754804.3257034803
181018,835000.0,932267.4377253642
181019,3400000.0,1285400.438355904
181020,430000.0,635466.1981635969
181021,800000.0,824680.6478429511
181022,4900.0,172829.1791327009
181023,2475.0,-46344.69010027684
181024,5500.0,123307.66045798454
181025,1685000.0,1066537.640464764
181026,1275000.0,1087960.9350560093
181027,690000.0,941873.7236742321
181028,865000.0,936572.852993858
181029,3600000.0,2412871.639262692
181030,508750.0,734808.5261401609
181031,7399.0,832587.7670926908
181032,830000.0,862856.443355374
181033,850000.0,919647.1809058804
181034,2899.0,1937.3811854636297
181035,885000.0,758770.9474666296
181036,315000.0,661373.1237790575
181037,1500000.0,1060336.8499619635
181038,2460000.0,1716587.4357287632
181039,1100000.0,1076245.2137603937
181040,429900.0,599853.6552511696
181041,630000.0,775627.3774962081
181042,845000.0,1049527.124353475
181043,935000.0,837901.6097420771
181044,570000.0,904045.4377623843
181045,1080000.0,1041422.378757921
181046,923000.0,965964.5451153507
181047,900000.0,997219.009044474
181048,795000.0,1069627.7221106784
181049,490000.0,465162.43918850925
181050,999000.0,1083027.8650751133
181051,1075000.0,1229606.8028811738
181052,490000.0,531974.9504526053
181053,768000.0,1014317.6848759959
181054,940000.0,951739.2220316017
181055,775000.0,695169.4274106706
181056,3200.0,-52964.50170536712
181057,1120000.0,1174521.4253521236
181058,3250.0,-107921.84518783353
181059,385000.0,1034844.8002416268
181060,1349000.0,1258072.5142324707
181061,1253000.0,1134308.3355400385
181062,899000.0,801299.6464737263
181063,900000.0,881065.6320415586
181064,675000.0,650845.7255704133
181065,2950.0,-200596.33231405262
181066,640000.0,625355.387559847
181067,635000.0,795597.6799478019
181068,1815000.0,1565410.8162506465
181069,1910000.0,1558943.880555627
181070,459000.0,600473.7584833158
181071,855000.0,1528035.8856923543
181072,4850.0,382361.980090701
181073,1125000.0,958942.1885477006
181074,251000.0,640453.0190803064
181075,688888.0,768699.6297908127
181076,1500000.0,1742931.3396883197
181077,743000.0,919684.4056139961
181078,440000.0,926048.0858725682
181079,865000.0,943360.9227647446
181080,489000.0,810448.7891048659
181081,600000.0,736920.1695740847
181082,485000.0,742918.1411937512
181083,895000.0,871139.3622271381
181084,955000.0,1002732.4400032796
181085,1780000.0,894332.6825164994
181086,3314965.0,1554638.0690997085
181087,1280500.0,1326785.7694232482
181088,2400000.0,1841661.1240987359
181089,1310000.0,1247068.9140748559
181090,520000.0,754675.1479535718
181091,1378000.0,1046644.4397488823
181092,1575000.0,1163285.7117957966
181093,1675000.0,1357109.8905001525
181094,780000.0,1027000.8340622773
181095,1095000.0,1108830.457809587
181096,799900.0,804968.4164944347
181097,1703000.0,1064485.4946251186
181098,1400000.0,1206145.9103903808
181099,1680000.0,1470856.5840285476
181100,1250000.0,1238955.1161474297
181101,2050000.0,1288335.5065771537
181102,932000.0,1117849.9244646626
181103,900000.0,1284693.1535440823
181104,1641000.0,1421183.0611564042
181105,625000.0,832426.9872056097
181106,1325000.0,1524339.6480471166
181107,920000.0,1193115.4989721235
181108,2700.0,-354493.0810634289
181109,810000.0,1055488.1746556917
181110,743000.0,1074446.5846282197
181111,946500.0,825288.179190211
181112,5200.0,232986.62904695142
181113,632000.0,869596.1347275255
181114,550000.0,895620.7722883057
181115,2200.0,-82258.81584089622
181116,625000.0,1125524.3454539347
181117,1723000.0,1275693.0420059059
181118,965000.0,1068639.7671894133
181119,1206000.0,1252125.6295429468
181120,545000.0,889315.3886020547
181121,2599.0,184089.05624612886
181122,720000.0,730453.8771916861
181123,620000.0,764960.135342339
181124,3300.0,-101598.89251125325
181125,13850000.0,4810443.091437583
181126,410000.0,674288.2203127714
181127,758775.0,993339.3484892286
181128,990000.0,463447.05774951633
181129,500000.0,852062.9670528416
181130,685000.0,793749.3979889611
181131,1750000.0,1365889.64963983
181132,1950.0,-455789.21373867244
181133,598000.0,605922.2903640689
181134,1337000.0,1243497.8161369395
181135,2630000.0,1145880.6556674978
181136,773500.0,971665.6837719595
181137,1260000.0,1026704.7820282821
181138,1375000.0,1029938.0535802953
181139,763000.0,887180.6087791538
181140,815000.0,1015538.6667073704
181141,670000.0,886477.319848408
181142,885000.0,1141930.441728874
181143,730000.0,1029703.7812246867
181144,1499000.0,1412275.3339016018
181145,3100.0,-58359.46325079724
181146,374000.0,678286.7429034831
181147,2700.0,-199551.73658612277
181148,1082500.0,1052315.9360534353
181149,479500.0,903616.4364724178
181150,2500.0,-333253.7223188933
181151,4800.0,363969.1619552728
181152,765000.0,614835.7349605653
181153,640000.0,626186.8413502574
181154,450000.0,743586.3159281788
181155,870000.0,973231.4757732637
181156,910000.0,1145268.2040186627
181157,849000.0,1392334.3179102167
181158,1130000.0,1364109.654406326
181159,2768.0,-18703.354417477734
181160,500000.0,879598.6019898392
181161,3500.0,-53755.65404303186
181162,1450000.0,1331218.4217284527
181163,500000.0,780850.5618662443
181164,1028000.0,1474468.1684628632
181165,760000.0,747349.8667100621
181166,640000.0,713349.9794576941
181167,540000.0,792836.0198116107
181168,475000.0,396554.75643431395
181169,700000.0,817211.4802414412
181170,1950000.0,1103876.3926527929
181171,4200.0,-779.9907821211964
181172,820000.0,1046351.3423623797
181173,1670000.0,1063873.3814497488
181174,2250000.0,1313951.4094841946
181175,3700.0,206113.49424422532
181176,2200.0,77915.00721726194
181177,600000.0,736830.2445674147
181178,1929000.0,1122951.8536076946
181179,425000.0,604841.4665030623
181180,3780000.0,2078924.8376574842
181181,715000.0,821147.5709508266
181182,1191000.0,888625.0497691771
181183,960000.0,1030745.8490996156
181184,800000.0,854328.9705713466
181185,1242500.0,1351033.0787485177
181186,770000.0,935848.4186545452
181187,891000.0,1025469.5054579172
181188,775000.0,927805.118287188
181189,745000.0,969354.0591378352
181190,740000.0,1020112.0877144337
181191,4995.0,448434.9888133025
181192,5495.0,561155.726754073
181193,2695.0,49128.05868772231
181194,345000.0,691125.0544643821
181195,530000.0,697105.0123375403
181196,1464000.0,961066.0725924885
181197,489000.0,667865.0053295856
181198,7800000.0,1262120.3828679025
181199,1091000.0,1013264.0577054033
181200,1930202.0,1296036.1009450788
181201,1760000.0,999900.3617787957
181202,4300.0,284646.08633996546
181203,775000.0,927471.8203450628
181204,4500000.0,1368440.6791611146
181205,4200.0,125792.50436333846
181206,2450.0,-93670.89049125928
181207,780000.0,659334.1502876859
181208,595000.0,975253.2600084646
181209,675000.0,1040688.775046357
181210,686000.0,768087.9194939528
181211,2200.0,-239884.6704162266
181212,7800000.0,1262114.729453561
181213,1550000.0,1515935.7263289914
181214,2225000.0,1847702.1006742585
181215,575000.0,534247.9641017206
181216,780000.0,1183147.5795904305
181217,1052000.0,717039.7197522288
181218,1340000.0,1126582.1210538074
181219,1025000.0,1172696.7976738233
181220,648375.0,795517.4271050002
181221,3795.0,-103099.75997821707
181222,1288000.0,1369321.7040114226
181223,484990.0,598854.313059601
181224,640000.0,821355.2215701593
181225,975000.0,1267790.7909694696
181226,524950.0,558761.5540000703
181227,840000.0,942877.4436359396
181228,520000.0,852586.540719253
181229,1260000.0,1153131.391445579
181230,856000.0,1095184.1251650779
181231,475000.0,740847.9207606111
181232,980000.0,1280009.3776920587
181233,480000.0,647766.801870551
181234,3598.0,232468.3534992067
181235,1355000.0,990149.2069291258
181236,235000.0,551046.5059713377
181237,925000.0,1059222.9250259874
181238,250000.0,566336.7831989052
181239,520000.0,992259.315966432
181240,540000.0,569767.0184697062
181241,890000.0,1097975.6914574448
181242,275725.0,513467.61227348354
181243,870000.0,821472.5136220986
181244,592000.0,786960.4889153717
181245,643000.0,871114.1397923082
181246,990000.0,1080448.719698891
181247,1110000.0,1017956.2015049234
181248,790000.0,825276.3182138596
181249,3200000.0,2163144.6520300796
181250,920000.0,953850.5224866346
181251,1225000.0,990057.2081221305
181252,905000.0,811388.7493890636
181253,2350000.0,2047248.6842190176
181254,915000.0,1338550.0041999612
181255,1260000.0,1168813.5722489385
181256,665000.0,1145908.2026646165
181257,610000.0,772422.3737864401
181258,1370000.0,1041338.8084452441
181259,925000.0,1120579.814962333
181260,1850.0,-200637.91534849443
181261,3664800.0,1596204.2292810446
181262,1528500.0,1295139.8257566998
181263,700000.0,484978.5153326737
181264,2050000.0,1223219.571710662
181265,670000.0,700030.4950754903
181266,1160000.0,1049605.4139294978
181267,2025000.0,1387658.2881602943
181268,989998.0,915961.2372197388
181269,680000.0,864181.4701833753
181270,410000.0,647282.7775025638
181271,659000.0,943421.5133118788
181272,560000.0,465778.49675718974
181273,776000.0,1008836.1679213131
181274,1700000.0,1136547.155585968
181275,895000.0,949322.8318593632
181276,1067000.0,1194808.0369723905
181277,834000.0,950902.7740732059
181278,695000.0,881623.953970151
181279,650000.0,947347.5486805495
181280,563000.0,522829.2526849201
181281,832000.0,830767.5319396406
181282,820000.0,823635.3929266352
181283,2500.0,650966.479277729
181284,448000.0,493344.1591284899
181285,725000.0,745275.3284420781
181286,1263000.0,1157445.7387122344
181287,2050.0,-211889.14560528938
181288,630000.0,982059.9914722126
181289,579950.0,851743.9195623184
181290,995000.0,1143169.694265345
181291,1165000.0,1359153.83344879
181292,5450000.0,2544205.1464718236
181293,799000.0,923670.461365941
181294,730000.0,716245.2654350633
181295,3125000.0,1527952.2732757172
181296,1450000.0,983958.6168209882
181297,825000.0,811907.7582331961
181298,4016.0,105298.39876149315
181299,567500.0,831608.7814728245
181300,1625000.0,1179565.2321491316
181301,685000.0,894655.181463128
181302,760000.0,863013.9834202025
181303,300000.0,532265.8994611371
181304,780000.0,679482.4334716899
181305,870000.0,948669.903555138
181306,575000.0,729300.6408370137
181307,304000.0,536215.378305858
181308,2450.0,5260.291278977878
181309,930000.0,1190963.1035412159
181310,795000.0,1024750.4706918821
181311,2700000.0,1063609.300639782
181312,1300000.0,1216526.1473711655
181313,2049000.0,1639081.1690938845
181314,2520000.0,1195317.1357661001
181315,810000.0,992307.421169024
181316,645000.0,678011.9597564042
181317,2700.0,-277444.3988912618
181318,1663800.0,1271873.3031912278
181319,1648000.0,1446992.4142545369
181320,4150.0,-95524.54146148916
181321,2400000.0,1347672.3492753142
181322,280000.0,553861.5618128581
181323,2875000.0,1761322.2116809087
181324,150000.0,352970.1146031078
181325,782000.0,704187.2051057778
181326,3000.0,-72785.9472116949
181327,2405000.0,1279644.400560013
181328,1930000.0,1825742.7268221546
181329,445000.0,570850.8965727966
181330,2990405.0,1237134.855951136
181331,566000.0,815102.4487753185
181332,985000.0,988244.47888745
181333,540000.0,747898.2918105796
181334,950000.0,1412979.2030911846
181335,927500.0,904473.3898255639
181336,224900.0,647549.2395002749
181337,1235000.0,1708332.911614431
181338,790000.0,962590.8818589067
181339,1484000.0,1321222.1394909015
181340,515000.0,395820.8883542055
181341,500000.0,852015.1893705893
181342,1690000.0,1549353.4639435895
181343,1415000.0,1130591.9112541815
181344,2320000.0,1059452.94305968
181345,617000.0,841964.2415085463
181346,1250000.0,1637813.2847110163
181347,705000.0,764625.9274589838
181348,1100000.0,1543522.4751360035
181349,845000.0,1083976.5799378967
181350,199000.0,476434.2324652653
181351,2129000.0,1228628.4757215474
181352,755000.0,904762.9584776042
181353,1180000.0,1157996.6796852648
181354,775000.0,815964.0443114471
181355,2345000.0,1626627.6489476478
181356,465000.0,507415.8715045713
181357,2095000.0,1124812.9600738771
181358,809000.0,1040002.406718337
181359,775000.0,900477.9156872956
181360,515000.0,596251.3734141905
181361,464000.0,494622.63586565014
181362,525000.0,844630.4845972201
181363,1000000.0,1118437.8204999939
181364,1450000.0,1276678.9202562915
181365,266479.0,479683.47668952774
181366,1005000.0,870339.431243157
181367,570000.0,641733.4546562154
181368,449000.0,656044.9554416621
181369,2000.0,-304147.8939084448
181370,819500.0,1074735.4725897955
181371,938000.0,903435.8398530232
181372,5500.0,-42840.12608503457
181373,3575.0,-292702.09802170563
181374,955000.0,847563.6726514418
181375,400000.0,751203.0343170995
181376,2100000.0,1527565.0474572023
181377,699000.0,1057959.1099857558
181378,900000.0,793926.3681360874
181379,915000.0,1036971.0307124816
181380,305000.0,529373.9028467601
181381,1712500.0,1389667.4998471504
181382,1075000.0,1302266.2247946188
181383,4495.0,8862.362128485925
181384,853500.0,873030.1114098616
181385,300000.0,488120.3748291023
181386,865000.0,692301.2426331835
181387,550000.0,805110.2725256877
181388,4950.0,378114.46816724446
181389,870000.0,1049705.412855803
181390,2695000.0,1360053.5656766733
181391,410000.0,564557.1875292985
181392,710000.0,845676.9780933624
181393,495000.0,505246.69322871976
181394,466000.0,761050.4762999238
181395,432000.0,650089.9843645087
181396,175000.0,602717.7202823162
181397,787000.0,1005557.0360620487
181398,250000.0,588195.5709049478
181399,395000.0,499937.4707466308
181400,4050.0,76836.9008989362
181401,2250000.0,2973185.630095018
181402,4300.0,-42689.311081501655
181403,430000.0,589076.8338028407
181404,3989.0,112687.52830598596
181405,410000.0,511537.39666564483
181406,605000.0,910996.7261168184
181407,2999.0,-63062.67195639759
181408,824100.0,904821.1337939082
181409,1040000.0,1124221.9677199367
181410,740000.0,847923.3469627341
181411,106000.0,560763.6885356912
181412,760000.0,811534.8767428137
181413,1700000.0,1373404.9851851417
181414,2200.0,-271540.629081659
181415,775000.0,1221612.692080087
181416,1360000.0,1101698.5344220055
181417,22000.0,693419.3528833548
181418,410000.0,697357.9853218915
181419,988000.0,883828.7745158533
181420,1525000.0,1034651.0566724679
181421,2800000.0,1363511.2679667268
181422,753000.0,853224.4730210993
181423,955000.0,1413100.45048788
181424,3160000.0,1629654.2360673444
181425,6000.0,625850.130874956
181426,4000.0,-182955.5579016134
181427,1415000.0,973933.6460890239
181428,716000.0,421841.786707337
181429,380000.0,481665.89140715916
181430,455000.0,666294.7757941224
181431,456000.0,661419.1984892869
181432,1340000.0,868988.7545980178
181433,889000.0,1070288.9745134236
181434,1350000.0,1765056.4356945837
181435,343000.0,655898.2998507321
181436,885000.0,996438.7491276572
181437,4500.0,148613.5791233927
181438,4100.0,194651.56704978552
181439,592093.0,953343.0787912952
181440,1400000.0,1051894.9227323364
181441,450000.0,626290.3195592891
181442,582000.0,885763.7724524178
181443,251000.0,505783.88250595797
181444,1050000.0,1425090.6855706703
181445,899000.0,1110007.4744046405
181446,6950.0,378666.9351203963
181447,855000.0,914675.7981803361
181448,650000.0,727199.1554711685
181449,412000.0,367710.85492176656
181450,3500.0,23107.196291014552
181451,1850000.0,1567941.0988920871
181452,1550.0,-530620.8955327505
181453,1725000.0,1403727.796977235
181454,1225000.0,1316977.7072642185
181455,950000.0,1176546.3839690164
181456,820000.0,1152625.4875466684
181457,1660000.0,1279638.638568879
181458,2500000.0,1826680.2508337237
181459,425000.0,707152.0699474681
181460,2795.0,-171227.13778005447
181461,3752000.0,2567477.3132887576
181462,1535000.0,1457695.78991222
181463,400000.0,463896.53102769796
181464,615000.0,550542.8058705768
181465,740000.0,872845.8965870542
181466,1760000.0,1751367.5629393226
181467,522500.0,553668.7036007056
181468,980000.0,1062353.8213832248
181469,950000.0,988880.3459279854
181470,1571000.0,1074609.320924391
181471,400000.0,312920.85680257063
181472,1295000.0,1183059.710347847
181473,1625.0,-136851.37877861597
181474,2000.0,-199229.81477936637
181475,775000.0,896690.9749024305
181476,1475000.0,1398990.0450183172
181477,1285000.0,1403282.85275093
181478,1950000.0,1367590.0823205542
181479,3495.0,49167.29661407322
181480,3500.0,-177343.2736355951
181481,930000.0,1175496.6062821522
181482,570000.0,702177.5478478121
181483,420000.0,703820.5145830289
181484,539990.0,695240.6346402112
181485,1285000.0,1191063.7461930737
181486,3393000.0,1302412.356895132
181487,1175000.0,960903.3377700867
181488,895000.0,952109.7025640057
181489,1850000.0,962669.5084468536
181490,3555000.0,2738838.7542502293
181491,4500.0,19895.278167157434
181492,3400.0,179508.3615499651
181493,942000.0,908759.8658805639
181494,915000.0,1143504.699752084
181495,887000.0,947067.0061683031
181496,3500.0,199289.65150972176
181497,2995.0,-190896.1885018116
181498,2550.0,-263185.90435131453
181499,760000.0,710855.8394473605
181500,505000.0,706666.4499405148
181501,765000.0,891404.6215105057
181502,2100.0,-162193.04855291732
181503,355000.0,658561.3996645724
181504,1100000.0,1092287.942611334
181505,137650.0,576998.1806955086
181506,23000.0,539724.7398783723
181507,884256.0,946055.1730224723
181508,315000.0,697876.2111383872
181509,565000.0,675185.6253569182
181510,515000.0,1113891.2359590866
181511,730000.0,759225.2164654769
181512,263000.0,729156.3622476757
181513,4875.0,184087.97308644373
181514,370000.0,529339.8521971442
181515,1055000.0,1100747.0965117374
181516,3495.0,278565.10839330405
181517,475000.0,615673.3114503482
181518,336500.0,686599.481246232
181519,945000.0,1175381.1256821454
181520,749900.0,693459.0182362199
181521,465000.0,511138.9578462066
181522,675000.0,1096003.0163804078
181523,1278000.0,1724452.6435002694
181524,450000.0,469861.2719782861
181525,8000.0,3155.4238851591945
181526,517500.0,505423.3019531481
181527,515900.0,567260.4663737239
181528,2617000.0,1915862.2336471519
181529,4850.0,407080.067852566
181530,704000.0,971344.6974303052
181531,1620000.0,1387446.369397536
181532,355000.0,710597.0471660104
181533,945000.0,1036649.0621751584
181534,955000.0,1094883.6905736448
181535,1330000.0,1279585.0309838867
181536,2590000.0,1490690.6366491728
181537,3550000.0,2303975.8948699757
181538,802000.0,904963.620149767
181539,575000.0,784692.308282977
181540,366000.0,1197978.3374081496
181541,382000.0,680494.0942426967
181542,1700000.0,1098057.0072115501
181543,1200000.0,1396210.3680193303
181544,1679976.0,1126752.62619818
181545,1475000.0,1109567.4875321016
181546,240000.0,645151.0555904331
181547,715000.0,945101.3035500171
181548,1175000.0,1115779.3187544737
181549,650000.0,908876.3959027706
181550,5250.0,46650.11618931405
181551,580000.0,1047663.1847133534
181552,847000.0,722738.8470181385
181553,430000.0,484442.62193859275
181554,440000.0,849515.0655275341
181555,3580000.0,981108.3841317864
181556,580000.0,450302.1901587164
181557,2500.0,-4729.470654592849
181558,610000.0,916835.2724989038
181559,1200000.0,1319439.775417339
181560,5000.0,176804.1375868097
181561,1565000.0,1687287.6192712039
181562,850000.0,884203.1175319804
181563,449900.0,647558.4151997343
181564,28500000.0,3028934.921067402
181565,507500.0,525907.1271795612
181566,3451000.0,1823362.9351469325
181567,4450.0,152853.29140278883
181568,455000.0,564405.1451236438
181569,1357000.0,1639526.3384858686
181570,275500.0,402843.3333790805
181571,1830000.0,1336815.704567371
181572,3000.0,-40278.32485331781
181573,1590000.0,878651.0503877727
181574,1350000.0,1074082.9529678738
181575,1840000.0,2316627.0367275467
181576,1250000.0,1085874.8950197408
181577,940000.0,825620.7497464446
181578,3950.0,-1554.2063175057992
181579,4300.0,632828.7092414489
181580,2600.0,-157504.96752914973
181581,715000.0,883364.0118046049
181582,1258000.0,1139082.9656148488
181583,1350000.0,1209289.5701472182
181584,930000.0,997762.5429589087
181585,902000.0,860389.5244254284
181586,1750.0,-660100.1155059468
181587,1225000.0,1250358.5775517793
181588,675000.0,797336.5026140278
181589,567965.0,823308.4597280994
181590,435000.0,704540.9405344436
181591,3300000.0,1952208.429824952
181592,789000.0,936194.5413356367
181593,2000000.0,1152423.9859367786
181594,415000.0,282700.2147263121
181595,599900.0,933154.2667393489
181596,1750000.0,1661935.9617216783
181597,849000.0,959154.3991693025
181598,1635000.0,1079640.5637166612
181599,1405000.0,1322081.816477256
181600,545000.0,1025193.0575766014
181601,3950000.0,1796766.3614142695
181602,2500.0,-174526.94134157244
181603,433000.0,591507.1370570054
181604,505000.0,1118869.4502048036
181605,2000.0,-28757.838793646544
181606,290000.0,691189.4163238946
181607,2799.0,-300481.7954407437
181608,359000.0,533226.1654592464
181609,1299999.0,1494836.7422538502
181610,745000.0,1043160.7743261354
181611,1058000.0,1026633.3792664381
181612,599000.0,905485.6852022
181613,2300.0,-491130.7990098214
181614,545000.0,701253.0772554642
181615,449000.0,858869.8048254242
181616,540000.0,738039.4344675113
181617,1155000.0,1167383.798798562
181618,490000.0,700410.238809552
181619,5795.0,615024.7347016754
181620,828000.0,924249.3076881701
181621,1275000.0,873410.865598415
181622,888000.0,1123589.631184321
181623,4500.0,682305.8578223772
181624,1300000.0,1651304.746974011
181625,1168000.0,917099.6112586902
181626,2595.0,-104013.34349836595
181627,950000.0,1155773.6991539206
181628,1650000.0,986220.8210461773
181629,625000.0,587624.3003834793
181630,436000.0,469885.708654779
181631,888000.0,1215673.5123305377
181632,1915000.0,1444272.6396252243
181633,530000.0,756173.0214916412
181634,1695.0,-153092.6303686304
181635,310500.0,661668.202233728
181636,1300000.0,1144018.8619818753
181637,1220000.0,1234574.8874139534
181638,585000.0,706572.5204068273
181639,950000.0,1542992.3850733778
181640,750000.0,923366.5626316993
181641,1310000.0,1062737.6225499613
181642,835000.0,909689.8342190534
181643,1370000.0,928148.3654777547
181644,1200000.0,1168024.2594371578
181645,730000.0,679335.0969885793
181646,775000.0,840860.5453049513
181647,2495.0,57322.66492449213
181648,3200.0,-278418.2139561018
181649,3300.0,-125269.26000325661
181650,680000.0,940434.2513727872
181651,372000.0,706313.5298150312
181652,390000.0,777447.1836804384
181653,915000.0,990207.2887923121
181654,468000.0,490018.03125108965
181655,1200000.0,1119291.1987505583
181656,535000.0,926169.5673089102
181657,1085000.0,925874.4835991124
181658,210000.0,325981.5685322974
181659,975000.0,1174349.369691575
181660,555000.0,580954.112953946
181661,990000.0,1561941.9071418867
181662,735000.0,761855.871739869
181663,5250.0,367403.5089267157
181664,580000.0,590064.1839748248
181665,3725000.0,1502328.0472701201
181666,1175000.0,1020645.9584384263
181667,750000.0,694371.3601060575
181668,3125000.0,1771715.9247373715
181669,740000.0,1001769.9090899574
181670,1200000.0,897731.5697028991
181671,450000.0,601617.3354099747
181672,584900.0,651936.7509640288
181673,3500.0,-161661.5269346768
181674,580000.0,770682.9329016684
181675,600000.0,997272.0530603277
181676,899990.0,831930.8538123444
181677,765000.0,966920.1888827877
181678,660000.0,634350.3991404613
181679,760000.0,1133726.2873272905
181680,1250000.0,1364487.1181997908
181681,980.0,-547619.2348657446
181682,620000.0,765834.1272250582
181683,2200.0,97529.0137705775
181684,780000.0,960514.4449401312
181685,755000.0,700599.3880515341
181686,900029.0,1196111.657647889
181687,1230000.0,925145.0416499544
181688,1800000.0,1288302.2905431557
181689,335000.0,700075.4948384725
181690,1025000.0,1470629.0850587012
181691,489990.0,587938.7431921829
181692,2100.0,-217065.12571528368
181693,1620000.0,1128651.7380118454
181694,2900.0,-308947.1491425242
181695,480000.0,462238.3735706331
181696,285000.0,523763.4066135725
181697,975000.0,850074.516136717
181698,720000.0,912146.8860460436
181699,844500.0,658657.5005257176
181700,310000.0,611755.8712494941
181701,1899.0,-590731.4989204705
181702,770000.0,659859.237392759
181703,950000.0,965444.0026761936
181704,660000.0,726434.0821770718
181705,446000.0,705033.105548989
181706,615000.0,639432.4842637023
181707,4250.0,46388.79292532336
181708,415000.0,486041.50012837444
181709,870000.0,1101096.2174751116
181710,402000.0,512619.7028635796
181711,665000.0,781240.0762554398
181712,700000.0,655610.4053883422
181713,3600.0,-69358.91534699034
181714,2200000.0,1651154.0321464427
181715,525000.0,753956.0023386944
181716,4900.0,92295.68954219297
181717,785000.0,717665.0415941039
181718,665000.0,893817.7234600708
181719,3300.0,-294776.67071854044
181720,928866.0,1001249.2576622618
181721,1185000.0,988702.6884716544
181722,1100000.0,1616198.7219408732
181723,2465000.0,2070331.268070289
181724,4400.0,251748.6020909911
181725,6000.0,221179.2257937817
181726,465000.0,597567.1713474365
181727,779000.0,948198.9975766111
181728,3350.0,97067.66108840704
181729,1045000.0,1141526.8977751965
181730,8250.0,39635.17485889606
181731,580000.0,710336.1530191777
181732,3740000.0,1968713.2757359724
181733,445000.0,628866.3083302286
181734,825000.0,842889.1715289885
181735,449000.0,610766.0685309349
181736,650000.0,1015226.294743117
181737,1100000.0,1019840.0799834318
181738,870000.0,1579850.3574422328
181739,569000.0,736634.6883420115
181740,730000.0,689180.1436840389
181741,515000.0,851083.4798334232
181742,2577374.0,2058167.1822750773
181743,775000.0,1335263.6880070353
181744,690000.0,976400.4793327879
181745,427000.0,761036.4589749929
181746,150000.0,456542.32062950823
181747,3325000.0,1865228.988789538
181748,1300.0,-374784.3751175031
181749,800000.0,1073552.9007534767
181750,990000.0,1080857.3834705139
181751,1090000.0,825266.9345352687
181752,460000.0,632032.8408674765
181753,2650.0,-19012.254781098105
181754,479900.0,653143.4757860098
181755,1200000.0,1218831.9274323527
181756,1055000.0,894180.5034627039
181757,685000.0,1003843.707058494
181758,645000.0,785469.6430380885
181759,480000.0,461285.7944676224
181760,6600.0,278163.45020589046
181761,6800.0,728641.2324794829
181762,850000.0,1125044.6430939902
181763,350000.0,557509.2608364895
181764,2100.0,-500181.93086641
181765,5950.0,324807.493675163
181766,1477000.0,1283733.3490567142
181767,6600000.0,2244074.754064422
181768,370000.0,446626.12819804065
181769,1895000.0,881606.5069588087
181770,669000.0,718082.5748568363
181771,1825000.0,1194006.132511367
181772,1649.0,-188871.95673246495
181773,2590000.0,2011383.3358180998
181774,1200000.0,896208.086298354
181775,4400.0,292435.61558330245
181776,851000.0,1143332.1024748161
181777,1430000.0,1049731.760517533
181778,2590000.0,2587199.416521649
181779,6000.0,499049.1625846615
181780,4200.0,218492.02198702097
181781,1635000.0,1090854.8567602728
181782,880000.0,885151.5520146061
181783,4200.0,210936.1556099523
181784,549000.0,647255.1552767996
181785,600000.0,582088.4466201589
181786,3050000.0,1303272.5858803326
181787,4950.0,74700.90139838587
181788,265000.0,440630.4147753827
181789,3300.0,-83702.29459116701
181790,4950.0,269307.8307213783
181791,2700.0,9672.836163695902
181792,3450.0,500752.0100816777
181793,1525000.0,1038059.4164231606
181794,2100000.0,1417007.958355859
181795,669750.0,948132.6415349636
181796,980000.0,1416982.3475577682
181797,2700.0,-393663.2322520064
181798,3600.0,-222609.47956249397
181799,787000.0,831437.7761935769
181800,308000.0,544194.715125558
181801,1037500.0,960469.373730029
181802,990000.0,1097329.4467178062
181803,440000.0,663484.043122734
181804,3850000.0,2550808.3837378435
181805,550000.0,498600.4243493909
181806,620000.0,830017.54142401
181807,1500000.0,915305.2669075998
181808,636000.0,925202.4251187043
181809,1070000.0,1044987.5314919297
181810,685000.0,995532.4596174378
181811,1051500.0,1035472.4966085665
181812,3495.0,178479.9933850253
181813,665000.0,662978.9918886824
181814,380000.0,592834.7952387473
181815,5300.0,209977.67702745926
181816,3700.0,267600.22711300384
181817,142500.0,625864.5104671624
181818,375000.0,677988.0291110389
181819,700000.0,805922.9559798213
181820,532500.0,556217.7166328393
181821,5100.0,508538.4432899114
181822,875000.0,875345.5315909162
181823,2250.0,-373014.6285867635
181824,885000.0,1052645.990343405
181825,650000.0,1099368.5302113853
181826,190000.0,222615.61855467502
181827,250000.0,441835.0306934435
181828,5200.0,116732.92143485788
181829,2695.0,-310924.5930879582
181830,410000.0,503778.98109472543
181831,1325000.0,1390189.875413687
181832,1172500.0,1445879.3859106367
181833,290000.0,456753.1682815682
181834,1430000.0,1456068.9017149275
181835,560000.0,970052.1892175032
181836,595000.0,753938.3676772648
181837,3450.0,106662.70037971623
181838,2305000.0,1289767.3093201555
181839,1095000.0,1058838.220154006
181840,678080.0,999421.5036048414
181841,830000.0,622613.0701426379
181842,265000.0,72409.36948007904
181843,420000.0,666413.2511722287
181844,351000.0,730189.5703500723
181845,6500.0,327092.9716612678
181846,638000.0,1114940.1855096193
181847,1750.0,-598761.4667777289
181848,5700.0,517662.51433336735
181849,1700.0,-468213.4684451539
181850,615000.0,768415.986314143
181851,828888.0,843724.8665293157
181852,1888000.0,2159696.100969063
181853,655000.0,865762.9330586977
181854,620000.0,675243.971077784
181855,981000.0,1177364.9992924836
181856,305000.0,371863.1655574618
181857,2000.0,-296752.71710287966
181858,3830000.0,1909447.8895752681
181859,540000.0,707734.7643422643
181860,2300.0,-434368.58473710995
181861,587470.0,763145.6952888146
181862,1110000.0,1324262.650232071
181863,630000.0,949564.3057521507
181864,2300000.0,1392843.9484223723
181865,1070000.0,1191786.6953292945
181866,858000.0,1054293.754439732
181867,1047500.0,773304.4718082612
181868,795000.0,841075.0496876948
181869,6000.0,296844.41071553156
181870,1505000.0,1234094.8989703245
181871,360000.0,272414.0521962652
181872,735000.0,818260.8216286134
181873,740000.0,920384.2945538657
181874,750000.0,994456.9656840293
181875,399000.0,345562.5427556485
181876,2074000.0,1137174.106246762
181877,1070000.0,1003095.1893485654
181878,500000.0,816673.3046641704
181879,370000.0,617066.3656880818
181880,575000.0,540477.3510375721
181881,446400.0,534540.8663941445
181882,260000.0,500917.1028833501
181883,439000.0,949453.9806152629
181884,665000.0,737207.3439349523
181885,1850.0,-286432.3854363235
181886,1275000.0,1289345.5353786414
181887,650000.0,1165725.7284668637
181888,600000.0,832082.4796506073
181889,1075000.0,1080045.902115562
181890,405000.0,599289.1665337561
181891,2100000.0,1499585.4220255576
181892,430000.0,715426.7839673506
181893,970000.0,1107221.8507787762
181894,6400000.0,2079821.6425495036
181895,780000.0,1157983.5128608486
181896,402000.0,480395.6941751838
181897,375000.0,538996.3333721254
181898,1165000.0,1065843.9629949853
181899,215000.0,727732.7910150308
181900,1400000.0,1194574.2954573808
181901,2225000.0,2170270.4256801717
181902,22000.0,692517.3040467296
181903,5450.0,306897.8353858562
181904,3300.0,-156576.31964709144
181905,1660000.0,1277022.1176087009
181906,537000.0,575846.16503553
181907,410000.0,690552.6908717649
181908,950000.0,1027990.2383250315
181909,637777.0,707898.1453897264
181910,5700000.0,1565274.773659614
181911,545000.0,893549.8128446266
181912,550000.0,837520.5877873618
181913,3200.0,-240315.7092686817
181914,1275000.0,1380259.977967401
181915,700000.0,921101.9085527081
181916,672000.0,712840.9609704027
181917,7200.0,685795.6617448004
181918,1631000.0,1334535.6137198554
181919,5500.0,-94115.59184807725
181920,1100000.0,1127149.3418427873
181921,630000.0,719431.272352837
181922,1240000.0,1542981.4675660338
181923,1070000.0,882894.7507332303
181924,1180000.0,1487717.717751735
181925,2850.0,-412083.8760690084
181926,2100.0,-97532.6810536636
181927,3515000.0,1947169.6512171756
181928,6500.0,450518.242280107
181929,2225000.0,1502676.1000512494
181930,510000.0,978484.0349648204
181931,790000.0,871842.7214577533
181932,1026000.0,1095161.629600807
181933,930000.0,945063.1207056632
181934,1150000.0,1513931.3073679395
181935,300000.0,489774.7771366136
181936,6750.0,512955.5049483655
181937,1142027.0,1152943.241800759
181938,520000.0,691044.8521086611
181939,975000.0,1309590.102911748
181940,810000.0,1352541.3427176075
181941,7450.0,703208.1231745947
181942,4500.0,36048.646308046766
181943,750000.0,867776.6300178915
181944,510000.0,609784.7885131408
181945,4100.0,234944.9644985767
181946,800000.0,1237142.4337341432
181947,775000.0,869566.4619610617
181948,825000.0,849435.4808113305
181949,459000.0,615290.9321057061
181950,3500.0,-114324.49331083428
181951,350000.0,728863.4421515912
181952,5999.0,727105.8769172262
181953,1560000.0,1026772.0666127596
181954,1015000.0,1386567.5348591618
181955,577000.0,807434.7208050909
181956,849900.0,758101.8948774971
181957,895000.0,960425.6482703378
181958,2250000.0,1008804.8293892676
181959,3900.0,72930.58178384788
181960,1435000.0,1062987.7193035055
181961,785000.0,858244.6650484651
181962,795000.0,932982.919645831
181963,725000.0,1058977.5347329853
181964,710000.0,898430.6281303037
181965,1040000.0,1045264.6671789503
181966,1800000.0,1657326.3128820239
181967,4495.0,214591.70730556175
181968,362000.0,546627.1758792344
181969,795000.0,758783.8019309305
181970,3800.0,10142.419518368319
181971,90000.0,310767.4928736277
181972,165000.0,568134.9045360051
181973,1010000.0,1260362.5003742473
181974,870000.0,941839.0241924012
181975,755000.0,865209.7951690219
181976,1895000.0,1297326.9282162236
181977,3700.0,235528.19583434518
181978,2620000.0,1509864.9304977823
181979,890000.0,781243.1370495874
181980,840000.0,786298.1006810423
181981,1650000.0,1324865.2970855888
181982,965000.0,931783.4916106211
181983,1995000.0,1324810.3499477971
181984,838000.0,909439.3040847462
181985,1320000.0,804070.837010311
181986,1495811.0,1257467.434226457
181987,1065000.0,1234909.1853619814
181988,320000.0,330333.88075459003
181989,750000.0,900470.074215862
181990,3195000.0,1458070.9054864272
181991,580000.0,943108.987747944
181992,740000.0,674472.2420906723
181993,2118500.0,1106949.6369078588
181994,750000.0,486902.78490570094
181995,5300000.0,1735398.6925323755
181996,689000.0,829675.0702266665
181997,413000.0,553796.368567368
181998,783000.0,826574.8062515035
181999,2250000.0,1872209.5673060277
182000,355000.0,727976.9283583919
182001,520000.0,986519.9145157868
182002,338000.0,619114.0036004558
182003,575000.0,955104.5303799389
182004,920000.0,933085.6868641451
182005,1319000.0,1000809.6992869461
182006,850000.0,963777.8062453298
182007,449990.0,740064.660547589
182008,870000.0,967203.0699193748
182009,486000.0,668968.008357726
182010,2000.0,-480242.05333535466
182011,665000.0,739538.5439864974
182012,1030000.0,953300.4702974204
182013,540000.0,479120.13964669313
182014,744900.0,923577.3507052213
182015,785000.0,1015016.7429701779
182016,392000.0,465570.8316329168
182017,400000.0,835309.342747774
182018,678888.0,1204138.336108135
182019,625000.0,1147228.3829751266
182020,699999.0,642232.9090029765
182021,690000.0,810400.8532534279
182022,4450.0,276761.5373269906
182023,875000.0,934732.7842298187
182024,700000.0,623067.0127637796
182025,15995.0,589321.6783790747
182026,890000.0,1030528.1462312574
182027,3300.0,94420.94045701809
182028,385000.0,490419.26986733265
182029,490000.0,1009827.4235466495
182030,1550000.0,1292624.4738473566
182031,1150000.0,869348.7880247021
182032,590000.0,614539.5947758108
182033,590000.0,1113230.4619334089
182034,4000.0,765507.09691526
182035,999999.0,1238193.3113767076
182036,520500.0,757553.8193018921
182037,725000.0,790611.9019847326
182038,1669900.0,1206318.5910257893
182039,360000.0,733183.2531993929
182040,940000.0,985489.5824861918
182041,1049990.0,899229.9640088826
182042,675000.0,939027.9266827209
182043,905000.0,1174109.7078398215
182044,1290000.0,1113122.7423249343
182045,640000.0,709569.9231301257
182046,634000.0,867178.6669570832
182047,1050000.0,1153527.353892223
182048,1933000.0,1702456.7203719867
182049,795000.0,1019824.1232012697
182050,350000.0,545272.0605867021
182051,2800.0,-81566.68651436362
182052,730000.0,879187.5141991843
182053,1975000.0,1365844.2475683829
182054,2800.0,-436743.7649817448
182055,735000.0,852732.675815234
182056,1595.0,-213314.65955101792
182057,1080000.0,1121617.681260123
182058,1137500.0,1227377.0842041625
182059,875000.0,1046041.7161766682
182060,459000.0,623161.6290313574
182061,642500.0,650484.5115692895
182062,1350000.0,1646968.343265634
182063,885000.0,752640.139677655
182064,1099000.0,1149369.5968205798
182065,519000.0,748566.112942812
182066,699000.0,942503.1388605628
182067,1400000.0,1044469.958208669
182068,850000.0,1217243.28565328
182069,392000.0,636312.6809936333
182070,351000.0,659779.6353855068
182071,616000.0,1018891.1734861918
182072,990000.0,1123164.4170299703
182073,850000.0,1181923.9944102531
182074,795000.0,1059847.5132473605
182075,5299000.0,2924851.7251607454
182076,1600000.0,1200002.722188184
182077,715000.0,676111.3857410178
182078,922000.0,1373165.6951763155
182079,475000.0,539599.1114237914
182080,1525000.0,989002.113531963
182081,956250.0,1056191.6883548442
182082,950000.0,908234.0325818984
182083,843375.0,932073.1398157813
182084,505000.0,684503.7534755021
182085,2085000.0,1274214.3536957325
182086,1055000.0,691559.7515113279
182087,710000.0,755154.3377271863
182088,3700.0,57879.34074880835
182089,1360000.0,1003192.8309454387
182090,949000.0,913761.8283263063
182091,3600000.0,1747645.5237431526
182092,1260000.0,1104291.5994112194
182093,2700.0,-139504.7948819287
182094,2588.0,-101347.49512795173
182095,1530000.0,905052.5294835484
182096,2700.0,-233737.8025079416
182097,565000.0,916896.1444670334
182098,1275000.0,1069130.4314275868
182099,465000.0,463156.04174848646
182100,1005000.0,1322834.5257323897
182101,3600.0,342145.6167263556
182102,405000.0,695085.5801087087
182103,399000.0,509405.1774531668
182104,2300000.0,1781016.585070883
182105,1655000.0,1198648.7857758878
182106,515000.0,557747.4905798696
182107,780000.0,982340.3395988252
182108,620000.0,784094.8199696243
182109,1325000.0,1071685.1816336643
182110,1670000.0,1761701.5969568212
182111,5000.0,279225.1964752609
182112,1950000.0,1595814.3483286425
182113,1260000.0,900900.6795554524
182114,2175.0,-228508.13471135776
182115,1585000.0,1160288.5208094763
182116,1190000.0,1060941.171893767
182117,923200.0,1514146.6940286774
182118,520000.0,646401.8788997428
182119,989000.0,1465475.5659722537
182120,943000.0,1409793.930650169
182121,1515000.0,1034904.229524333
182122,390000.0,468474.6910455022
182123,452000.0,686395.3031942472
182124,5300.0,486895.952211285
182125,10850.0,1082723.4641666226
182126,1450000.0,821134.99014939
182127,1541000.0,1114979.054365172
182128,6334900.0,3721666.0568975764
182129,108000.0,274788.79455066007
182130,569900.0,351019.3403083291
182131,1000000.0,426721.40900525544
182132,855000.0,1101384.8722379478
182133,780000.0,913119.382114904
182134,2250000.0,1568528.4796617804
182135,1550000.0,1179163.1934945816
182136,1249000.0,980308.6536359405
182137,275000.0,815772.1868776977
182138,850000.0,1015533.5002556266
182139,740000.0,687822.2319901176
182140,1185000.0,1399874.4835760668
182141,675000.0,619818.0198908849
182142,640000.0,938282.2248331141
182143,1025000.0,916964.8452708898
182144,730000.0,676052.1023622975
182145,1620000.0,1419489.144151385
182146,935000.0,976987.230315946
182147,3600.0,83421.34793775436
182148,2475000.0,1104552.6380535346
182149,1135000.0,1278536.0876321737
182150,828000.0,828652.0357670765
182151,6850.0,451177.62444128655
182152,1095000.0,1177628.6960663209
182153,235000.0,314577.88592980243
182154,1485000.0,1037956.9892871417
182155,1400000.0,705862.7089053933
182156,970000.0,1044437.6121219816
182157,440000.0,743817.8484053463
182158,1375000.0,988171.7608026098
182159,1475000.0,1468692.3788763117
182160,4100.0,-138953.92401836254
182161,1430000.0,1095981.5433352487
182162,1280000.0,1052500.0748039382
182163,1275000.0,1139141.15891968
182164,780000.0,1111779.2534416728
182165,1600000.0,1448528.189221506
182166,503000.0,784190.0215524388
182167,605000.0,676437.6872365065
182168,615000.0,609471.4271722035
182169,1780000.0,1085312.959658634
182170,1320000.0,1201032.2720879028
182171,360000.0,594101.3055968722
182172,1802500.0,1242429.1529799076
182173,450000.0,852185.7181265363
182174,1525000.0,979607.3710378362
182175,1075000.0,1189635.8351333681
182176,8000.0,641795.6861113012
182177,1029555.0,1220076.3052831488
182178,1180000.0,1313695.633265838
182179,500000.0,698272.318992747
182180,6700.0,452142.65707401093
182181,3390000.0,1724712.6644290732
182182,1250000.0,1181117.053997458
182183,754000.0,824720.4594696583
182184,2850.0,-8404.376192551106
182185,1198100.0,1940237.8414574517
182186,460000.0,878068.7018056158
182187,1178500.0,1121554.9812575625
182188,630000.0,713914.4620696157
182189,1400000.0,1450862.4357470488
182190,1025000.0,1181447.1443095924
182191,1848888.0,1610815.4671056075
182192,400000.0,396985.04366957024
182193,3900.0,251468.27664003894
182194,486800.0,434288.3639634112
182195,650000.0,699882.2367134606
182196,2655000.0,1633285.4041885212
182197,780000.0,950043.7130727638
182198,1800000.0,1296945.5348154372
182199,1060000.0,1022243.2865777006
182200,945000.0,1207281.7087197453
182201,666900.0,609804.8541936856
182202,979000.0,895738.0584398983
182203,1725000.0,1263903.6140558347
182204,505000.0,881188.0945158275
182205,599000.0,617624.565881025
182206,858000.0,967407.4484565258
182207,665000.0,759120.1015717322
182208,670000.0,1188846.8558579711
182209,925000.0,1051825.5482546883
182210,550000.0,794958.5430220049
182211,5250.0,26890.537172872573
182212,925000.0,885477.6387586417
182213,1025000.0,1081790.515416447
182214,224000.0,527694.0419417573
182215,679000.0,895267.7436572947
182216,32500.0,-213439.4899966903
182217,355000.0,641997.1375248693
182218,322000.0,628280.1689624004
182219,955000.0,982301.3661079174
182220,400000.0,561451.4240748966
182221,705000.0,874446.5076426761
182222,693418.0,922776.2964984281
182223,2450000.0,1365756.2762469752
182224,665000.0,723985.2478599893
182225,515000.0,673152.0667741932
182226,1015000.0,986303.9942823965
182227,1535000.0,1034553.7815717496
182228,540000.0,745501.4741247091
182229,820000.0,899018.1845096555
182230,788925.0,1019943.0560368923
182231,2850000.0,1302732.7617858099
182232,1279000.0,889689.582883684
182233,580000.0,1019588.3074069377
182234,5700.0,350180.47600918636
182235,680000.0,693080.817045101
182236,423000.0,493999.23105279077
182237,975000.0,802938.0458349958
182238,2400.0,-167173.44976042863
182239,750000.0,779948.4154213564
182240,625000.0,517955.1138288509
182241,515000.0,598647.3917571399
182242,385000.0,513908.26614881866
182243,570000.0,637857.7965273168
182244,2788000.0,1131055.2421369795
182245,1526700.0,1203134.2832776587
182246,1775000.0,832194.1258601388
182247,230000.0,602134.5273566945
182248,1100000.0,1354920.9626716226
182249,3700.0,84742.28247008659
182250,395000.0,559871.593843081
182251,580000.0,703387.8202003334
182252,1465000.0,1203755.3132026102
182253,1075000.0,1165301.1579541368
182254,230000.0,393154.98981227167
182255,380000.0,481272.5066783102
182256,995000.0,994671.1971524209
182257,625000.0,693390.5783886472
182258,575000.0,563420.2086476525
182259,945000.0,1034035.7257007454
182260,780000.0,928438.6911857296
182261,500000.0,612415.8099178337
182262,900000.0,775611.6601627413
182263,1325000.0,1095561.1328790048
182264,1900000.0,1215160.1291715438
182265,715000.0,812890.5985377198
182266,510000.0,848486.2427034583
182267,675000.0,786063.5024660993
182268,3600.0,-29377.00005320832
182269,940000.0,1137136.1439858014
182270,710000.0,782583.6876800135
182271,1795000.0,1735471.5193363624
182272,945000.0,1126664.6075796802
182273,749000.0,686043.8715350144
182274,9000.0,311617.1204677783
182275,792000.0,1073151.4571446907
182276,3500000.0,1519885.2606690908
182277,1175000.0,1175354.4063007664
182278,2200.0,-281099.27621052414
182279,3750.0,65116.00960579142
182280,1267000.0,1096779.5701430365
182281,600000.0,1000683.3485566219
182282,130000.0,385564.4389415141
182283,634000.0,635824.7563243005
182284,360000.0,633864.3590564309
182285,285000.0,615501.3584034955
182286,484000.0,683625.9129167292
182287,1065000.0,943850.1975860186
182288,1710000.0,1602268.9501327388
182289,459000.0,657578.5241859118
182290,965000.0,1073733.6649798807
182291,4260.0,126869.24751820322
182292,1866000.0,1344190.5442908136
182293,750000.0,795822.5494385976
182294,785000.0,1140614.0467680236
182295,1400000.0,1480808.7826213222
182296,372000.0,702410.3501766147
182297,4850.0,178744.86260013096
182298,925000.0,1010137.0554457083
182299,5500000.0,2032197.3567766258
182300,1400000.0,1049884.8928160295
182301,5100.0,222545.81730801798
182302,260000.0,557701.7747985777
182303,880000.0,1673753.010392066
182304,3950000.0,2797534.386057029
182305,280000.0,545816.2336469991
182306,3750000.0,1998532.1585685275
182307,1900000.0,1387987.0411921302
182308,312000.0,471605.95064871106
182309,1131000.0,901338.5933419447
182310,1490000.0,1149431.4543882692
182311,840000.0,1051127.3651266797
182312,2280000.0,1092729.6590513326
182313,1580000.0,1255842.3866516277
182314,1245000.0,1060837.2425784795
182315,1185000.0,978611.9337361343
182316,703000.0,1040498.6539273607
182317,715000.0,1039938.6812572628
182318,530000.0,872133.2084269458
182319,975000.0,1142625.548694483
182320,940000.0,1243811.8981339196
182321,453000.0,297107.2385399807
182322,1400000.0,897339.281576219
182323,850000.0,859762.8857315173
182324,780000.0,895060.0922753001
182325,2495.0,-351220.8767767921
182326,1062000.0,541511.3144755643
182327,1080000.0,1203148.8606227217
182328,750000.0,686324.2584475651
182329,290000.0,608184.5947176246
182330,640000.0,810488.2890129555
182331,840000.0,811640.8068523342
182332,2299000.0,1096629.8361128187
182333,305000.0,796562.3365470581
182334,750000.0,951481.0973393964
182335,820000.0,857464.9630950289
182336,800000.0,773731.8513035793
182337,575000.0,860685.002340097
182338,2050000.0,2062352.1311010532
182339,679000.0,750977.4544792958
182340,1326000.0,1217486.368955466
182341,1250000.0,1021740.0008277465
182342,720000.0,1425521.0851681205
182343,1250000.0,996842.3982141884
182344,3495000.0,1602775.8284469359
182345,1465000.0,928059.2498611892
182346,829900.0,963423.4520635623
182347,684000.0,683701.2297581406
182348,1490000.0,1574949.684407114
182349,1915000.0,1682309.6541586975
182350,1375000.0,1229325.296164047
182351,599000.0,509097.2889571646
182352,910000.0,945253.5368976304
182353,1349000.0,1108826.0535593312
182354,920000.0,1137764.636598953
182355,695000.0,776002.1806331296
182356,1105000.0,1244796.014601253
182357,520000.0,538264.4415043779
182358,6000.0,448282.80611862056
182359,1475000.0,1023520.4425335508
182360,3300.0,-191699.6988737285
182361,827500.0,914551.2003240157
182362,2475000.0,917956.7009760626
182363,825000.0,951634.0118955662
182364,2100000.0,1446081.8657995453
182365,914000.0,1261930.2656675708
182366,435000.0,858033.7191977352
182367,400000.0,650648.7686425736
182368,420720.0,643507.909754483
182369,590000.0,811533.9301152788
182370,1585000.0,1111168.7727234457
182371,1050000.0,1049517.0780173168
182372,600000.0,903566.5471323365
182373,800000.0,922105.4933041837
182374,921200.0,1208995.0522356313
182375,525000.0,689719.8480759636
182376,9750.0,469347.4117488712
182377,785000.0,1227355.575018542
182378,2700000.0,1647357.936247686
182379,1350000.0,1081327.1599611184
182380,790000.0,1410719.4985895697
182381,490000.0,630310.613699791
182382,1560000.0,1462299.3146194424
182383,540000.0,772975.000375824
182384,545000.0,759061.5344508346
182385,1660000.0,1972667.5254325802
182386,1313800.0,1226661.1352471104
182387,1700000.0,1670997.894858569
182388,474000.0,503210.6999371415
182389,650000.0,893668.9110019645
182390,635000.0,1167712.0645173192
182391,2550000.0,1790445.8422193136
182392,375000.0,597162.1603586525
182393,705000.0,697091.7049551187
182394,3000.0,60922.209841344506
182395,1974000.0,1191083.3803242547
182396,405000.0,446568.8144859746
182397,1149000.0,1297788.9236483853
182398,5065000.0,2743696.3796567023
182399,1360000.0,963569.955164765
182400,225000.0,926646.418086498
182401,1065000.0,1087721.2655673074
182402,3100.0,-243053.17505795136
182403,1385000.0,1060284.9505285025
182404,625000.0,892047.979958266
182405,2589000.0,1611506.4761771196
182406,850000.0,1007460.9692165451
182407,405000.0,640902.2563105244
182408,3900.0,-162669.22938477807
182409,900000.0,1488870.9144554557
182410,530000.0,637361.3238833528
182411,640000.0,992047.4834531611
182412,593000.0,419504.3699481962
182413,640000.0,894681.4197303252
182414,1472000.0,1052586.5188316954
182415,1950.0,-468051.76724566426
182416,500000.0,657287.9228757499
182417,200000.0,321630.9346752055
182418,4300.0,414956.2730958592
182419,1360000.0,1340307.7422293462
182420,1110000.0,1016774.7760520177
182421,479000.0,651134.4852981586
182422,820000.0,946615.49009939
182423,840000.0,769664.5683653327
182424,350000.0,688278.2737564454
182425,1290000.0,822246.1927856663
182426,780000.0,998836.2360670287
182427,1235000.0,955667.3041911554
182428,3750000.0,1062399.070875748
182429,3000.0,-105430.24175699614
182430,593958.0,586561.2052171929
182431,560000.0,583663.7873822469
182432,2700000.0,1674313.0602958752
182433,538500.0,744109.7615392962
182434,750000.0,783836.254208697
182435,618000.0,584308.2922814358
182436,740000.0,931006.7186353467
182437,570000.0,665045.578602477
182438,1020000.0,1398647.500586953
182439,384000.0,416968.7070796946
182440,2850.0,-1628.9126207614318
182441,415000.0,878571.2507363027
182442,725000.0,744191.219143983
182443,1800000.0,1027305.4800975397
182444,935000.0,1299247.6194427805
182445,1160000.0,1171245.6359787062
182446,440000.0,520341.505031541
182447,1235000.0,917594.212740263
182448,1699000.0,1345229.969044827
182449,510750.0,803682.4971967377
182450,650000.0,589345.6064421218
182451,330000.0,752804.5785407787
182452,615694.0,563021.0575312534
182453,620000.0,733873.2259864816
182454,750000.0,1008030.3470127387
182455,920000.0,883353.7361918846
182456,644000.0,896022.7671484053
182457,255000.0,482995.9008784238
182458,1475000.0,1154379.624779148
182459,654000.0,738036.5029756436
182460,1072000.0,906658.3829720551
182461,1361000.0,1069401.0441188077
182462,460000.0,659038.9026075844
182463,900000.0,983415.1871639509
182464,1610000.0,1158544.8376597455
182465,635000.0,1123813.70463615
182466,435000.0,553081.6251794184
182467,650000.0,873774.6905024741
182468,3385000.0,1918513.078597051
182469,19950.0,2646105.2122926945
182470,1005000.0,991216.9837982403
182471,3250.0,235179.1857560994
182472,1770000.0,1861735.9220954385
182473,1102000.0,1316402.5521527547
182474,1055000.0,1047488.7414221736
182475,3000.0,67612.96337104402
182476,418000.0,706453.2385678962
182477,5500.0,521151.49218005687
182478,3700.0,64348.15622917749
182479,489000.0,1045861.2717295168
182480,1730000.0,1403501.9515250009
182481,580000.0,934562.5420687804
182482,408000.0,420797.3200912997
182483,1695000.0,1030270.2500373637
182484,1300000.0,981884.9487034129
182485,1899000.0,1296718.6385347508
182486,1150000.0,1206822.0185056664
182487,985000.0,1251662.8674097685
182488,1245000.0,1410059.152681754
182489,1296205.0,1435083.945721914
182490,400000.0,773865.4517579153
182491,400000.0,648850.0909197787
182492,850000.0,953442.8932513408
182493,1890000.0,1471946.4701105393
182494,445000.0,659172.0681937179
182495,828000.0,1109675.8749786234
182496,180000.0,725223.9722576607
182497,586500.0,666093.4893973107
182498,575000.0,983613.5487316297
182499,4500.0,-174524.47579986136
182500,758500.0,584902.4973797193
182501,2440000.0,1515571.4000338297
182502,1025000.0,1085064.0265534893
182503,395000.0,680474.8815814313
182504,720000.0,848775.9813608639
182505,1300000.0,1245225.5445547886
182506,495000.0,398149.3061594097
182507,3500.0,-94921.68073090818
182508,745000.0,725791.1918448517
182509,1630000.0,1057763.9189537717
182510,799000.0,989720.4820627309
182511,415000.0,540287.545825352
182512,380000.0,390231.14064309746
182513,525000.0,737796.7138550095
182514,999000.0,896974.9642451927
182515,1100000.0,1233364.3458684636
182516,1049000.0,1079014.4790322352
182517,1150000.0,1238383.7315630773
182518,590000.0,537173.8887795424
182519,925000.0,938802.9101297427
182520,2088000.0,1264477.1177081782
182521,1513000.0,885958.3812311236
182522,760000.0,1020193.438318884
182523,1010000.0,897414.0722360797
182524,1565000.0,1107454.7230055034
182525,820000.0,965458.9335518191
182526,1085000.0,1178752.806095249
182527,889000.0,927072.4254207266
182528,625000.0,641021.3864206783
182529,1305000.0,931947.8983360194
182530,735000.0,729730.8338874606
182531,770000.0,986876.488803139
182532,2575000.0,1486329.8458274128
182533,501000.0,922617.1083998764
182534,175000.0,427166.3540488621
182535,6500.0,406011.58375072945
182536,570000.0,681875.3789988495
182537,700000.0,1009027.5928915981
182538,1600.0,-196938.24782634992
182539,875000.0,1018087.5999984732
182540,569000.0,641675.4386117626
182541,738000.0,774815.4201770257
182542,675000.0,1370462.8347031875
182543,289000.0,648442.5612354614
182544,442000.0,395012.0520830434
182545,1660000.0,997201.5457261112
182546,790000.0,922789.283487645
182547,605000.0,1014631.4405685337
182548,7800.0,701342.9991006544
182549,3150000.0,1816932.9374787891
182550,1674000.0,1209252.0298278015
182551,745000.0,746656.4922731481
182552,247500.0,407722.8276921725
182553,772000.0,852161.9218534036
182554,540000.0,584144.7169169746
182555,1260000.0,1192647.870516844
182556,455900.0,579147.4878527094
182557,1950000.0,1365386.9104715418
182558,1285000.0,1064015.3903655019
182559,952000.0,854730.0602895049
182560,620000.0,905431.009045776
182561,3500.0,-133519.53301187512
182562,955000.0,607702.5384778846
182563,758500.0,764681.8082386404
182564,1895.0,-129227.48427187
182565,765000.0,931056.7777844621
182566,2750.0,-122988.49540217314
182567,1850000.0,1683540.260040326
182568,2850000.0,1973695.051089772
182569,705000.0,584803.2094683852
182570,1275530.0,1404975.782544328
182571,895000.0,1447451.8126629097
182572,3950.0,180282.44307608716
182573,640000.0,642894.9762360714
182574,869000.0,1175620.6180571737
182575,1250000.0,906152.1658744402
182576,790000.0,989741.958276649
182577,4500.0,207057.71309065726
182578,1210000.0,980630.6638344331
182579,1110000.0,1095930.0477273297
182580,1215000.0,1258120.8621646212
182581,5200000.0,2391982.395845131
182582,1340000.0,1063579.887955389
182583,990000.0,965754.7188714081
182584,2350.0,-330597.179213278
182585,360000.0,404471.4489587797
182586,865000.0,1076236.1244953591
182587,737000.0,764138.6507183146
182588,1990000.0,1087704.6735658897
182589,500000.0,746367.2364609186
182590,4700.0,544559.2887389576
182591,580000.0,682847.8454271602
182592,990000.0,1028632.1304719374
182593,760000.0,1200496.0451106941
182594,435000.0,698977.2481967798
182595,1000025.0,1240788.2311049933
182596,820000.0,865387.8348980648
182597,790000.0,919924.8071476016
182598,390000.0,589093.2379229981
182599,485000.0,776671.9752223147
182600,1883500.0,995433.532620213
182601,759000.0,640161.133158097
182602,1650000.0,1222968.8903904334
182603,1515000.0,1105552.9318999294
182604,1060000.0,1172604.2968915962
182605,790000.0,1083595.2053426523
182606,799900.0,1070507.5054125441
182607,1685.0,-467918.65420491155
182608,526000.0,289393.6480181031
182609,383000.0,652727.3800604483
182610,610000.0,599125.4280104963
182611,880000.0,943855.4258229788
182612,920000.0,1010347.7269344451
182613,2300000.0,2009611.3950152406
182614,2000.0,-463525.8295327127
182615,745000.0,681167.0034202272
182616,3850.0,63702.24410678074
182617,1040000.0,1056494.309050601
182618,2195.0,-170821.9475941509
182619,800000.0,946159.8363092598
182620,742000.0,885852.4022901701
182621,4150.0,80170.99881243333
182622,2900.0,-138167.21426411252
182623,635000.0,946131.7359336521
182624,585000.0,775268.0846209005
182625,1450000.0,1306310.226121921
182626,935000.0,963608.7228710018
182627,1900000.0,1379103.8727501798
182628,741250.0,1367566.6227079434
182629,730000.0,920689.168366218
182630,2300.0,-250418.22582773864
182631,594000.0,666113.150194373
182632,547290.0,840775.0341633894
182633,979000.0,1073130.4851924041
182634,775000.0,854741.3234179299
182635,1610000.0,1343908.7100427952
182636,610000.0,1144149.09837675
182637,685000.0,1216487.930348944
182638,1998000.0,1003165.5380293196
182639,640000.0,844902.813393007
182640,460000.0,563595.846119618
182641,550000.0,943152.8560235994
182642,2900.0,38671.37712929025
182643,449000.0,603816.7942055156
182644,880000.0,1357496.172158571
182645,3800.0,277537.04758150317
182646,1470000.0,1148330.7611661833
182647,1200000.0,1191821.164558868
182648,805000.0,992068.0843254309
182649,454000.0,345775.9501032736
182650,870000.0,793164.9036140656
182651,1735000.0,1316082.2983786939
182652,2550000.0,1808540.554236183
182653,1890000.0,1422243.9215110708
182654,13500000.0,2094876.8155102571
182655,1600000.0,1479799.4642441003
182656,4900.0,79708.64531130437
182657,1721000.0,1084430.8454666547
182658,1325000.0,897992.1861215653
182659,999000.0,1197425.6624724614
182660,640000.0,500699.02869101614
182661,1300000.0,1347828.528657226
182662,925000.0,1130291.9362767572
182663,559500.0,645202.9758815169
182664,4250.0,94998.7139956057
182665,285000.0,602355.2863215953
182666,525000.0,742748.8660490876
182667,1335000.0,1298058.3839120306
182668,635000.0,1067505.0765091702
182669,1493000.0,1449282.4650358278
182670,946000.0,1086806.8254877245
182671,625080.0,596239.8957423475
182672,669000.0,1784531.6667148788
182673,2650000.0,1498056.4622742124
182674,470000.0,632732.2136735069
182675,581000.0,954056.8426131075
182676,830000.0,835969.7667651512
182677,540000.0,826034.6895097
182678,397000.0,706349.0808773441
182679,659000.0,1076055.7027039407
182680,275000.0,488803.66969308443
182681,985000.0,1139564.9842132898
182682,3500.0,270105.40858700033
182683,696000.0,624498.5519928997
182684,1710000.0,726609.9662335934
182685,495000.0,787415.4023142252
182686,3700.0,-12589.681259770878
182687,1100000.0,1036496.8624419235
182688,2595.0,-100612.89783043135
182689,950000.0,1084317.7269053739
182690,2100.0,-470911.07508894056
182691,460000.0,544707.64994008
182692,1050000.0,957248.1722378554
182693,910000.0,973993.5980526917
182694,2930000.0,1693988.8010553215
182695,689000.0,983524.8471123176
182696,91000.0,321410.61876048055
182697,410000.0,537867.383629893
182698,355000.0,623378.6910904711
182699,695622.0,709916.9057960212
182700,2800.0,-454803.34500424005
182701,1177000.0,1072941.3912516395
182702,700000.0,1571041.4073102325
182703,2075.0,-475194.60269578174
182704,990000.0,1033333.8534634355
182705,420000.0,714990.651537125
182706,390000.0,456932.5059203934
182707,526500.0,831384.8229251383
182708,2550000.0,1461751.4285735264
182709,866000.0,953333.5262724869
182710,1800000.0,1289155.4371288484
182711,1190000.0,1089961.4894473236
182712,1895.0,-480873.7516547721
182713,693785.0,686476.1475953143
182714,1550000.0,1078639.1796269026
182715,6500000.0,3850610.5270976815
182716,5000.0,62173.24694194645
182717,2750.0,-56142.226180495694
182718,595000.0,1428401.3200550918
182719,642500.0,1027449.6167076342
182720,2980000.0,1710191.0412317542
182721,773600.0,826479.12877368
182722,789000.0,937484.4741871813
182723,3400.0,-121407.30540675577
182724,305000.0,371337.0584217869
182725,973000.0,1378123.3789563626
182726,885000.0,772260.5668273009
182727,715000.0,823308.5300315656
182728,639990.0,615646.2987136208
182729,525000.0,835160.6026347838
182730,880000.0,1169277.8500238126
182731,3200000.0,1672363.8022337388
182732,3600.0,-119973.4874844877
182733,1420000.0,1036629.3138188384
182734,510000.0,847439.4097748073
182735,312500.0,426834.1991635561
182736,1600.0,-141975.0461168047
182737,435000.0,736066.0645189043
182738,944000.0,951949.368538524
182739,1425000.0,798595.9663167549
182740,965000.0,1196725.9952798216
182741,1950000.0,1512726.3377751317
182742,699000.0,641833.5925319055
182743,2100000.0,1515281.8445422119
182744,750000.0,805488.7076075049
182745,850000.0,1363946.169214666
182746,1500000.0,1306377.3932940904
182747,675000.0,647666.9615046075
182748,765000.0,867993.0246590162
182749,979999.0,1180797.9219812416
182750,1125000.0,1166221.6424828265
182751,900000.0,1084556.9318690803
182752,690000.0,973759.8846582538
182753,675000.0,856859.8132365318
182754,1239933.0,1018801.8193670623
182755,539000.0,910993.396441644
182756,2500.0,95501.60280647501
182757,2502000.0,1498688.5341097265
182758,335000.0,431523.9933924377
182759,1625000.0,1196819.6547660558
182760,820000.0,965343.5372123681
182761,295000.0,532048.6270608371
182762,610000.0,783500.2130884165
182763,630000.0,820081.6451592846
182764,795000.0,956410.2915851036
182765,605000.0,1009390.0993541284
182766,857000.0,1012510.8149927035
182767,2200.0,-76705.33166838717
182768,4750.0,264735.75040297676
182769,4000.0,-246502.11089161318
182770,2800.0,-250331.01997006498
182771,730000.0,971355.8300411915
182772,2350000.0,1218039.7456375826
182773,901000.0,1011436.6909900932
182774,300000.0,612250.3961111363
182775,765000.0,761466.1913697785
182776,1050000.0,1133470.2533196453
182777,1600000.0,1294944.484853928
182778,2200000.0,1293872.1337497113
182779,340000.0,906489.7608506996
182780,265000.0,651103.7255070675
182781,2200000.0,1031038.6559189558
182782,1785000.0,1410106.7931901924
182783,650000.0,815315.2253013169
182784,350000.0,752952.8822107492
182785,7000.0,659730.1401390452
182786,1565340.0,1694440.6254958631
182787,1908000.0,1343436.6338826707
182788,4275.0,421393.9186754357
182789,395000.0,604118.5055051781
182790,900000.0,877762.744321689
182791,1300000.0,1353833.278320523
182792,6295.0,861261.5576001648
182793,1370000.0,993269.3361039031
182794,5186869.0,1972222.197689644
182795,1200000.0,966558.9918345893
182796,7500.0,1039699.0714981053
182797,1135000.0,782705.9468696928
182798,1550000.0,1409430.7584943064
182799,1900000.0,1171028.4916073848
182800,930000.0,953622.6187476078
182801,553000.0,744100.7082293276
182802,720000.0,788763.3348157853
182803,780000.0,749363.5491494667
182804,475000.0,515702.06722572073
182805,1299000.0,1165111.6867046515
182806,1184500.0,839376.0921208896
182807,2300.0,-461964.7719275551
182808,948800.0,939353.6893625129
182809,935000.0,1106202.275315688
182810,895000.0,1244907.484477247
182811,525000.0,955662.3558770427
182812,3400.0,100587.29581831861
182813,725000.0,698848.6581883021
182814,2886000.0,1991645.481599683
182815,950000.0,1204691.241537094
182816,557777.0,855149.2991310069
182817,1220000.0,1067883.9505564515
182818,1769000.0,1283617.0907365112
182819,1235000.0,727199.4576176265
182820,3100.0,-83441.94775185548
182821,2250.0,-278284.69992656354
182822,2040000.0,2236884.3635819303
182823,699900.0,1095792.0307541415
182824,560000.0,800413.0820195368
182825,2358000.0,1603646.713344019
182826,4892500.0,2584691.4547513975
182827,780000.0,992502.520622951
182828,830000.0,749073.4988125414
182829,2600000.0,1508928.0506821293
182830,4800.0,644893.4291707119
182831,870000.0,959615.5902343392
182832,3050.0,71352.0594172012
182833,415000.0,481392.7552864123
182834,1200000.0,1046143.4476671638
182835,650000.0,938656.4195968509
182836,930000.0,2293838.43611871
182837,3350.0,95760.65827252436
182838,649000.0,739207.3032551585
182839,2395.0,-58025.56317506172
182840,1849000.0,1485224.0239342721
182841,2240000.0,1562371.1622832762
182842,380000.0,473935.7891510781
182843,278000.0,441760.10171789397
182844,1900.0,-198189.59838324226
182845,480000.0,738876.4726405209
182846,900000.0,962771.4894793779
182847,740000.0,736178.6223711818
182848,660000.0,947335.4750684788
182849,637000.0,612448.9641098864
182850,430000.0,630813.341686816
182851,3000.0,-445893.5622829199
182852,3580000.0,1894990.5316150514
182853,1249000.0,951387.5576792536
182854,549900.0,497256.1292256145
182855,1875000.0,1571416.1229304327
182856,493500.0,679970.4959831033
182857,312500.0,500520.24243330583
182858,735000.0,982161.6680057701
182859,219000.0,290283.01310268417
182860,1340000.0,1001430.8090859037
182861,460000.0,739080.8462325381
182862,800000.0,932261.4483564645
182863,1005000.0,1122517.775256088
182864,2530000.0,1673260.5072753038
182865,430000.0,699773.927944161
182866,1472000.0,1232143.3338068314
182867,2700.0,-230433.30025964044
182868,824000.0,779280.4832095094
182869,765000.0,1105676.7157887109
182870,175000.0,663083.1693879478
182871,292000.0,478027.3365750881
182872,3800.0,556650.4936230928
182873,1988888.0,1787818.2972276947
182874,760000.0,785876.198929945
182875,1750.0,-2043.7271304605529
182876,1210619.0,1098207.798110297
182877,1510000.0,1455593.5195569908
182878,7585000.0,2627536.4422773244
182879,398000.0,991500.4038726054
182880,2421000.0,2048958.323482871
182881,590000.0,902743.884635956
182882,2475000.0,1912401.7342917686
182883,2200000.0,1657246.9935047748
182884,590000.0,594266.3621710995
182885,667000.0,819761.1745012589
182886,1210000.0,934717.4943238711
182887,1000000.0,1126307.0677148672
182888,572000.0,538229.7025629478
182889,3400000.0,1264947.7114819419
182890,5300000.0,2822615.687102402
182891,770000.0,1031223.9364130842
182892,7600000.0,2039758.8598901602
182893,365000.0,1004524.9206507672
182894,795000.0,670031.9370586919
182895,3400.0,243977.21800929587
182896,2000000.0,1235793.790432713
182897,1298000.0,958556.7950624116
182898,1075000.0,1085256.9041105332
182899,650000.0,726535.7634074753
182900,1375000.0,1615230.9494465366
182901,975000.0,1189195.189714373
182902,895000.0,1137216.1784494743
182903,1312000.0,1043043.9424338173
182904,254500.0,651652.8870014427
182905,3300.0,106346.34103923384
182906,1575000.0,1670407.0468711918
182907,3400000.0,3066622.829272479
182908,740000.0,650946.6553138457
182909,1150000.0,1096190.7354358053
182910,1695.0,-338195.73249888606
182911,510000.0,1088953.4660572195
182912,2100000.0,1355379.916677042
182913,1799000.0,1340105.7866613558
182914,465000.0,623514.0376220942
182915,1675000.0,1669327.0428483458
182916,980000.0,727310.915476568
182917,215000.0,558872.9388636723
182918,2700000.0,1634609.6767801046
182919,689900.0,841187.128067066
182920,614900.0,837584.0934129125
182921,2100.0,-488472.2000600323
182922,945000.0,949577.5275308341
182923,1875000.0,1308900.1718148561
182924,365000.0,562507.8998673465
182925,1371500.0,1439360.3445942653
182926,1340000.0,744005.5022363467
182927,3300.0,190322.81282156147
182928,1120000.0,1027652.6306555755
182929,3500.0,40906.31904975511
182930,555000.0,825521.8615884194
182931,489990.0,660667.9134132089
182932,1600000.0,1244893.278404125
182933,907000.0,990152.8103688238
182934,460000.0,585591.9510958195
182935,2175000.0,2316664.938952867
182936,465000.0,799257.4720169427
182937,313000.0,486222.27343247086
182938,2220000.0,1781473.536169421
182939,840000.0,942499.4926071018
182940,465000.0,467089.18000765797
182941,353000.0,574638.249521073
182942,762000.0,826410.8507594084
182943,775000.0,960308.1990654273
182944,450000.0,587598.6419043047
182945,2499.0,-79278.32699489128
182946,520000.0,1122893.9452346824
182947,865000.0,964753.389292838
182948,300000.0,343354.4179475168
182949,575000.0,667711.0748881837
182950,1370000.0,1395710.1975153917
182951,1140000.0,1765879.9142562328
182952,7000.0,433663.92662125174
182953,1420000.0,1133062.970781085
182954,899999.0,1071958.523307735
182955,570000.0,600589.9200032009
182956,480000.0,952495.1510117333
182957,750000.0,1222981.1221103035
182958,730000.0,897421.787208369
182959,800000.0,791216.0507741263
182960,725000.0,1249360.6401143027
182961,4900.0,62281.87827671785
182962,7650.0,225799.227228635
182963,1550000.0,1277060.079097638
182964,875000.0,1523383.835518401
182965,915000.0,1129757.6275788713
182966,520000.0,956401.7678744933
182967,1350000.0,1266637.864844866
182968,2440000.0,1799783.2612196384
182969,1037500.0,1199207.7473040326
182970,375000.0,245107.83355238102
182971,2150.0,-469316.231009664
182972,10550000.0,2479263.3517053826
182973,1430000.0,1921943.7021118337
182974,3015.0,-45482.848700944334
182975,1400000.0,1268250.7980719823
182976,1175000.0,1239332.1062330427
182977,290000.0,969196.5765756443
182978,670000.0,760527.7957239812
182979,620000.0,899850.8204560084
182980,4600.0,133251.31047011353
182981,1785000.0,1440623.5570196342
182982,3300.0,19211.79570738878
182983,350000.0,911716.9599627517
182984,2900000.0,1609373.5423576068
182985,835000.0,953653.0375976553
182986,475000.0,434977.70760000683
182987,4500.0,-257237.44557233062
182988,510000.0,855134.5967205968
182989,1160000.0,1378436.3853804143
182990,3900.0,165020.06760982983
182991,838000.0,888603.4611834167
182992,850000.0,1108828.681157359
182993,600000.0,840544.6193016982
182994,3000.0,-252455.9763929937
182995,180000.0,513067.19185905065
182996,1562500.0,1290819.6049353182
182997,1180000.0,1232079.5404774072
182998,977000.0,1002177.1429631449
182999,702000.0,1197674.1524682902
183000,420000.0,647340.6090001538
183001,485000.0,464930.09344586823
183002,840000.0,1071071.814967472
183003,925000.0,1245532.3901191726
183004,76000.0,440414.26778483577
183005,3400.0,-117752.65557893366
183006,986000.0,1047697.5201141834
183007,565000.0,754202.1747459183
183008,755000.0,871868.7443672
183009,960000.0,1112341.4528155113
183010,925000.0,1215366.6375043709
183011,1050000.0,1062799.2488626288
183012,1460000.0,1090453.6310211224
183013,789999.0,869739.0380016454
183014,800000.0,781270.227088728
183015,690000.0,595906.1043298142
183016,524900.0,543913.3165224008
183017,850000.0,1490198.5996782845
183018,1189000.0,1091877.856211096
183019,1156000.0,1174046.6500102505
183020,159000.0,647145.5227860715
183021,805500.0,929231.8606643854
183022,605000.0,567089.6214023577
183023,1100000.0,1147230.213301625
183024,1370000.0,1343033.1645406177
183025,1075000.0,906477.3633501753
183026,585000.0,852497.1294811759
183027,680000.0,872031.0556649566
183028,605000.0,529268.4091760935
183029,365000.0,527149.4913273826
183030,432500.0,597362.3868463421
183031,1880000.0,1119957.1558949212
183032,15000.0,195279.71291218977
183033,339900.0,512485.95369646326
183034,1520000.0,1146497.2005947372
183035,1225000.0,1509885.7734161709
183036,4500.0,218192.9877293501
183037,1050000.0,1013545.3466148702
183038,975000.0,1458480.7208354985
183039,1980000.0,1920399.6412935816
183040,1325000.0,1232406.2537858319
183041,440000.0,844929.7517485153
183042,3995.0,165853.76582104713
183043,1765000.0,1236988.931112812
183044,409000.0,678552.1924999384
183045,875000.0,931074.1931181373
183046,1410000.0,1135050.9843894998
183047,950000.0,859952.9086808646
183048,375000.0,486476.8798450101
183049,775000.0,731491.1073985277
183050,1050000.0,1100961.1197219035
183051,375000.0,309077.9555187477
183052,595000.0,713110.5343976868
183053,1400000.0,1074609.9612868307
183054,1250000.0,1428959.748058781
183055,719000.0,803982.951321709
183056,435000.0,730762.3868614435
183057,1200000.0,1498507.617029192
183058,839000.0,1070272.245629319
183059,333000.0,666303.6737568062
183060,1320000.0,1404767.2145230053
183061,989000.0,922003.6081641326
183062,439900.0,728482.7049274044
183063,420000.0,796705.8844783623
183064,785000.0,1231057.968283224
183065,438000.0,866681.8484237622
183066,1000000.0,1056954.242109524
183067,18000.0,1464884.175391118
183068,581000.0,704509.5592801012
183069,975000.0,1078352.0267488388
183070,1149000.0,1036493.0656369114
183071,445000.0,689596.9175600735
183072,269900.0,684714.4162125299
183073,635000.0,887048.0321890153
183074,445000.0,627762.5217255531
183075,406200.0,520870.4881635662
183076,1100000.0,1114457.0685770875
183077,470000.0,769486.7813018933
183078,470000.0,887375.4228195874
183079,1035000.0,951007.0011238903
183080,1600000.0,1204448.850116264
183081,1950000.0,1191552.079109205
183082,741000.0,1123629.8618052425
183083,16200.0,796293.0544360494
183084,718000.0,959879.9879649961
183085,925000.0,1250478.2206931617
183086,660000.0,839625.1741443332
183087,567000.0,948334.2544002952
183088,507000.0,992904.2386542745
183089,700000.0,1058016.1649257801
183090,365000.0,474380.5467373468
183091,1123000.0,1247193.5743698664
183092,540000.0,617152.6033063345
183093,1980000.0,1335199.2703419412
183094,780000.0,952641.4802219812
183095,1175000.0,1047690.3847108614
183096,2500.0,-231290.41995836794
183097,1600000.0,1607293.307818395
183098,888000.0,775357.1188708199
183099,650000.0,972112.0262906831
183100,800000.0,955395.3742757691
183101,1795000.0,1662980.5224354863
183102,2300.0,16756.748169306666
183103,3845000.0,1619468.941751415
183104,452952.0,722357.6045011831
183105,3400.0,121559.4673353713
183106,589000.0,564551.6535043111
183107,625000.0,821503.0977973435
183108,835000.0,895746.0577622494
183109,3995.0,114436.13402216788
183110,2300.0,115167.31122207083
183111,3500.0,106559.88181375619
183112,790000.0,791299.632748859
183113,1625000.0,2097110.0390470652
183114,1730000.0,916937.3047575392
183115,1575000.0,1137545.8504510606
183116,1350000.0,1219058.6478238236
183117,1090500.0,1174700.8699496742
183118,1900000.0,1237745.725004022
183119,2200000.0,1306893.7386882026
183120,1350000.0,1429431.9702368295
183121,720000.0,719891.0819701003
183122,1749000.0,2083803.4050176172
183123,520000.0,681070.2323811818
183124,2600.0,-190158.95582024474
183125,420000.0,460129.3970434619
183126,499000.0,1456829.566584792
183127,790000.0,855555.7384816026
183128,625000.0,657790.1575150322
183129,645000.0,670992.1971283332
183130,6800.0,305967.0156293167
183131,970000.0,856838.018713884
183132,510000.0,822687.1289855046
183133,2450000.0,2206435.7784219636
183134,637500.0,852994.8014772674
183135,450000.0,953691.2891603466
183136,500000.0,510772.58432431053
183137,420000.0,760130.6104241014
183138,3350.0,159466.2938056374
183139,2000.0,-402367.9395245416
183140,535000.0,483322.77585830726
183141,1200000.0,1094345.073275012
183142,820888.0,786280.0788586931
183143,2500.0,-338578.72873097844
183144,2150000.0,1349078.78566482
183145,749000.0,537662.8155318955
183146,585000.0,745576.9173791809
183147,1140000.0,1366319.0793151055
183148,875000.0,1133316.5501494287
183149,2950.0,-205044.9872590294
183150,729000.0,788332.074291178
183151,1000000.0,2110407.842658722
183152,925000.0,938057.2386527639
183153,750000.0,744453.1483463384
183154,258000.0,530551.3023391208
183155,715000.0,1103896.3460468082
183156,785000.0,889008.7933335658
183157,685000.0,738538.7958721919
183158,500000.0,772209.3656575279
183159,701000.0,916847.1139535103
183160,1600000.0,1405894.1746321758
183161,710000.0,935185.8037638525
183162,520000.0,873981.9189427914
183163,435000.0,365112.91657862905
183164,160000.0,543711.5987438904
183165,950000.0,1301401.3413810637
183166,500000.0,719207.0991128162
183167,480000.0,845626.7126481049
183168,6000.0,346747.5876175901
183169,515000.0,760450.6064963508
183170,130000.0,624415.1937939608
183171,12500.0,655945.2706962265
183172,361000.0,550699.9827064956
183173,479000.0,670604.2937612254
183174,1349000.0,1064169.3979599718
183175,500000.0,737511.0953740422
183176,855000.0,891665.2243790859
183177,13500.0,1233113.1896578185
183178,1559000.0,1549869.6188429175
183179,705000.0,588296.1288224813
183180,3260000.0,2216741.151443594
183181,900000.0,895659.0317692896
183182,685000.0,899035.8809677428
183183,1200000.0,1362444.190424311
183184,445000.0,505906.6654317025
183185,609000.0,807245.0287022134
183186,602000.0,704048.7507446976
183187,775000.0,1005980.4433949105
183188,1490000.0,1703018.2149856333
183189,1125000.0,1586253.7171678646
183190,1050000.0,918538.5663515814
183191,555000.0,1030843.3148183133
183192,1000000.0,953369.1867142543
183193,621000.0,768483.9873185633
183194,2700.0,-100971.27187167946
183195,490000.0,813061.7307362258
183196,570000.0,547007.0218490604
183197,3800.0,-31420.626438393258
183198,335000.0,697260.7729144637
183199,760000.0,651717.5175732542
183200,545000.0,559765.5029644296
183201,415000.0,827155.3604932604
183202,1000000.0,1195022.9946539095
183203,622000.0,760918.4073819211
183204,495000.0,882297.7575840689
183205,238500.0,1106837.2671033368
183206,968888.0,1104023.0036276188
183207,1262500.0,1263257.7630386082
183208,3000.0,-99502.75802736823
183209,890000.0,897528.6143280398
183210,459000.0,443150.5755977528
183211,1050000.0,929613.6475532241
183212,655000.0,749527.9845907027
183213,935000.0,1007792.7983087376
183214,5950.0,506986.90348107275
183215,1120000.0,1512287.3648788687
183216,2702000.0,1761787.3388883602
183217,1280000.0,1069120.5286910264
183218,600000.0,1034383.6385380002
183219,1180000.0,1249331.9579193136
183220,650000.0,568266.9946766468
183221,1060200.0,1021378.9068558784
183222,1100000.0,959869.1709165704
183223,500000.0,806608.2044528183
183224,1420000.0,1277906.896489229
183225,910000.0,1110429.4621988498
183226,598000.0,683368.6909750886
183227,800000.0,1115213.7636970915
183228,850000.0,1018394.6492996747
183229,710000.0,771223.8791608363
183230,10950.0,552193.3058803082
183231,481000.0,1044446.4130118005
183232,800000.0,574708.4527760893
183233,7212500.0,1322657.6265394203
183234,900000.0,1114500.8774997015
183235,690000.0,756370.1794877145
183236,453000.0,665373.6494271504
183237,1370000.0,1491289.2495051315
183238,520000.0,892867.543435879
183239,310000.0,643386.5071078474
183240,800000.0,1012240.9153537899
183241,810000.0,1042006.2142608725
183242,372000.0,587409.9412827324
183243,365000.0,670996.8673375836
183244,773600.0,1101702.2659921106
183245,2357000.0,1968396.4579822468
183246,1223000.0,1085145.6205808874
183247,1165000.0,926225.5822512051
183248,465000.0,903667.9952135338
183249,437000.0,661054.4176496947
183250,1000000.0,1034238.5300538559
183251,670000.0,898430.2997619128
183252,1485000.0,1408552.3105033282
183253,785000.0,910202.9676761664
183254,471000.0,435466.27065417636
183255,660000.0,628612.4410752365
183256,575000.0,791620.4019159973
183257,529900.0,726452.6742055621
183258,914000.0,1006974.3494764343
183259,1025000.0,1049455.4417952169
183260,2000000.0,1397760.3179148035
183261,915000.0,2239444.5514285862
183262,740000.0,913418.1325818654
183263,825000.0,729325.7098293109
183264,370000.0,441335.2238960499
183265,1070000.0,1195888.4285006383
183266,1090000.0,1213744.2187776007
183267,470000.0,673100.0803712951
183268,2375000.0,1609258.450576012
183269,599000.0,859533.6154137021
183270,297500.0,525859.059992197
183271,810000.0,1341218.0002942644
183272,750000.0,512037.39830685314
183273,760000.0,740783.4971361831
183274,628000.0,907385.0120529635
183275,1675000.0,1663319.6854052665
183276,930000.0,988959.0748144276
183277,2500.0,-235548.81884150952
183278,764000.0,919646.1190265836
183279,850000.0,968059.3609059779
183280,1812500.0,1227646.695914629
183281,825000.0,1059432.8323357878
183282,1725000.0,1426802.3547430206
183283,850000.0,891391.0392976264
183284,845000.0,1089697.3753590947
183285,488000.0,485214.51995226555
183286,355000.0,521808.8582255915
183287,765000.0,733531.2376912264
183288,875000.0,1058711.6284568077
183289,1100000.0,875727.6984720053
183290,6200.0,243264.10627193004
183291,980000.0,1092288.9519245513
183292,455000.0,688234.1116876034
183293,779000.0,820884.4477931345
183294,875000.0,1094165.6032529483
183295,1775000.0,1455463.5218876917
183296,1412500.0,1427183.0425424092
183297,1690000.0,1067708.317074393
183298,1350000.0,1521284.9825335266
183299,1100000.0,1170203.6517453194
183300,1675000.0,1640579.2725008614
183301,2840000.0,1424625.6453184653
183302,389000.0,497193.30702045746
183303,2250.0,-400696.957539089
183304,1345.0,-507230.38091775496
183305,467000.0,748811.4068808723
183306,940000.0,1061685.6801252216
183307,852000.0,908633.8228890197
183308,204250.0,448207.51786942314
183309,720000.0,718069.640812411
183310,315000.0,532879.7967567043
183311,536825.0,502339.8784203287
183312,1049000.0,1434206.7837702474
183313,767000.0,946409.44168026
183314,790000.0,984099.6453266805
183315,1500000.0,1501758.3466913654
183316,550000.0,943218.4432566073
183317,1015000.0,1641213.646613269
183318,2075000.0,1442464.6827578265
183319,3250.0,-47183.38596328348
183320,460000.0,519399.95899933856
183321,620000.0,826971.170314108
183322,1144575.0,1093281.90977298
183323,1220000.0,1105946.8348640408
183324,1040000.0,1215043.771035716
183325,930000.0,972601.4959645923
183326,1580300.0,959992.1465005828
183327,651500.0,843883.1536155446
183328,780000.0,724487.9891343918
183329,405000.0,684903.0185864829
183330,430000.0,605937.0059398469
183331,3500.0,-69134.65287812334
183332,750000.0,886775.1076618843
183333,535000.0,720611.153413157
183334,636790.0,641978.2933075
183335,1980000.0,1150823.7692577606
183336,1465000.0,1474652.0247076843
183337,3895.0,116268.36064061709
183338,605000.0,715129.1233297493
183339,1700000.0,1240556.134712887
183340,620000.0,694093.7923791884
183341,1525000.0,1414418.1067006644
183342,3195.0,-331061.5230416637
183343,825000.0,880531.9062688239
183344,715000.0,780279.9353470942
183345,439000.0,654477.694401294
183346,465000.0,793719.8088388033
183347,1875000.0,1250286.5073238593
183348,710000.0,694792.6763783218
183349,549000.0,633463.6835433552
183350,355000.0,522664.8548583668
183351,554000.0,633449.9583949381
183352,805000.0,884014.6070269793
183353,424000.0,395138.1022878699
183354,1100000.0,673411.174573495
183355,490000.0,373564.2580798222
183356,660000.0,862553.5213609245
183357,2412500.0,1279400.469804776
183358,589285.0,395005.09388053697
183359,782400.0,782745.9033931466
183360,2600000.0,1642318.9218421187
183361,397000.0,599135.8381572124
183362,2468000.0,1260556.0952439345
183363,1372000.0,1212276.2843469596
183364,615000.0,1076920.3310481915
183365,960000.0,1125954.0325572034
183366,673000.0,1183848.9008611003
183367,435000.0,674396.1452838928
183368,950000.0,951448.9709458929
183369,579000.0,488425.34715159424
183370,760000.0,933345.901476888
183371,2600.0,-335537.28053138126
183372,1330000.0,1189784.1669077883
183373,485000.0,746265.8920816919
183374,775000.0,949151.4203248108
183375,1099000.0,916340.3283669995
183376,906230.0,1009849.2204328831
183377,1375000.0,1235265.4920086795
183378,700000.0,946361.2369596697
183379,6500.0,734466.5901028272
183380,919000.0,941023.7743064472
183381,849000.0,1110295.9566428987
183382,1260000.0,1204486.9287763461
183383,3500.0,76289.00487664994
183384,17000.0,1758234.873695585
183385,1930000.0,1209373.3067219192
183386,1100000.0,991558.3864815189
183387,545000.0,563603.9409707589
183388,710000.0,820161.8325475119
183389,1299000.0,1132323.0137073528
183390,410000.0,572981.1570780324
183391,3500.0,-188455.9536325382
183392,1810000.0,915560.061432967
183393,4200000.0,2207883.200855272
183394,785000.0,756518.6930533862
183395,2050000.0,1495079.7569385981
183396,1770000.0,1491846.9392527994
183397,663400.0,675234.91339589
183398,570000.0,827391.7383785611
183399,608000.0,728989.3462583395
183400,879000.0,1264342.8130752435
183401,445000.0,454450.4551001331
183402,1750000.0,1447968.0282809073
183403,500000.0,671583.034764383
183404,925000.0,862212.2436318127
183405,780000.0,829543.0232011788
183406,1949900.0,1178808.1977245836
183407,3200000.0,2142375.3872162225
183408,1089000.0,901323.0303144064
183409,660000.0,718729.3731569983
183410,2599.0,-166617.73008290492
183411,855000.0,1024757.2793476889
183412,925000.0,1001815.4135609055
183413,710000.0,803455.7192147095
183414,1380000.0,1178577.4669769127
183415,535000.0,827026.0054933103
183416,500000.0,987484.5552356578
183417,535000.0,342193.5443460392
183418,455000.0,462753.6614141632
183419,3608000.0,1806560.1704463363
183420,1950000.0,1667253.2173479656
183421,443000.0,403715.2806154974
183422,685000.0,979770.6479267469
183423,705000.0,673881.7976535223
183424,400000.0,360438.973706075
183425,785000.0,1020829.8840587391
183426,1650.0,-387599.17349947896
183427,735000.0,908984.5398236988
183428,1329600.0,1016438.020116495
183429,474000.0,614791.5460063647
183430,890000.0,1191026.6214041514
183431,934044.0,970497.8176818332
183432,6495.0,146332.71590538416
183433,4000.0,667436.4106633598
183434,1050000.0,1106891.653558285
183435,305000.0,867880.7569403369
183436,730000.0,1193972.8505611755
183437,575000.0,717755.3579322267
183438,390000.0,639068.8187224995
183439,2690000.0,2134063.8186771804
183440,810000.0,879610.4217087599
183441,888000.0,1491301.16211583
183442,1210000.0,1187808.6830578512
183443,2600000.0,2142691.694386063
183444,650000.0,480223.5860033622
183445,1225000.0,956090.0017917063
183446,875000.0,947902.6303294273
183447,568000.0,839045.1759110754
183448,625000.0,819264.9319120608
183449,510000.0,856301.2985107163
183450,2395.0,-64296.588068482466
183451,750000.0,556382.6767140403
183452,355000.0,766126.744224376
183453,542136.0,651630.3803120535
183454,698000.0,973874.9111655084
183455,3450000.0,2001663.4804628016
183456,805000.0,1336336.9776151497
183457,1650.0,-3490.887727735564
183458,4000.0,545850.0477613043
183459,730000.0,656882.0930724833
183460,2200.0,-464961.86647516675
183461,633605.0,615575.0761027215
183462,350000.0,613714.2975577964
183463,2500.0,-214286.3579486208
183464,1652500.0,917881.2039145753
183465,905000.0,935726.5415035095
183466,1365000.0,1350189.306957337
183467,560799.0,656797.6909135431
183468,1327900.0,1639246.9376631984
183469,401000.0,1009168.5907205679
183470,550000.0,1015048.0905857328
183471,1150000.0,1425157.531267616
183472,632000.0,1473936.8045448782
183473,825000.0,854577.723089518
183474,2149000.0,1374605.5673712827
183475,685000.0,1120825.4127047574
183476,1860000.0,1306946.5588971516
183477,695000.0,837392.385910714
183478,2600000.0,1652045.4728535162
183479,5950.0,660406.7487944309
183480,1100384.0,1574303.3562493417
183481,1335000.0,1291745.5906581124
183482,790000.0,785077.6027489668
183483,625000.0,653377.783210312
183484,789000.0,842820.6342233615
183485,1624000.0,1604950.631594875
183486,310000.0,597364.5324997259
183487,810000.0,1378740.457911414
183488,1680000.0,1742829.6227138834
183489,799000.0,1058759.0968214627
183490,1300000.0,897105.9291633703
183491,1360000.0,1801666.573020801
183492,1590000.0,1661033.813553664
183493,429000.0,417445.6233029226
183494,1600000.0,1217257.7610635636
183495,735000.0,1058960.377103245
183496,591400.0,1106889.873956047
183497,950000.0,1273253.7965821093
183498,510000.0,668300.6445427472
183499,662000.0,946388.4918799503
183500,680000.0,575680.2228297433
183501,299000.0,491411.87574850116
183502,720000.0,876921.7173332535
183503,805000.0,974175.7721307576
183504,564000.0,1017494.074368271
183505,720000.0,670674.0496190256
183506,3000.0,-249693.5563456947
183507,780000.0,916632.4036207907
183508,965000.0,1456917.575405092
183509,687000.0,705666.7606464634
183510,5100.0,177729.07599556725
183511,615000.0,682321.0611536968
183512,1390000.0,914585.943562327
183513,1395000.0,798689.4079846889
183514,3500000.0,1692633.015548572
183515,580000.0,602722.412911321
183516,3000.0,185861.7958229473
183517,180000.0,549655.8728538388
183518,1725000.0,1051706.0525282333
183519,625000.0,912245.4248848157
183520,550000.0,569427.362622044
183521,315000.0,481369.36556748766
183522,622500.0,1081825.608257222
183523,1540000.0,1712219.7286676755
183524,7102500.0,2574709.567987308
183525,932750.0,1393690.8250944233
183526,480000.0,938567.8778673196
183527,85000.0,189681.77279656008
183528,1505000.0,1217523.5212061368
183529,338000.0,547287.3587732622
183530,818000.0,1032992.7541529294
183531,875000.0,1011269.2563750045
183532,2550.0,-129393.3320515547
183533,2395.0,-106789.14588185959
183534,755000.0,993303.8289972097
183535,950000.0,1124564.4972417895
183536,990000.0,934097.6872092551
183537,1122000.0,1072219.0148774553
183538,1425000.0,1055662.315620049
183539,540000.0,556294.765183785
183540,785000.0,1033599.4145410769
183541,649000.0,753061.2049029637
183542,370000.0,473328.03365411516
183543,940000.0,934127.9006173303
183544,1387500.0,1385717.6284766002
183545,5250.0,398407.45420375094
183546,820000.0,913471.3146486692
183547,2185000.0,1581163.92455976
183548,1400000.0,1465893.589634426
183549,499900.0,397124.61167081166
183550,897000.0,856327.6658754665
183551,969000.0,694488.9874076983
183552,658000.0,896287.4521511067
183553,435000.0,443697.6542788185
183554,1475000.0,1056954.4530094974
183555,989000.0,878422.5178590585
183556,1670000.0,1202895.877007043
183557,565000.0,614214.7901870916
183558,215000.0,452613.15272562485
183559,4900.0,287133.6330548674
183560,2625000.0,1839528.8121834686
183561,600000.0,628018.2629466997
183562,759000.0,901336.8150951033
183563,1025000.0,985224.9032461438
183564,1760000.0,1140563.990225669
183565,480000.0,805619.0572371669
183566,920000.0,1076468.0934007429
183567,920000.0,813017.1514530424
183568,799000.0,1073076.240732789
183569,1330000.0,958314.4939566879
183570,1325000.0,726215.3386175698
183571,2200000.0,1481249.8446238237
183572,647000.0,718017.0339971622
183573,752000.0,956319.4134706203
183574,815000.0,1337823.327587719
183575,1125000.0,1553899.1274772026
183576,5400.0,501793.6786503047
183577,144900.0,242243.71949032415
183578,625000.0,880509.0190346837
183579,470000.0,743345.4191960357
183580,2800.0,63884.13886966463
183581,410000.0,565984.8829044458
183582,470000.0,637311.9801847404
183583,1796888.0,1304231.9116198104
183584,875000.0,1126276.6296575489
183585,1538000.0,1496577.5273245536
183586,980000.0,1318735.0603509517
183587,874500.0,856023.7111840378
183588,480000.0,897390.1205014493
183589,845911.0,993925.2835992128
183590,830000.0,1063267.086522202
183591,1050000.0,1108152.1076975474
183592,318000.0,495818.2597286571
183593,670000.0,822959.3144511394
183594,400000.0,919896.1005402468
183595,147000.0,293768.80778313614
183596,750000.0,772566.4294689577
183597,875000.0,1092783.7003506878
183598,998000.0,1149896.389903686
183599,1208000.0,1155651.1480426006
183600,1440000.0,1462512.9575757366
183601,585000.0,1061360.1841242127
183602,470000.0,667274.3584057735
183603,935000.0,996197.8298452608
183604,1895.0,-308220.8216226436
183605,500000.0,740211.3629816081
183606,3400.0,228955.17333641183
183607,312000.0,431603.14263728634
183608,1550000.0,1325169.1818794487
183609,1150000.0,1057745.6636412395
183610,559950.0,1029244.0027688649
183611,3095000.0,1429283.7411319679
183612,925000.0,854739.7275952064
183613,1580000.0,1346353.9709427627
183614,435000.0,600768.3773653563
183615,1360000.0,1141821.626091579
183616,7895.0,370618.53576795664
183617,2360.0,-122146.44298196118
183618,1101500.0,1171689.3464700216
183619,1750000.0,724857.3439358855
183620,1145000.0,1176292.1642251192
183621,800000.0,936189.965131497
183622,720000.0,896681.9834591364
183623,1185000.0,988794.5925776875
183624,445000.0,815959.6670399951
183625,960000.0,723627.8549560336
183626,2645.0,-207244.23059856147
183627,1170000.0,1420426.0087218955
183628,4800.0,233899.91760713514
183629,925000.0,943148.7147608297
183630,1138000.0,940001.7446713867
183631,740000.0,929443.1730175102
183632,3300.0,75248.31918042898
183633,230000.0,488660.86012153234
183634,960000.0,1005209.9827022562
183635,433000.0,843918.2797852857
183636,5500.0,212333.1009676447
183637,890000.0,1243682.28086368
183638,1150000.0,1711586.0485531902
183639,5300.0,508642.9536646949
183640,2800000.0,1663654.839568559
183641,463300.0,973011.2360399915
183642,1470000.0,1302948.4934302839
183643,6000.0,463227.29752780497
183644,600000.0,583798.3054709723
183645,3700.0,-96669.41496266332
183646,1155000.0,1067505.8375285948
183647,1150000.0,1323842.9227930233
183648,3500000.0,2798190.816370292
183649,2000000.0,1548993.881132654
183650,175000.0,494781.69451261405
183651,4600.0,-19065.25591287203
183652,919000.0,1191746.9673157325
183653,320000.0,723494.2760427035
183654,3999.0,-173943.2549690483
183655,780000.0,711118.0299867634
183656,850000.0,1258948.160820107
183657,328500.0,920866.4143697629
183658,2500.0,-356094.2197734192
183659,1027500.0,742022.3285794379
183660,899000.0,846442.8671409031
183661,975000.0,913450.1848273128
183662,1333000.0,1220834.7563938964
183663,600000.0,746399.5086810291
183664,875000.0,750220.0323386798
183665,1850000.0,1484947.1061727172
183666,321000.0,728870.5211973395
183667,3450.0,-188855.13284813892
183668,1375000.0,1386931.580528357
183669,540000.0,755990.0750588868
183670,1140000.0,1601492.8606632128
183671,26000.0,15212.28015410062
183672,620000.0,814489.8480203943
183673,1288000.0,1508383.9169554692
183674,950000.0,1012379.4270769143
183675,475000.0,605102.5718854964
183676,1139850.0,917526.2926163292
183677,755000.0,1144874.3369541941
183678,280000.0,659415.3428869704
183679,760000.0,982413.5807466358
183680,1077500.0,1046409.5923481584
183681,450000.0,896700.9544419656
183682,5800.0,35599.27762891166
183683,1005000.0,972503.9196215635
183684,635000.0,1026646.7468892606
183685,915000.0,1298447.124939383
183686,235000.0,443723.60847940575
183687,3650000.0,2106993.617992379
183688,915000.0,870178.3864252623
183689,1050000.0,1024214.0592211448
183690,495000.0,865070.2410669448
183691,1269000.0,969280.2664679084
183692,2300000.0,961208.872223204
183693,998000.0,1316019.4462931175
183694,4550000.0,2111358.249932505
183695,4800.0,369073.07709831744
183696,595000.0,793472.9030714845
183697,1150000.0,978619.6565847266
183698,1595000.0,1350554.842348246
183699,760000.0,813877.5042506456
183700,1590000.0,1778876.713250067
183701,640000.0,705253.915178027
183702,1705000.0,1453997.2961024074
183703,5200.0,456215.8934490904
183704,710000.0,969025.3169122124
183705,237500.0,874478.4598154388
183706,2500000.0,1222737.3275121087
183707,715000.0,1009017.3948327927
183708,580000.0,755403.1147628333
183709,1261000.0,1240306.7259294474
183710,1100000.0,942562.1212160978
183711,594500.0,663038.6147475773
183712,890000.0,978687.7810562691
183713,3560850.0,1860229.7955530602
183714,663000.0,971627.504851466
183715,380000.0,976525.4947546627
183716,1570000.0,1114965.0641025621
183717,670000.0,394326.4123690175
183718,640000.0,1266021.813317718
183719,1774999.0,1388519.7810683725
183720,390000.0,482209.1707439497
183721,445000.0,610428.4433320062
183722,528394.0,711336.7707751896
183723,510000.0,953773.2255763421
183724,524163.0,674447.2580046952
183725,2200000.0,1130462.5449782833
183726,450000.0,955144.2286581406
183727,713295.0,843940.5265125167
183728,1100000.0,896277.6427578265
183729,1550000.0,1180241.9367547305
183730,1100000.0,1710769.619772775
183731,10300.0,1241007.7818640778
183732,3600.0,-61546.847140657715
183733,3800.0,37281.50049207825
183734,9500.0,559166.8599370904
183735,765000.0,790397.8479772676
183736,915000.0,1148512.0943252752
183737,265000.0,429223.9879890904
183738,270000.0,1150088.273166393
183739,588150.0,624979.05217156
183740,450000.0,557213.6185790161
183741,2350000.0,2005803.967578562
183742,750000.0,782286.0092719235
183743,3995.0,-88646.55976231769
183744,938000.0,882084.3580979453
183745,22000.0,753870.3110216064
183746,825000.0,924952.3357881531
183747,424000.0,771212.5852528559
183748,870990.0,862012.8171744589
183749,560000.0,916793.1680038553
183750,550000.0,1285186.5385396155
183751,4995.0,404479.8082993096
183752,575000.0,607569.7449992131
183753,1410000.0,1055778.2074155305
183754,3395.0,14478.600343607366
183755,1990000.0,2121284.7707002405
183756,3300000.0,1618690.5629072692
183757,733000.0,999814.8295372082
183758,932000.0,1198450.7868805835
183759,1600000.0,1278059.0641591838
183760,729490.0,950498.759353715
183761,4400.0,411614.5298556676
183762,240000.0,401795.5291075129
183763,665000.0,1093838.3625800796
183764,580000.0,682655.837310398
183765,315000.0,672763.9667282989
183766,785000.0,830177.6216394277
183767,875000.0,880241.2956083594
183768,1545.0,-611745.841173253
183769,341900.0,590789.9032829665
183770,315000.0,650221.9680744885
183771,440000.0,697716.9657661105
183772,20000.0,1841955.847310475
183773,799000.0,1033376.4505436141
183774,522000.0,682569.0621602759
183775,1600000.0,1003286.1152714323
183776,2600.0,71904.1277700169
183777,1740000.0,1582122.4283164982
183778,1485000.0,1261924.7084229123
183779,435000.0,739080.5117379082
183780,950000.0,799410.5077528311
183781,649000.0,1268303.832147126
183782,810000.0,1187202.4043799303
183783,595000.0,554957.4133961834
183784,885000.0,830463.1312640393
183785,1345000.0,1347029.9191569975
183786,1580000.0,1333324.2184218075
183787,650000.0,810362.6070964225
183788,610000.0,1069268.6978060296
183789,3250.0,-324494.8276266102
183790,3400.0,40704.01225033682
183791,1995.0,-186678.50152709614
183792,565000.0,831018.409216485
183793,295000.0,652364.9466151604
183794,560000.0,815883.9928341527
183795,998000.0,1114114.9764383947
183796,500000.0,794438.2828251664
183797,2199.0,-204025.89969267603
183798,360000.0,601844.5429004896
183799,550000.0,1116920.6033954155
183800,540000.0,739926.6830946133
183801,1447500.0,1043043.5055882698
183802,520000.0,816183.5115364753
183803,390000.0,292712.33815687895
183804,289900.0,515522.1315485118
183805,452000.0,682321.5622601509
183806,789000.0,900422.4218474869
183807,1285000.0,1177102.3953335946
183808,1680000.0,1328348.286017702
183809,1440000.0,1182310.599995168
183810,1505000.0,1139651.5786970882
183811,4200.0,368860.47414327133
183812,315000.0,653663.7468054835
183813,710000.0,796482.2365108151
183814,1850000.0,1367966.650244886
183815,1688000.0,1334654.898594683
183816,750000.0,976310.9230808504
183817,905000.0,922277.3622597437
183818,440000.0,604266.0014055427
183819,1025000.0,920335.6895489292
183820,1679000.0,1244840.8355723685
183821,2025000.0,1399666.112222679
183822,875000.0,781031.3821099158
183823,365000.0,584967.0097489255
183824,1600000.0,1475473.751412429
183825,2350.0,-476092.90957827773
183826,560000.0,660883.5663296487
183827,810000.0,1033790.3582372507
183828,2126000.0,1951857.5236891126
183829,950000.0,1269940.133449519
183830,2450.0,-308684.0268241046
183831,3950000.0,1921856.5281263757
183832,3500.0,14396.882184152491
183833,1220000.0,968846.5058728326
183834,870000.0,872012.7075834833
183835,1305000.0,1015584.5468763858
183836,5465.0,183597.78357449826
183837,555000.0,701268.5380663751
183838,800000.0,950504.9059754331
183839,635000.0,961823.4714535102
183840,6000000.0,2924821.5843101395
183841,1290000.0,1164141.2230289532
183842,839000.0,1361211.6700804522
183843,1625000.0,1262547.7290333668
183844,520000.0,462748.10730965063
183845,880000.0,773225.0662605427
183846,500000.0,897499.9302677196
183847,580000.0,1136290.4363658475
183848,985000.0,1150037.5411298284
183849,290000.0,547066.2933198968
183850,415000.0,560461.9214361263
183851,1450000.0,1949650.8106749542
183852,926000.0,869379.3944107043
183853,625000.0,680899.2028789092
183854,410000.0,598682.4286343977
183855,509696.0,737836.6967087304
183856,1000000.0,878846.1348509071
183857,260000.0,373772.7342703538
183858,1400000.0,1298006.4619948855
183859,650000.0,1256598.7767004343
183860,497176.0,731460.9387837155
183861,713000.0,868837.8713404695
183862,515000.0,395171.66902495176
183863,454000.0,617755.6729529407
183864,326000.0,471196.5966957798
183865,5000.0,302533.8584281653
183866,3600.0,404351.3468936309
183867,750000.0,768338.94409806
183868,963000.0,1120014.109150609
183869,490000.0,851603.460119335
183870,14800.0,729338.7343524005
183871,745000.0,828251.8270348925
183872,3100.0,-254203.1017363891
183873,1020000.0,1243872.8834286435
183874,429000.0,492065.560378639
183875,855000.0,998873.4816956744
183876,2700.0,63796.13245909661
183877,545200.0,759372.4248934872
183878,6200.0,420860.13383167423
183879,945000.0,1096956.2254613545
183880,285000.0,380150.8909654543
183881,1000000.0,1320638.9842641065
183882,454500.0,722479.0170717537
183883,325000.0,380150.4642262431
183884,2500.0,-231213.15916125942
183885,2500.0,-457936.93336575385
183886,420000.0,809356.5209854431
183887,700000.0,916558.2109657759
183888,453390.0,981959.7589448299
183889,5000.0,260114.09642948583
183890,1850.0,-80792.58578301594
183891,515000.0,608510.7148635257
183892,5375000.0,2007425.4453125577
183893,799999.0,815755.511536574
183894,2350.0,-12500.198444955051
183895,1400.0,368925.27813914046
183896,615000.0,880207.0711043496
183897,2800000.0,1920827.320464096
183898,580000.0,888928.4232703904
183899,1398000.0,927585.4712602776
183900,6300.0,122030.4788322011
183901,658000.0,1108347.2718889564
183902,1760000.0,1062914.879915812
183903,842000.0,905602.710899543
183904,10000.0,349766.8414853681
183905,898000.0,913685.3472923879
183906,575000.0,546724.1176891765
183907,6650.0,340500.0573032405
183908,585000.0,409372.1677993946
183909,3950.0,131415.04798439983
183910,2137500.0,1161441.97067839
183911,2000000.0,1739409.3050911715
183912,4999.0,641046.2741528023
183913,685000.0,1001923.1165859792
183914,2500.0,-303995.6784906406
183915,2080.0,-292056.9040217651
183916,480000.0,582061.770569223
183917,314900.0,395881.2511400953
183918,2345000.0,1494478.6596607417
183919,505000.0,637318.669192804
183920,754000.0,985435.8840390611
183921,410000.0,658132.5784968389
183922,842000.0,1019672.2457785057
183923,399000.0,543397.1809433745
183924,920000.0,1359537.686449173
183925,770000.0,600480.1327382643
183926,975000.0,1052118.774243313
183927,405000.0,594495.9167425744
183928,1240000.0,1727683.4926036615
183929,780000.0,648072.5482243905
183930,1525000.0,1023913.2921139067
183931,540000.0,532404.0482480498
183932,6500.0,68991.9232185157
183933,532000.0,788679.374719643
183934,280000.0,485371.0733274417
183935,270000.0,461391.495663316
183936,977500.0,1083335.1988200676
183937,2995.0,-24873.610728074796
183938,20000.0,1794447.6492360132
183939,456000.0,515239.644612045
183940,1000000.0,1595937.579575791
183941,1100000.0,1013860.5914912578
183942,898000.0,896300.4798432812
183943,802000.0,995155.6912201559
183944,665000.0,695044.9898761939
183945,1640000.0,1182540.951124656
183946,2450.0,3392.4447254789993
183947,177000.0,277764.4452753458
183948,570000.0,1052033.251018647
183949,2075000.0,1420235.7384807225
183950,445000.0,467395.2728342619
183951,1235000.0,958819.1605753005
183952,1310000.0,1285456.3885840746
183953,489000.0,666546.7024189653
183954,3200.0,-259884.63841758482
183955,2700.0,-52308.95585313812
183956,1750000.0,2006329.535191089
183957,265000.0,609433.4079531394
183958,4100000.0,1696917.9887347808
183959,452000.0,523512.2301310692
183960,920000.0,1054039.9977106266
183961,1044850.0,1037349.431273737
183962,620000.0,1077773.4218559656
183963,1700.0,-234131.54624424037
183964,1435000.0,1088902.4804641549
183965,520000.0,566939.3341816254
183966,2000.0,-360981.29137167893
183967,585000.0,641708.0142325619
183968,390000.0,532248.7644981043
183969,395000.0,726158.4531407598
183970,1450.0,-466229.9841689849
183971,695000.0,758850.112424246
183972,839000.0,906275.0378989028
183973,800000.0,858577.7654673001
183974,700000.0,855987.7581168571
183975,6500.0,458496.19833362196
183976,3100000.0,1464563.1958683468
183977,1600000.0,1278335.9297287585
183978,2875000.0,598736.1835190142
183979,775000.0,1260280.7038186705
183980,6950.0,821895.1364662722
183981,397000.0,470484.7253181087
183982,745000.0,883133.9323657807
183983,597000.0,1079328.4761130307
183984,770000.0,1038068.5226221345
183985,705000.0,877226.4138135891
183986,640000.0,766430.2778651519
183987,1485000.0,1222394.4260983123
183988,4350.0,83172.611198348
183989,3195.0,48814.88522857614
183990,760000.0,908059.7774066757
183991,640000.0,1041385.4720154591
183992,445000.0,639751.4815217052
183993,7500.0,697746.8289109124
183994,1310000.0,1100983.6266229395
183995,1950000.0,1650468.4697409784
183996,2405000.0,2541970.337282898
183997,465000.0,853166.5132495929
183998,698000.0,783857.3950751815
183999,890000.0,1011881.3534323517
184000,400000.0,614724.1824452449
184001,840600.0,884529.2491180869
184002,434400.0,529803.3529827101
184003,1250.0,-402007.9380402975
184004,1475000.0,1136055.1358427498
184005,1260000.0,1190708.4658739902
184006,750000.0,856684.6667675013
184007,499900.0,966118.7379952697
184008,840000.0,913777.508724154
184009,2150000.0,1483749.5008666115
184010,550000.0,575636.978006836
184011,455000.0,708106.438792889
184012,469000.0,734043.7516237162
184013,250500.0,581343.5534241395
184014,920000.0,807139.002387601
184015,624000.0,1051775.7800623244
184016,445000.0,742146.3513576556
184017,1299000.0,1452335.2269280488
184018,545000.0,724252.1906624287
184019,862500.0,1102736.5018672692
184020,1200000.0,954287.2159477742
184021,478000.0,762542.5900683003
184022,12000.0,1027694.411399208
184023,755000.0,1315640.8752193963
184024,8100.0,547236.3927215654
184025,216000.0,499409.37485854886
184026,1370000.0,918562.2912189327
184027,785000.0,881915.0169006502
184028,830000.0,929897.1005656254
184029,780000.0,945197.8416513046
184030,508400.0,441062.5963780824
184031,380000.0,535427.218905801
184032,1800.0,-251902.68979883008
184033,545000.0,708210.089600577
184034,594000.0,821312.5880790912
184035,390000.0,723879.8317665374
184036,395000.0,692009.0964794634
184037,259900.0,462998.2857515896
184038,630000.0,783994.3073560186
184039,919000.0,999144.2997368509
184040,660000.0,645742.2569216331
184041,815000.0,1260549.066293371
184042,1200000.0,1039014.8281759433
184043,320000.0,877869.3485524561
184044,1215000.0,967016.161514421
184045,750000.0,758948.5402047755
184046,2560000.0,1500859.2009413727
184047,810000.0,1006351.8016908541
184048,614000.0,688977.1209966475
184049,499900.0,1017222.640021869
184050,520690.0,808735.7976116128
184051,739000.0,648884.3147223601
184052,500000.0,590189.9299007831
184053,3900.0,92733.15591227263
184054,515000.0,545580.8274873048
184055,500000.0,872296.2531128898
184056,3750.0,218657.12016345933
184057,750000.0,756145.9263393395
184058,285000.0,341110.69287107605
184059,2560000.0,1970190.8574756468
184060,700000.0,747591.6994421901
184061,4600000.0,2021748.6956376722
184062,905000.0,962628.4052446941
184063,995000.0,1041710.9088626448
184064,405000.0,699644.5222574556
184065,542000.0,717302.8382059438
184066,315000.0,684095.0059807897
184067,2450.0,-389233.7082962245
184068,1235000.0,1203603.9608346354
184069,700000.0,724740.8189943191
184070,1620000.0,1726496.667707895
184071,1349000.0,1298405.5557646984
184072,3750.0,-71648.15339153819
184073,600000.0,1193437.6653834358
184074,595000.0,707824.1862946311
184075,775000.0,1297092.9929943895
184076,2835000.0,1913698.4168548416
184077,376000.0,468471.9123761747
184078,625000.0,514556.7231555227
184079,495000.0,494601.5456820354
184080,1124990.0,1202938.4436421199
184081,656000.0,853803.6354479417
184082,1100000.0,1143608.3382364577
184083,903000.0,877316.500252164
184084,715000.0,1343743.4376388974
184085,1850000.0,1303394.9313850868
184086,930000.0,1047452.4985279515
184087,800000.0,831431.2459829999
184088,880000.0,1250040.980947027
184089,489900.0,890521.5958398627
184090,528880.0,804478.6258261772
184091,745000.0,959841.9741254887
184092,674000.0,879130.2964128656
184093,575000.0,702554.6079060165
184094,415000.0,564233.2039760062
184095,1365000.0,1679955.7648917995
184096,350000.0,517849.20260200184
184097,2395000.0,1252433.874245896
184098,1270000.0,1035166.0336126471
184099,6200.0,720099.6981091043
184100,6500.0,379849.31456547324
184101,1055000.0,950795.1151136747
184102,2120000.0,1530096.0193932224
184103,647000.0,792219.550340102
184104,558772.0,792958.9845311474
184105,635000.0,545321.1506297113
184106,425000.0,185989.1026449185
184107,9000.0,1389627.7544942852
184108,3395.0,-167368.80589908734
184109,1050000.0,1357077.9969498757
184110,379000.0,723981.4650059147
184111,940000.0,1166413.658915759
184112,2140000.0,1682006.7329139998
184113,560000.0,538582.8922457146
184114,3995.0,58783.815054062754
184115,1210000.0,809976.9500625022
184116,475000.0,1058035.7134473436
184117,1995.0,-182383.10477364995
184118,499900.0,782402.6557961283
184119,400000.0,955923.844549221
184120,850000.0,979207.8400751343
184121,3100.0,-258294.02011701744
184122,677000.0,1046115.4669695189
184123,415000.0,519980.4637116557
184124,609900.0,724479.7407807792
184125,848000.0,1019724.5360439802
184126,740000.0,832410.3626429373
184127,2855000.0,1505512.866233454
184128,2850.0,-374657.58854225
184129,555000.0,693909.3639052203
184130,745000.0,1198635.0207534647
184131,3700000.0,2495674.3590697944
184132,2110000.0,1484982.4405367533
184133,2500.0,-322558.45527153276
184134,389900.0,894684.8947555535
184135,870000.0,1047370.7009975668
184136,825000.0,819907.2151201488
184137,517000.0,832431.4538174933
184138,605000.0,637439.1782546788
184139,400000.0,647671.797367733
184140,495000.0,787082.4385416452
184141,509000.0,646975.4162880387
184142,351000.0,478057.3258833373
184143,3000.0,-258000.7344290465
184144,1000000.0,1353741.318413388
184145,440000.0,643083.6179023506
184146,785000.0,802581.7847531233
184147,380000.0,595823.8006185573
184148,868000.0,1044765.8982846411
184149,1030000.0,897830.426731199
184150,10500.0,1472160.0367817888
184151,675000.0,925487.1726603266
184152,1250000.0,1164224.4018938504
184153,573000.0,932021.7041191906
184154,1350000.0,1147357.6345023
184155,890000.0,1004215.2317515807
184156,600000.0,849000.6739086462
184157,980000.0,1023484.6670232089
184158,532523.0,564849.2206132421
184159,1750.0,-465994.1878223065
184160,1205000.0,909547.0845314581
184161,500000.0,712237.1079474771
184162,315000.0,506559.25549954735
184163,972000.0,1434795.7072102875
184164,975000.0,873986.8779213717
184165,6900000.0,2412475.8158676475
184166,990000.0,1007447.681715793
184167,1050000.0,1092153.7585131843
184168,160000.0,619111.9161674203
184169,1800000.0,1358177.6692299182
184170,815000.0,1004224.6950356402
184171,370000.0,916825.9277147772
184172,540000.0,771952.4024362927
184173,860000.0,703122.4876639182
184174,655000.0,1106332.29537375
184175,524000.0,592732.8244163273
184176,4000.0,-64732.3142202599
184177,699000.0,1175823.3115544869
184178,215000.0,487572.6150918873
184179,1275000.0,1524133.4696183465
184180,224950.0,654855.8005195325
184181,960000.0,1183546.3695673132
184182,395000.0,500958.7356748078
184183,1390000.0,1265550.3592519285
184184,380000.0,323285.4949948229
184185,1330000.0,1404228.7422006596
184186,1453000.0,1088351.8474522159
184187,2125000.0,1349988.0957816131
184188,3228000.0,3235017.0839892537
184189,1325000.0,1027360.0671193562
184190,670000.0,796814.2120260289
184191,710000.0,851593.6591835422
184192,860000.0,731638.058794383
184193,65000.0,693354.2113247719
184194,1410888.0,1591191.921895614
184195,720000.0,802826.7515858458
184196,405000.0,683123.056765914
184197,1850000.0,1363268.8096421864
184198,400000.0,689324.2351446506
184199,10500.0,1379052.9839183874
184200,1215000.0,1009113.2092865054
184201,510000.0,887537.9934078213
184202,857500.0,1109661.581017197
184203,625000.0,848561.1484426847
184204,1660000.0,1377258.6346632876
184205,1410000.0,1818230.54201461
184206,330000.0,416403.90370832756
184207,2035000.0,1263272.259224508
184208,3395.0,-286346.4391763685
184209,470000.0,356282.1585203195
184210,950000.0,824068.5924342293
184211,1875000.0,1382272.0319903158
184212,430000.0,485789.90465851314
184213,708000.0,896780.8839189298
184214,1040000.0,1345401.2782802703
184215,4350.0,261549.4133672081
184216,740000.0,828448.5337568847
184217,1830000.0,1609774.9435478095
184218,650000.0,979878.3571292758
184219,1150000.0,1168347.7060049167
184220,1065000.0,1224197.0423661163
184221,5750.0,464757.73490128946
184222,280000.0,545678.0695393756
184223,980000.0,943694.0968891727
184224,835000.0,944765.0038267905
184225,505000.0,713226.4390746672
184226,880000.0,779845.7134903846
184227,650000.0,973356.7240697332
184228,580000.0,1153061.0368876932
184229,387000.0,742695.3484465135
184230,739900.0,1244317.3377741417
184231,965000.0,1196024.2754176622
184232,975000.0,867254.5142024551
184233,530000.0,510517.97852699924
184234,890000.0,974648.3067559479
184235,5500000.0,1755435.0215173243
184236,790000.0,1117293.286751126
184237,825000.0,1148541.4287881749
184238,610000.0,373139.99857591465
184239,1330000.0,1688647.8055608496
184240,1000000.0,1388742.565601808
184241,1850000.0,1260427.5430349084
184242,839999.0,1013143.2813185966
184243,880000.0,1089434.8131338777
184244,915000.0,943491.6047911542
184245,800000.0,1059706.7532467935
184246,684999.0,709374.1171658803
184247,957000.0,925361.05909093
184248,525000.0,997745.5307471873
184249,1094000.0,940925.3201202918
184250,2845000.0,1192150.22107354
184251,815000.0,933476.0800430663
184252,450000.0,660686.4709393987
184253,730000.0,828822.2121140575
184254,210000.0,64903.83137283474
184255,865000.0,992348.265877014
184256,1497500.0,1062783.9782287264
184257,420000.0,665714.5900747431
184258,505625.0,964039.8669653824
184259,3000.0,55682.87143552862
184260,725000.0,728400.1046604877
184261,1065000.0,1448133.4897553017
184262,480000.0,1016094.301338328
184263,1274888.0,1318527.9839523882
184264,1100000.0,1098970.8951877402
184265,950000.0,1095340.0585858673
184266,1140000.0,1055586.9802796403
184267,534500.0,1080625.945183088
184268,590000.0,705415.2733250502
184269,1274800.0,1089804.2718921332
184270,335000.0,672810.3314656969
184271,665000.0,1095349.013748522
184272,1050000.0,1299232.7830943558
184273,11150000.0,3614916.668397124
184274,3300.0,-249572.96901302505
184275,2000.0,-482673.5925409589
184276,1760000.0,1259341.1713456186
184277,630000.0,765047.7611911297
184278,2365000.0,1326392.0313528776
184279,745000.0,860733.4005941665
184280,700000.0,1372439.6520597842
184281,2000.0,-237952.73225824535
184282,2690000.0,1520920.3109466918
184283,694000.0,795023.9746661261
184284,685000.0,1281014.334365488
184285,6495.0,296751.6993642617
184286,175000.0,426587.2798734559
184287,683264.0,761326.486472467
184288,750000.0,1517924.5809364961
184289,475000.0,836784.2122747963
184290,1035000.0,744352.2234672075
184291,1262000.0,711262.8549753828
184292,640000.0,1312982.6878896812
184293,5750.0,321420.9163220804
184294,1650000.0,1412057.161045311
184295,8800000.0,3541957.1233142437
184296,865392.0,831028.4371369248
184297,885000.0,929458.9417312248
184298,555000.0,964844.1513220724
184299,2820.0,-112388.30364804529
184300,816000.0,1171731.0950661479
184301,722500.0,721357.4499173407
184302,677223.0,761219.8655465189
184303,1978000.0,1122223.4543096898
184304,615000.0,896343.7470230768
184305,570000.0,918787.8169203708
184306,5000.0,356305.60422548186
184307,660000.0,769369.5072014537
184308,691000.0,966794.2173458803
184309,930000.0,933729.809021093
184310,1400000.0,1078367.7593297157
184311,660000.0,536627.8130538063
184312,4700.0,72651.04874290153
184313,510000.0,671841.2255946659
184314,650000.0,929971.8942551119
184315,920000.0,1000739.4337607557
184316,1254000.0,1090877.4485767307
184317,442500.0,670799.8866593298
184318,885000.0,800835.5702518988
184319,722000.0,735954.6066199439
184320,2990.0,39111.23472093698
184321,535000.0,483009.5924089318
184322,1630000.0,1401670.9498101966
184323,950000.0,967959.774540267
184324,418000.0,625339.6884277984
184325,845000.0,933566.3087536423
184326,1161000.0,1464975.05434494
184327,929000.0,1007542.3503074292
184328,1215000.0,960337.0657752082
184329,725000.0,847567.023902419
184330,660000.0,981669.1282772319
184331,715000.0,860249.7255793056
184332,6700.0,721808.4423785331
184333,1846000.0,2191009.5474475343
184334,660000.0,751021.2093991702
184335,805000.0,854511.233791953
184336,645000.0,935651.0397701124
184337,1600000.0,1760818.4831590354
184338,2950000.0,2428446.166116773
184339,710000.0,1003768.9292756636
184340,3220.0,-152806.32532226015
184341,160000.0,461801.04556089174
184342,750000.0,941294.4698722437
184343,540000.0,960232.2617226159
184344,540000.0,539238.0471409885
184345,424000.0,748486.2807905842
184346,615000.0,726209.4884612607
184347,415000.0,737556.8289677436
184348,375000.0,654120.738563777
184349,2900.0,-33485.16179868486
184350,1577000.0,1062338.7640993595
184351,532000.0,924666.3852490932
184352,725000.0,893677.4101639641
184353,641950.0,915930.3959401902
184354,1300.0,184936.720882223
184355,800000.0,1028507.1644118242
184356,2800.0,-231328.09036033042
184357,1110000.0,1475862.448002506
184358,730000.0,895572.719246909
184359,587000.0,776218.1189113222
184360,749000.0,970619.2143406263
184361,806000.0,856986.2264318354
184362,373000.0,576405.954041101
184363,929000.0,1124868.1292203404
184364,2250000.0,1024096.5756234601
184365,500000.0,678485.0553204156
184366,665000.0,660305.8238583067
184367,325000.0,606184.4715816099
184368,490000.0,524180.01872539613
184369,825000.0,911933.036411358
184370,578000.0,684716.0648483392
184371,975000.0,1056233.7328736698
184372,1755000.0,1869211.509554346
184373,544000.0,723421.976354871
184374,2795.0,-171551.55888631195
184375,590000.0,667775.6015978139
184376,1475000.0,1258849.1777633308
184377,1380000.0,1134728.0913169803
184378,400000.0,697750.633251708
184379,340000.0,460964.8651562305
184380,30000.0,1144328.6344177378
184381,315000.0,510095.56659662444
184382,270000.0,526504.9812395591
184383,1135000.0,1297900.087294084
184384,860000.0,957607.7080063382
184385,1430000.0,1134441.4780022064
184386,335000.0,668400.3247188181
184387,575000.0,989875.117172745
184388,1210000.0,1063762.9908655342
184389,500000.0,496957.22342785355
184390,518500.0,1079311.3270281395
184391,679490.0,1160215.6653615348
184392,780000.0,668157.0775681948
184393,1120000.0,1139129.5857980745
184394,4800.0,119113.68481667619
184395,695000.0,950836.6426509963
184396,1240000.0,1082674.4142830214
184397,5700.0,513267.2338842172
184398,820000.0,1007942.3486117618
184399,1230000.0,955408.0966955293
184400,1900.0,537948.7954633757
184401,1799.0,-459808.5374481017
184402,6600.0,409297.1595208887
184403,595000.0,648512.7141438732
184404,685000.0,897973.9668826209
184405,565879.0,544930.4884923045
184406,755000.0,968809.3220032332
184407,12000.0,849277.688539614
184408,672000.0,592322.8763455506
184409,1510000.0,1335904.1864513392
184410,580000.0,1021933.3978571976
184411,290000.0,439325.4981292365
184412,479990.0,773006.5383277144
184413,670000.0,920677.0327575086
184414,2200000.0,1131501.5770379063
184415,330000.0,455748.11277338024
184416,2150.0,-417424.3369857203
184417,635000.0,582994.9113399712
184418,425000.0,626108.3295007916
184419,950000.0,1828280.0642106151
184420,539131.0,517512.57119402755
184421,895000.0,839237.8920202665
184422,3500000.0,2234156.9105679933
184423,1640500.0,901851.7164244745
184424,3477500.0,1635131.8398165805
184425,3000.0,-107214.87609685026
184426,900000.0,1133375.8601372382
184427,576752.0,507555.66096071154
184428,16500.0,1406445.9962735344
184429,603919.0,671629.5320365336
184430,1220000.0,1406568.5090454277
184431,840000.0,869851.9523085505
184432,803000.0,1168283.704832023
184433,938000.0,918259.4294363549
184434,775000.0,994497.2616747776
184435,460000.0,456328.1617618669
184436,950000.0,968198.8156640371
184437,474900.0,780748.9228718812
184438,930000.0,1032614.5793125862
184439,5500.0,-82342.29801433533
184440,1065000.0,1171909.1430792827
184441,960000.0,1147477.822650794
184442,913000.0,925301.8015671503
184443,1425000.0,1102527.9988701
184444,1680000.0,787414.9422527058
184445,1960000.0,1206687.909275039
184446,4200000.0,1863938.571733416
184447,455000.0,921808.1985559948
184448,690000.0,759768.2264685947
184449,1850000.0,1473607.7652993621
184450,2475000.0,2345216.1018001838
184451,3800.0,-268960.9252636032
184452,2700.0,-64390.43560053781
184453,2250.0,-111068.39374611806
184454,855000.0,970762.4794524685
184455,650000.0,411538.199907572
184456,582025.0,614499.2917536059
184457,620000.0,838816.9302995112
184458,310000.0,460128.66197286826
184459,512000.0,815727.815408092
184460,439500.0,276160.0097260447
184461,720000.0,800114.064088366
184462,725000.0,809142.9615217391
184463,1288000.0,1197289.5215913858
184464,575772.0,590617.2032707334
184465,609762.0,689890.0873116963
184466,799000.0,919356.0920942081
184467,1125000.0,1150803.154606006
184468,3615.0,-120248.57893051766
184469,1270000.0,1091527.448430663
184470,1010000.0,854254.5674679168
184471,580000.0,1004691.8697353033
184472,1610000.0,1380586.6113089807
184473,1135000.0,1544064.9042889578
184474,870000.0,947363.0066693956
184475,710000.0,1030715.7011010163
184476,625000.0,783576.2975819409
184477,1100000.0,757612.1918786326
184478,640000.0,752381.1917820247
184479,799900.0,1013370.5940023558
184480,613000.0,873463.9556108089
184481,520000.0,836518.5417343508
184482,472000.0,627664.7336147605
184483,505000.0,571072.0112957153
184484,1910000.0,1442470.5841638893
184485,590000.0,871236.3037396474
184486,1200000.0,976320.4287773287
184487,463555.0,640168.1178800473
184488,975000.0,1211118.2997634662
184489,699000.0,557851.365057474
184490,810000.0,1197615.1506719766
184491,565000.0,697438.5879250905
184492,1600000.0,1362178.8723744554
184493,1650000.0,1686923.4907895112
184494,2288000.0,1534815.036362458
184495,619000.0,806204.9990993794
184496,345000.0,450566.24192281533
184497,719000.0,756504.8167525865
184498,635000.0,660942.6974158576
184499,4250.0,273986.85878321715
184500,835000.0,1125639.333032962
184501,570000.0,671724.1767785558
184502,9000.0,167887.5087415427
184503,1390000.0,1506914.153930232
184504,3600000.0,1364249.0143394796
184505,17000.0,1745258.7993241157
184506,640000.0,766142.7036191467
184507,3750.0,-71390.96297138557
184508,510000.0,678276.6561502945
184509,835000.0,1129483.4692732915
184510,485000.0,590164.3653359972
184511,840000.0,1009556.269819865
184512,1700.0,-207089.40085399244
184513,560000.0,622519.773287273
184514,362000.0,531651.5266414993
184515,620000.0,673396.5468949676
184516,275000.0,503498.32924105786
184517,600000.0,785426.0266695023
184518,1089000.0,1666826.7008907385
184519,5000.0,335742.34941512253
184520,3450.0,96823.50433136988
184521,645000.0,918007.0173958298
184522,777000.0,940308.7357286271
184523,465000.0,654214.7610160066
184524,2900000.0,1850507.8505623238
184525,2100.0,-515684.81137009803
184526,385000.0,625952.7617363418
184527,495000.0,838085.4979568953
184528,505000.0,773550.0310926894
184529,950000.0,1059482.3765151333
184530,580000.0,742841.1941701584
184531,554000.0,677507.993923327
184532,805000.0,881961.3723647771
184533,16999.0,1690840.6244152347
184534,265000.0,535223.4971633321
184535,975000.0,869677.506775259
184536,575000.0,756039.9505913602
184537,720000.0,941854.865954617
184538,2640000.0,1779338.3994055558
184539,759000.0,805338.2976038791
184540,891000.0,934677.7512430642
184541,4000.0,28538.91536079254
184542,310000.0,498293.28275816515
184543,985000.0,1056244.3544998998
184544,1499000.0,1053852.7579219704
184545,4800.0,154092.7496062806
184546,215000.0,322276.75866903365
184547,1300000.0,673435.9141442832
184548,2725000.0,1546477.931678095
184549,1840000.0,1376887.9525322802
184550,720000.0,1052867.1854554955
184551,1840000.0,1430078.690839773
184552,1065000.0,889522.7640004819
184553,556860.0,504328.5208596755
184554,210000.0,612977.9228801625
184555,1480000.0,1517496.2559119314
184556,5200.0,-249104.462094862
184557,405000.0,579262.2069905763
184558,720000.0,448383.4938302981
184559,470000.0,705761.7877820274
184560,1050000.0,1095594.7870707614
184561,325000.0,797983.2272324543
184562,888000.0,1143933.894620033
184563,334000.0,720342.5884410255
184564,920000.0,921042.8397863675
184565,750000.0,832350.9491718048
184566,488000.0,775576.6093051378
184567,570000.0,780874.9667815147
184568,1799000.0,1190568.763972124
184569,999000.0,947710.305904746
184570,565000.0,867580.7738171555
184571,515000.0,320271.8458623588
184572,380000.0,911409.009435053
184573,3550000.0,2069137.5717718676
184574,1160000.0,1141724.3885364244
184575,15990.0,948747.713638749
184576,490000.0,858365.1651991177
184577,425000.0,836132.6387493592
184578,514000.0,880079.5298378291
184579,880000.0,925663.6042884914
184580,8500.0,618474.950283288
184581,375000.0,595749.4786791885
184582,900000.0,920061.4494704967
184583,365000.0,512323.71247010026
184584,630000.0,634303.9084113715
184585,979000.0,963180.9171410399
184586,1150000.0,1096706.2228770927
184587,1261580.0,985934.9983728509
184588,749785.0,757891.6240706751
184589,1870000.0,1397443.761295125
184590,745500.0,704997.2141603995
184591,640000.0,910081.8335768189
184592,1695900.0,1687390.4463437004
184593,550000.0,817696.1725140847
184594,4200.0,291051.320497809
184595,310000.0,669299.3593176845
184596,505000.0,567213.290916496
184597,487500.0,872883.6275505591
184598,1010000.0,957611.4704283904
184599,660000.0,570438.8447115459
184600,1250000.0,1174812.5847585192
184601,350000.0,479544.92486243416
184602,3000.0,-153497.32305838447
184603,1155000.0,1161658.3927602563
184604,505000.0,932925.6094800318
184605,1005000.0,914283.8144588768
184606,825000.0,739824.7593410155
184607,1430000.0,1326327.7133723907
184608,725000.0,871562.847013779
184609,1250000.0,1679371.779105029
184610,865000.0,1154349.5512068588
184611,810000.0,854335.343364181
184612,1050000.0,1043494.1679626927
184613,575000.0,961601.1509242486
184614,6200.0,99452.36967147235
184615,830000.0,860423.8812294928
184616,1250000.0,1425005.8681572406
184617,495000.0,608861.6130698984
184618,442000.0,770079.0750997383
184619,715000.0,923767.9800400082
184620,475000.0,756622.7980315769
184621,556000.0,749288.0255695237
184622,4000.0,232404.53805072885
184623,450000.0,245596.78675778583
184624,1055000.0,1002308.7302488647
184625,630380.0,929167.7648658566
184626,868000.0,953145.4817785397
184627,1065000.0,1243598.3306773948
184628,700000.0,898155.9440999618
184629,559000.0,547329.4393613627
184630,700000.0,777946.2963100215
184631,315000.0,480484.2200687984
184632,5450.0,311988.8728230661
184633,2750.0,-99591.38247630838
184634,900000.0,1007842.2223113105
184635,1060000.0,1144412.9092012392
184636,1224999.0,1193991.4176290743
184637,690000.0,967712.7230200814
184638,550000.0,401396.1135035595
184639,129900.0,387516.9407269228
184640,3325000.0,1437563.3826431632
184641,3100.0,12237.598605107516
184642,750000.0,993684.4820036432
184643,1250.0,-486847.3877972998
184644,725000.0,1079024.0085744886
184645,630000.0,904278.0450464226
184646,655000.0,695195.4318425134
184647,1020000.0,1656697.6782450927
184648,810000.0,946606.5185978897
184649,490000.0,634753.0740070818
184650,1370000.0,1261139.4924277067
184651,650000.0,873249.3499394152
184652,4000.0,108360.8394380724
184653,1689000.0,1044005.284450273
184654,406500.0,577712.4999599317
184655,427500.0,574783.4618358193
184656,750000.0,851739.7191238394
184657,416000.0,855400.3813871667
184658,11500.0,1334607.760093092
184659,459000.0,484772.96452950407
184660,5995.0,396263.5055512069
184661,623000.0,772211.8685971312
184662,75000.0,128089.3394715609
184663,1000000.0,1898602.891287582
184664,620000.0,815706.0963212848
184665,3700.0,77268.90925754141
184666,435000.0,532405.4494106341
184667,1450.0,-574587.5232239114
184668,2425000.0,1061120.7147265533
184669,895000.0,811425.9293948943
184670,570000.0,769940.1472592857
184671,815000.0,1097822.8915609755
184672,7300.0,288319.7521261815
184673,1585000.0,1307793.045294783
184674,1350.0,-128851.11805462744
184675,407000.0,462683.73836368416
184676,3000.0,35815.611848264
184677,735000.0,842206.8047815701
184678,438750.0,792044.2260936843
184679,1660000.0,1457283.3787685037
184680,726000.0,1331781.7203623392
184681,886000.0,939802.3285408383
184682,1995.0,-237218.48557944782
184683,1650.0,-37611.34048727993
184684,350000.0,321556.5086732274
184685,129310.0,1502382.0590589242
184686,327500.0,868071.7048909254
184687,3000000.0,1696712.482198894
184688,1875000.0,1598791.5671945745
184689,850000.0,1178972.3285018206
184690,2671670.0,1683032.9725884171
184691,2130000.0,1218270.3401477085
184692,1199000.0,1342713.8258710671
184693,1320000.0,1227955.8110773833
184694,568649.0,656810.8495032704
184695,439000.0,860039.8016089657
184696,785000.0,969182.4431434702
184697,1555000.0,1599401.911758204
184698,1520000.0,1384731.7667164495
184699,749900.0,876759.7622510856
184700,450000.0,555238.0140202092
184701,1310000.0,1241917.01001517
184702,565000.0,689119.13280431
184703,559900.0,648242.9017982194
184704,855000.0,1079956.2470866302
184705,909000.0,812266.6980638485
184706,860000.0,991116.881858143
184707,515000.0,618202.6932738023
184708,990000.0,1216452.966918975
184709,880000.0,881886.9585221708
184710,670000.0,1068291.0406672359
184711,1180000.0,1024227.811917901
184712,525000.0,999327.2181092892
184713,4790.0,-75919.5368779106
184714,5500.0,145383.6170846941
184715,860000.0,786887.4276732793
184716,1225000.0,1327132.8195148828
184717,1155000.0,932546.7004922712
184718,3400.0,-147662.8590242248
184719,725000.0,705023.6374673396
184720,835000.0,1333318.3880055118
184721,479000.0,659968.3408126403
184722,485000.0,573499.2469038544
184723,910000.0,968205.5472243307
184724,2275000.0,1463821.1067201998
184725,808000.0,895997.4260283103
184726,680000.0,767222.2524692146
184727,2800.0,126743.1393081341
184728,400000.0,566938.0359322485
184729,1860000.0,1283937.0539318938
184730,1467000.0,1445711.5636826688
184731,1825000.0,1008872.7676898083
184732,339000.0,266266.30734379403
184733,890000.0,753655.0495489417
184734,720000.0,953815.5279059568
184735,720000.0,1276203.8201023564
184736,910000.0,1230298.8924879106
184737,520000.0,647529.4920080081
184738,3990.0,-46242.53389838897
184739,2325000.0,1069199.8621434318
184740,435000.0,468698.8584286906
184741,250000.0,489567.65223397035
184742,1000000.0,1143939.293565046
184743,715000.0,938931.9355699308
184744,520000.0,625672.4941272363
184745,6500.0,340738.1424900191
184746,270000.0,629301.2005274612
184747,906000.0,1136854.268792756
184748,1800000.0,1289761.644636007
184749,6600000.0,1776768.0015446749
184750,450000.0,703040.7435858902
184751,765000.0,937419.7433919348
184752,1505500.0,1124986.1907463847
184753,1575000.0,968874.3507123096
184754,3950000.0,1703203.4545499282
184755,557500.0,707244.9317230713
184756,2999.0,-191022.2157941889
184757,1312000.0,1354100.2475796724
184758,1150000.0,1503643.9430825245
184759,2499.0,-340172.8792089131
184760,650000.0,745123.8072870318
184761,810000.0,1033157.8286873028
184762,2800.0,-158850.2728397604
184763,860000.0,817601.7240988454
184764,60000.0,542327.8206154443
184765,645000.0,743561.4738563318
184766,1338000.0,1480530.0148701044
184767,485000.0,658649.1682671113
184768,1585000.0,1351664.5107029825
184769,1995000.0,1449365.2610375732
184770,2100.0,-217059.2023305092
184771,590000.0,454955.0305011384
184772,1750000.0,1209736.6142614465
184773,1600000.0,1265035.3723772625
184774,1331000.0,1036623.6231780592
184775,375000.0,619641.0824093884
184776,925000.0,906808.3601414198
184777,430000.0,607002.2834764803
184778,360000.0,645802.9843029426
184779,519000.0,514133.5295998752
184780,2450.0,-147605.822304599
184781,1385000.0,1273462.898318463
184782,2800.0,60338.95437671244
184783,1102500.0,1394557.936309942
184784,750000.0,952795.4267743137
184785,639000.0,686550.4068085281
184786,1742000.0,964534.4566568835
184787,1375000.0,1727011.0327772563
184788,1000000.0,1082854.7014124338
184789,1995000.0,1592957.952509975
184790,1400000.0,1261819.5687388964
184791,4725000.0,1338271.6119506704
184792,220000.0,471831.71792869456
184793,1200000.0,1243743.4448773023
184794,1850000.0,1379039.326589577
184795,1200000.0,1076991.8548831875
184796,615000.0,966914.3290076163
184797,1830000.0,1406544.404997631
184798,747000.0,1038540.7711634198
184799,780000.0,951115.5007368969
184800,325000.0,752378.106135115
184801,645000.0,714799.4421910346
184802,460000.0,405811.20511405636
184803,860000.0,1018665.3980283719
184804,810000.0,1173528.8253603969
184805,660000.0,749482.912742584
184806,6500.0,526549.7139235195
184807,580000.0,944644.4586844277
184808,1330000.0,1352508.9168334072
184809,1300000.0,1128474.1294182837
184810,520000.0,722728.9021327319
184811,4350.0,158426.25531178713
184812,485000.0,654411.3701174455
184813,618000.0,565630.7339381855
184814,399000.0,674558.8606155161
184815,380000.0,745853.0449214205
184816,6230895.0,2515146.9250623127
184817,990000.0,603863.0184576577
184818,1030000.0,947007.228371229
184819,8200.0,866551.2606263347
184820,575000.0,619836.5211193161
184821,650000.0,996659.2392473705
184822,455900.0,689581.711661513
184823,719990.0,821162.6327620884
184824,720000.0,915347.0959855942
184825,649000.0,879353.8499074094
184826,535000.0,809549.3299948899
184827,1750000.0,1686188.9120265478
184828,1800000.0,1212778.5814437624
184829,875000.0,1012360.8644126756
184830,1270000.0,1288457.4175198004
184831,749000.0,1123826.996460544
184832,499990.0,580014.77713452
184833,660000.0,712303.9812003169
184834,1895000.0,1453857.895896933
184835,875000.0,1008070.471273045
184836,1580000.0,1099831.9447826846
184837,590000.0,949964.1287338911
184838,545000.0,570730.6194891911
184839,1698747.0,1570329.898912008
184840,810000.0,920297.01070097
184841,450000.0,549605.6571034063
184842,4211625.0,2346262.512738943
184843,1406000.0,957262.7927644961
184844,3425.0,23532.595687955618
184845,1620000.0,1004782.3918230422
184846,1638000.0,1342328.9528005207
184847,616280.0,671119.6650241436
184848,755000.0,911425.0697164629
184849,625000.0,737129.9694500407
184850,1040000.0,1174740.4843258774
184851,1775000.0,1012568.2477183659
184852,415000.0,655192.890049086
184853,1500000.0,1406090.717172525
184854,593000.0,734457.0283731446
184855,2000.0,-366562.2339301538
184856,524000.0,866652.0005770475
184857,1700000.0,1020475.3971525617
184858,1540000.0,1295384.3673436735
184859,864000.0,1034756.7465102011
184860,3050.0,-124564.94212352019
184861,650000.0,1015915.6228590058
184862,602999.0,1171221.2384254579
184863,920000.0,1112447.5313180955
184864,6625.0,268104.04393783864
184865,319000.0,615649.8893810306
184866,230000.0,409833.96310033277
184867,535000.0,554556.2519516991
184868,9800.0,550422.8632885944
184869,742000.0,1093572.009815909
184870,179765.0,777158.1983141163
184871,6200.0,604017.3059624508
184872,1270000.0,1323271.0388798947
184873,952500.0,939889.0739413155
184874,750000.0,753477.1749801962
184875,4500000.0,1281331.6953730546
184876,560000.0,544423.3269210169
184877,1700000.0,1419306.1060409546
184878,7200.0,742919.7523090607
184879,1585000.0,1907881.9732146533
184880,1060000.0,1450172.668421708
184881,499000.0,592637.5699790604
184882,2830000.0,1402288.0583123975
184883,843000.0,927892.0808439748
184884,740000.0,782925.7360175885
184885,850000.0,1345528.3339473438
184886,563000.0,618639.364815427
184887,600000.0,824755.1653974652
184888,417000.0,777187.5583462436
184889,690000.0,674631.8511990402
184890,750000.0,894918.7989084246
184891,1272000.0,1085494.7235767012
184892,1230000.0,1989060.9769385075
184893,765000.0,1154252.7538921228
184894,330000.0,670198.605116073
184895,1070000.0,964262.6914575528
184896,1250000.0,1017578.7924462529
184897,1100000.0,1272293.917353117
184898,1625000.0,1319891.723516996
184899,695000.0,972714.6992279375
184900,320000.0,635781.9896738343
184901,4500.0,-240223.97038856242
184902,1370000.0,1080153.546442708
184903,3700.0,-147120.51320582256
184904,1320000.0,1363027.105066144
184905,1250000.0,1451422.5760447923
184906,790000.0,1123558.9539783234
184907,1125000.0,1061834.4280556543
184908,1050000.0,1014863.7027616333
184909,2900000.0,1855653.4621940078
184910,775000.0,1038852.7892124848
184911,1199900.0,1145640.5974545814
184912,1025000.0,1401095.2584667401
184913,800000.0,975941.8105856441
184914,1115000.0,1108659.455418259
184915,2650.0,-206164.63955217134
184916,1350000.0,913756.1708622547
184917,588000.0,829284.1160090743
184918,1048000.0,1051546.2145729223
184919,2470000.0,1503656.9589461684
184920,500000.0,953618.9610955436
184921,2500.0,-158752.8076069113
184922,1175000.0,826211.4246964147
184923,407250.0,664667.7519561555
184924,629000.0,816295.8039207999
184925,690000.0,910214.9659374487
184926,252000.0,263286.6344989771
184927,1192800.0,1626390.3469042713
184928,1010000.0,1247967.0235960968
184929,1150000.0,1020879.9129037894
184930,515000.0,691455.8634559615
184931,850000.0,1157148.1331217494
184932,569000.0,1212131.4089352172
184933,920000.0,1271318.179696967
184934,1575000.0,1471855.397769494
184935,2150.0,-162665.84264620952
184936,1100000.0,978618.0529462621
184937,432000.0,727765.547234145
184938,849000.0,1061547.9972132985
184939,577000.0,602787.998623021
184940,765000.0,971783.9054078888
184941,660000.0,824847.9654449131
184942,575000.0,922858.8649490885
184943,850000.0,759038.8400005661
184944,620000.0,420898.82435099315
184945,1350000.0,994684.3447363004
184946,485000.0,841669.4101890512
184947,482500.0,580701.7852954715
184948,395000.0,416266.99771182984
184949,1050000.0,1277624.8961639479
184950,760000.0,691571.9554186659
184951,710000.0,1283699.2931994582
184952,921000.0,957410.0878974413
184953,1700000.0,1239333.5425020652
184954,5750.0,491083.8854127703
184955,3800.0,28551.342713677324
184956,740000.0,801208.6187773002
184957,849000.0,961865.592240626
184958,2100000.0,2190223.5798781337
184959,580000.0,648733.5581401205
184960,665000.0,939236.6271807384
184961,570600.0,685092.7808184
184962,1965000.0,1842580.9584230594
184963,2685000.0,1260769.546393455
184964,915000.0,945394.2046136837
184965,1020000.0,945114.1645395048
184966,4300.0,-78436.65797996894
184967,345000.0,514307.15107678715
184968,412000.0,781759.6402439708
184969,245000.0,636606.861180367
184970,825000.0,1024317.8885688586
184971,511000.0,643949.9202084765
184972,820000.0,1105734.6408539573
184973,467000.0,705118.640963478
184974,4350.0,-165956.81909322925
184975,3800.0,79024.82112811506
184976,220000.0,462861.9262250615
184977,680000.0,898436.9113674499
184978,860000.0,961166.973858133
184979,818500.0,1173331.22829613
184980,1350000.0,1587523.6065478018
184981,325000.0,678933.8153851805
184982,860000.0,750884.2324437294
184983,3900.0,-98842.3709804872
184984,4500000.0,1715908.730342023
184985,835000.0,770050.7015045686
184986,802000.0,992055.1535489466
184987,1508000.0,1324705.2155649308
184988,25000.0,986849.5299476208
184989,835000.0,948648.7103485614
184990,550000.0,728306.6206786195
184991,1830000.0,1404548.1495553385
184992,810000.0,813523.9030765304
184993,3888777.0,2507445.0597065277
184994,2800.0,-315016.020692504
184995,650000.0,768043.7427110737
184996,385000.0,707812.1730969958
184997,2580.0,25403.977271238342
184998,1325000.0,1083857.1213651532
184999,109000.0,270919.69385930244
185000,480000.0,911096.8573245062
185001,825000.0,1089465.5242692512
185002,1000000.0,954450.2968590735
185003,587000.0,975999.481645722
185004,2200.0,-253965.1231729947
185005,790000.0,971902.6141848862
185006,485000.0,564913.0682307649
185007,599990.0,743125.458020662
185008,345000.0,794401.6266001919
185009,2800.0,-303271.29286208097
185010,1900.0,-222771.2763554193
185011,2475000.0,1295931.9633873329
185012,2880.0,-46077.568881361745
185013,1875000.0,1388279.9172164174
185014,760000.0,899804.8783829352
185015,758490.0,1117793.6237711152
185016,900000.0,987991.7091370709
185017,557954.0,928573.6695437385
185018,400000.0,423855.26042984053
185019,899000.0,965513.3162001837
185020,324999.0,541044.9118720181
185021,4625000.0,1859440.5621786974
185022,310000.0,868486.0871555973
185023,907000.0,847778.8030577851
185024,379000.0,685998.2329729395
185025,3750.0,-108519.86497543473
185026,595000.0,589015.8585313028
185027,2200000.0,1579381.2156204768
185028,890000.0,1003166.3618421508
185029,4995.0,-184984.73254994024
185030,1160000.0,998692.3060701704
185031,710000.0,635110.5719210543
185032,2650000.0,1187005.0179983806
185033,65000.0,-30347.869707789272
185034,1649000.0,859579.5203569354
185035,5495.0,325842.36282348353
185036,600000.0,785593.2084487267
185037,1200000.0,1054029.876750213
185038,1600000.0,964393.6681606183
185039,355000.0,1144563.3631638195
185040,5000.0,224213.42342549656
185041,3250.0,104466.43582875933
185042,580000.0,522222.698815261
185043,760000.0,925659.6229719892
185044,6700.0,516449.429769923
185045,625000.0,821570.1675563557
185046,3500.0,258999.6738103684
185047,620000.0,641004.2887935955
185048,4000.0,95897.82558581326
185049,525000.0,747420.5766408844
185050,965000.0,869800.4957495024
185051,750000.0,674053.7494420726
185052,1485000.0,1620633.135950326
185053,836000.0,1262484.9945758898
185054,2800.0,-139538.20323504135
185055,528000.0,704946.4301592289
185056,389900.0,478641.4374221433
185057,2150.0,-165224.35168214608
185058,656000.0,1093707.0609083697
185059,455000.0,566945.3961472083
185060,329000.0,219649.62359046098
185061,1480000.0,1861176.4850768317
185062,1490000.0,1214710.1822767658
185063,835000.0,912577.7300159251
185064,2480000.0,1353621.4392075855
185065,680000.0,1021404.8834075863
185066,534825.0,502347.5983748492
185067,425000.0,982909.2027971419
185068,430000.0,613118.1756820008
185069,788888.0,927653.3214213457
185070,650000.0,661862.2047900837
185071,760000.0,846863.9953016359
185072,1000000.0,1100159.067610343
185073,4500.0,148814.61602364387
185074,650000.0,954999.0142681999
185075,1225000.0,1877091.4246239103
185076,435000.0,454093.9910691269
185077,475000.0,763299.0339429369
185078,750000.0,1015418.4160331432
185079,7900.0,466936.6111366572
185080,425000.0,476769.86802745704
185081,706200.0,884032.1965592392
185082,430000.0,665052.9808428911
185083,1630000.0,1178625.950795887
185084,875000.0,967145.6563511072
185085,3500000.0,1790871.6654473804
185086,3960000.0,1650063.6888620583
185087,509990.0,666017.9890305558
185088,1170000.0,1174804.005129842
185089,68000.0,24083513.21561501
185090,686000.0,565702.8166293502
185091,3250000.0,1287200.7162869666
185092,815000.0,817649.6413498344
185093,869000.0,831507.8763301792
185094,505000.0,731932.6481648153
185095,1500000.0,1194993.2535492461
185096,540000.0,972880.8588821972
185097,225000.0,504902.9923087172
185098,395000.0,536397.9157816339
185099,245000.0,815123.417522517
185100,1385000.0,1471288.0634109192
185101,1130000.0,1299132.481801306
185102,940000.0,1694847.8185058748
185103,525000.0,609434.495517971
185104,898000.0,879513.9166823821
185105,680000.0,1000445.4906353354
185106,315000.0,424814.12015280593
185107,4400000.0,2056155.8483934738
185108,3750.0,169558.29588132445
185109,1020000.0,1131252.7123469207
185110,535000.0,917932.6096335016
185111,810000.0,1171372.6443271535
185112,599000.0,633621.4966553003
185113,535000.0,1076461.546014877
185114,715000.0,900710.7593152095
185115,3695.0,151463.384255209
185116,780000.0,1081891.1100450866
185117,490000.0,662139.2920828499
185118,1099000.0,1296923.0559532037
185119,657220.0,926226.2331999894
185120,4950.0,121887.44905894157
185121,1700.0,-559542.7141622398
185122,389000.0,692218.9083487624
185123,930000.0,859569.4689045809
185124,855000.0,1039805.3411325878
185125,800000.0,918182.5134171583
185126,2700000.0,1788530.7337567955
185127,780000.0,1647136.3778685806
185128,5500.0,419187.40828731377
185129,2122500.0,1859835.047905244
185130,513000.0,771380.1009888155
185131,1605000.0,1660252.9225688223
185132,545000.0,619999.6968139373
185133,611615.0,634043.3779877108
185134,2000000.0,1425089.4828384258
185135,530000.0,768851.2570724571
185136,1560000.0,1710544.070316149
185137,420000.0,479972.5738529321
185138,1130000.0,920004.5599252889
185139,495000.0,874188.6842050068
185140,888000.0,946050.1386485929
185141,1499000.0,1599843.9735348513
185142,2000.0,-253800.95529089123
185143,840000.0,1014486.9665696602
185144,525000.0,398446.3691815492
185145,799000.0,1401630.7736822907
185146,3000.0,20910.652860879898
185147,580000.0,1221786.1649743672
185148,2250000.0,1438051.870738918
185149,450000.0,409564.0830375962
185150,910000.0,1080357.4409156982
185151,292400.0,257256.56406518444
185152,4550.0,134485.54032616317
185153,525000.0,817443.5391763812
185154,491000.0,784149.1640162636
185155,637000.0,905618.1614588285
185156,275000.0,511594.3701361343
185157,10500000.0,1532442.5985650439
185158,315000.0,411846.9992514914
185159,2450000.0,1412902.4690688988
185160,1250000.0,1817908.9009615583
185161,437000.0,716008.6868628422
185162,585000.0,1080947.5189720476
185163,720000.0,755719.1942862989
185164,3235000.0,1725021.927571048
185165,60000.0,327448.5822270438
185166,1838000.0,1249293.1576446434
185167,558500.0,705575.71104703
185168,545000.0,953697.652372486
185169,3390000.0,1409275.9476870038
185170,1325000.0,1334267.1315400088
185171,1155000.0,1238227.3759252867
185172,705000.0,1175963.8606966753
185173,750000.0,850237.6620706348
185174,2595.0,-192807.3078377787
185175,1125000.0,1459322.6121270526
185176,2050000.0,1173832.5594486129
185177,389000.0,717315.092658937
185178,452000.0,424412.2600793652
185179,455000.0,595245.2686856072
185180,1850000.0,1602189.5327621605
185181,1920000.0,1285826.87811556
185182,1125000.0,830558.5912054004
185183,605000.0,838322.092818426
185184,348000.0,436578.7219632771
185185,1200000.0,1411439.833798875
185186,3625000.0,1486615.3270981312
185187,2500.0,-287914.5072758151
185188,760000.0,1042545.7671510801
185189,930000.0,958581.7097856281
185190,435000.0,984430.0635657981
185191,1590000.0,1284646.0553738847
185192,1050000.0,1275635.3792926772
185193,5000.0,79410.07402813528
185194,3850000.0,1903573.9018219085
185195,1610000.0,1584357.8108836217
185196,407000.0,395930.60220227763
185197,1175000.0,1072227.171971512
185198,630000.0,751193.1380170556
185199,1180000.0,1176808.7608559849
185200,1015000.0,1071119.0128867757
185201,560000.0,875037.6842891155
185202,399950.0,802362.0821822667
185203,711000.0,627619.2083545392
185204,775000.0,1083328.8334471602
185205,23000000.0,7533856.753162157
185206,739990.0,981536.9779660227
185207,935000.0,757375.135119142
185208,1600000.0,1416229.8235488255
185209,877000.0,1127838.5554421945
185210,1475000.0,1037599.3763950188
185211,1230000.0,1228967.8152365629
185212,700000.0,996786.8719116468
185213,835000.0,1074113.2077605296
185214,325000.0,528477.5647498574
185215,224000.0,1018302.3810804421
185216,725000.0,863176.6337056737
185217,795000.0,1238399.1260888437
185218,1100000.0,1075038.7589760264
185219,1400000.0,1487883.4768978665
185220,8000.0,789692.3825724535
185221,149000.0,427707.72221948206
185222,460000.0,811765.2775875162
185223,1750.0,-76740.26021163259
185224,345000.0,608674.5050938912
185225,862000.0,972945.696045748
185226,1068000.0,1050852.9806925207
185227,1700000.0,1480632.8576115677
185228,5400000.0,2353240.8597224113
185229,2900000.0,1904466.251152658
185230,475000.0,577297.8435754795
185231,1120000.0,1374573.9387928918
185232,4500.0,615552.1652146243
185233,700000.0,766388.0212122584
185234,4400.0,74572.90046341158
185235,595000.0,1020510.0172230471
185236,4400.0,-103716.51668640971
185237,565000.0,659031.8500192985
185238,1025000.0,1625571.5663458342
185239,875000.0,948358.056209526
185240,745000.0,772426.6490320228
185241,1550000.0,1814253.7318778327
185242,879000.0,931595.0622521713
185243,470000.0,1044933.3861313965
185244,840000.0,1128683.952401922
185245,610000.0,519546.06990859937
185246,620000.0,718762.6126340106
185247,1100000.0,891439.2499890113
185248,986982.0,1210355.1933115376
185249,1274000.0,1002012.0121467188
185250,749000.0,917732.3827819545
185251,3400.0,-35188.76209401339
185252,876000.0,1253731.3304699464
185253,1630000.0,1464502.0084645841
185254,1150000.0,1127972.885290105
185255,961000.0,1267521.5358022982
185256,494000.0,664049.847201175
185257,1750000.0,1241098.971404435
185258,755000.0,841318.602358181
185259,765000.0,1389235.2926000794
185260,430000.0,565974.2449773904
185261,5200000.0,2104210.0319534075
185262,475000.0,638423.2467219997
185263,680000.0,1138504.0576544944
185264,785000.0,828523.9824360628
185265,590000.0,814886.5204798914
185266,5700.0,591150.3656031191
185267,1875000.0,1406346.4430651655
185268,525000.0,1005680.7076024143
185269,630000.0,651424.9826223087
185270,785000.0,1319547.600590202
185271,1037500.0,1010686.0452330522
185272,1350000.0,1426794.9971911144
185273,805000.0,909454.0426079361
185274,707000.0,973612.4777918626
185275,910000.0,1132274.52476684
185276,510000.0,699404.2929477468
185277,819000.0,1000396.5610944796
185278,378500.0,265890.3731863694
185279,675000.0,734877.080755515
185280,600000.0,1324740.1251365878
185281,4500.0,-116679.22087465692
185282,885000.0,1010477.8132716678
185283,410000.0,526391.8384479303
185284,730000.0,712494.0397806754
185285,1011000.0,1001126.4500204502
185286,794000.0,886712.4578208188
185287,1090000.0,1160668.396645979
185288,598000.0,675969.0279529439
185289,437000.0,677847.1889605094
185290,5000.0,20090.316777608357
185291,3200.0,68572.3502785312
185292,1250000.0,1225667.22056132
185293,7300.0,23890.17485232372
185294,402000.0,590796.7322246376
185295,810000.0,1196774.1246233396
185296,320000.0,558356.6747038504
185297,800000.0,1034733.0172401872
185298,1150000.0,1038057.7128478475
185299,2550.0,-33014.39017169736
185300,500000.0,1062208.7049131766
185301,1349000.0,1203347.2368399808
185302,2500.0,-191162.7341425717
185303,459000.0,665004.3425285891
185304,420000.0,814490.7291905805
185305,749888.0,807404.5833374318
185306,3800.0,-131157.89983031247
185307,400000.0,595292.3164248662
185308,1475000.0,1169347.6772277467
185309,498900.0,397233.88554026
185310,1070000.0,1006268.3096274035
185311,1399000.0,1472876.2014276749
185312,485000.0,770659.3113283012
185313,800000.0,844923.5877555637
185314,835000.0,998875.3715989739
185315,538900.0,469035.4041078435
185316,344888.0,564661.8347493978
185317,750000.0,872365.8031907398
185318,1275000.0,1097766.8875596346
185319,1235000.0,1233465.8519835034
185320,1150000.0,958302.5070104767
185321,655000.0,950981.5148360245
185322,370000.0,764805.6790200854
185323,1142000.0,1096509.420340824
185324,380000.0,461355.55933244806
185325,387000.0,624783.5614117039
185326,495000.0,754779.6267408878
185327,413000.0,576183.9982000366
185328,1900000.0,1514363.1250308594
185329,620000.0,397542.08624252025
185330,630000.0,784149.2443067599
185331,465000.0,574587.1263636975
185332,1215000.0,980115.1605015304
185333,395000.0,431560.83697246574
185334,929000.0,1067274.548306575
185335,1350000.0,838314.2487822426
185336,215000.0,289713.0103983497
185337,899000.0,946549.8960356126
185338,880000.0,882108.1108264709
185339,499000.0,503910.3313216949
185340,390000.0,530819.7039442845
185341,320000.0,600488.3309858311
185342,885000.0,1009412.5876463698
185343,829000.0,1281353.4992540292
185344,1150000.0,1167078.541725059
185345,1125000.0,833616.909226601
185346,424900.0,553002.513893269
185347,784000.0,1003020.1621975284
185348,436000.0,624398.686145029
185349,1130000.0,1317875.0018688021
185350,240000.0,368949.60517577827
185351,1288000.0,801120.1229360253
185352,1299000.0,1046974.9887708416
185353,3400.0,80323.42305709608
185354,240000.0,441889.7235831674
185355,3600.0,82359.41841575969
185356,1790000.0,1257643.0896147154
185357,4000.0,-5024.296000198461
185358,1330000.0,1139454.6614199253
185359,2275000.0,1337831.4093919918
185360,535000.0,1008455.5663046986
185361,315000.0,505599.36208452564
185362,445000.0,703976.6035005329
185363,900000.0,1044664.2642514613
185364,800000.0,906461.3537366008
185365,2000.0,-253191.82253026776
185366,1545000.0,1274557.7517185118
185367,435000.0,501126.77659541275
185368,700000.0,874549.2427231092
185369,3125.0,91799.58292151429
185370,3300000.0,1721503.6257301923
185371,815000.0,913605.0801682249
185372,1800000.0,1462197.8401546255
185373,700000.0,798816.9870786378
185374,962000.0,1102438.3119976455
185375,770000.0,950869.9438067945
185376,468000.0,737340.1557181524
185377,1354000.0,1079613.4040646376
185378,400000.0,922629.284291516
185379,637500.0,1033221.7403360344
185380,1050000.0,1061882.5064332113
185381,650000.0,903758.9073356781
185382,875000.0,765424.461680823
185383,649000.0,689377.4692659341
185384,675000.0,859723.915753779
185385,1075000.0,938986.4576573027
185386,1860000.0,1242929.7449154733
185387,785000.0,968920.7031618869
185388,678000.0,1045531.3358673872
185389,630000.0,813510.5470986711
185390,1420000.0,1318309.611257054
185391,450000.0,968592.1878206125
185392,689000.0,735838.244666623
185393,439000.0,877985.1295727249
185394,1800000.0,1589972.672197774
185395,1565000.0,1678680.2872717883
185396,645000.0,1154023.2105456311
185397,2480000.0,1387247.3476918591
185398,585000.0,407085.49631368555
185399,785000.0,1090568.7323234044
185400,520000.0,498670.05205845553
185401,2400000.0,1346255.3499643812
185402,617000.0,829302.6052103955
185403,365000.0,602706.2973383972
185404,2150.0,-306937.41160965804
185405,800000.0,1104220.0749094542
185406,958000.0,1530445.0972682256
185407,335000.0,872826.8229495697
185408,765000.0,873062.0268940469
185409,1639000.0,1121347.7899840195
185410,339000.0,-1053389.612015603
185411,420000.0,1021369.0948883649
185412,5650.0,204622.20713284798
185413,715000.0,919507.9722941378
185414,1900.0,-240184.38853321318
185415,1550000.0,2270994.6263714973
185416,518333.0,682101.5702152913
185417,495000.0,913739.157396201
185418,1025000.0,999963.2703443421
185419,540000.0,1160136.7384541854
185420,2050000.0,1489001.7429164052
185421,515000.0,675673.9520005863
185422,3650000.0,1664204.9885024354
185423,6150.0,482598.8583630314
185424,580000.0,736871.478123405
185425,700000.0,661952.5232707467
185426,2735000.0,1909797.9743390754
185427,1116950.0,1243476.3942032577
185428,425000.0,636642.7383479178
185429,1800000.0,1446231.603716055
185430,790000.0,936029.1115823658
185431,1520000.0,1365263.3255873024
185432,345000.0,513293.9486335134
185433,725000.0,961577.5402341438
185434,1150000.0,1098148.4946791641
185435,815000.0,913906.9245295282
185436,1000000.0,1055302.5944118109
185437,465000.0,608337.9254564904
185438,885000.0,820718.146730205
185439,767500.0,958541.1707169479
185440,980000.0,1135891.754371128
185441,445000.0,517526.352408465
185442,1025000.0,1029039.7261050614
185443,630000.0,748546.4320984138
185444,384000.0,401161.83540437184
185445,6000.0,208147.18232196383
185446,510000.0,1215831.647314068
185447,925000.0,1067873.5336296745
185448,905000.0,946569.1820745133
185449,575000.0,986820.2620652476
185450,1870000.0,1595027.336019097
185451,510000.0,875144.7501014126
185452,4800.0,218154.52937859483
185453,915000.0,1044955.7294207271
185454,722700.0,789447.8806571979
185455,929000.0,928772.9204625208
185456,1860000.0,1548468.8839185582
185457,1250000.0,1149355.1461024089
185458,6900.0,358799.76751286443
185459,1020000.0,1336676.3783484101
185460,2350000.0,1704564.511539516
185461,600000.0,1114008.4648009492
185462,659000.0,716453.156120359
185463,519000.0,694475.1559017431
185464,1260000.0,1021246.7093750499
185465,500000.0,426814.63911407534
185466,509500.0,741435.6989352889
185467,520000.0,1009063.4956719689
185468,332900.0,665943.8609955832
185469,550000.0,888336.6169480709
185470,859040.0,997545.3641515449
185471,2800.0,57696.056796159595
185472,1065000.0,1244815.721096157
185473,1095000.0,1224689.6604384258
185474,626000.0,705866.2376458338
185475,830000.0,960803.4137282204
185476,669900.0,640398.0446413755
185477,1110000.0,1203753.48055779
185478,355000.0,561697.5818731701
185479,4425000.0,2302979.5544306347
185480,835000.0,1210409.7830326501
185481,441000.0,561196.7933021653
185482,232500.0,443103.05568104703
185483,2250000.0,981129.2261107983
185484,1995.0,-232027.60980727803
185485,1875000.0,1258742.237034442
185486,1640000.0,1121477.3124725241
185487,390000.0,714204.4073622683
185488,720000.0,854372.9172495725
185489,5895.0,313025.9322948158
185490,780000.0,589120.9770542588
185491,590830.0,536237.8598846551
185492,970000.0,902675.9499689378
185493,1199000.0,895334.3393642437
185494,525000.0,726449.6673269765
185495,599990.0,566171.5303499503
185496,875000.0,886581.9989889413
185497,699000.0,819755.1657617008
185498,1800.0,-270031.24180096295
185499,575000.0,968870.3130436158
185500,1670000.0,1380388.2540080985
185501,540000.0,711957.3253137879
185502,530000.0,905205.3899329081
185503,5250.0,562241.3895833325
185504,815000.0,995994.1116143316
185505,2520000.0,2438982.363613572
185506,1815000.0,1234326.3394546155
185507,615000.0,698570.6011183057
185508,1125000.0,975029.6462999927
185509,1060000.0,826405.3541189497
185510,760000.0,887922.0420381902
185511,805000.0,930424.5402770536
185512,960000.0,933870.9663665881
185513,4450000.0,2339090.234617565
185514,1200000.0,1799954.7110593738
185515,420000.0,637535.6106338324
185516,343000.0,908992.954240175
185517,350000.0,457479.8017118154
185518,455000.0,944392.9909718223
185519,765000.0,909211.5407402851
185520,1950000.0,1373349.725388552
185521,550000.0,724747.2426497852
185522,680000.0,809025.0679446552
185523,2700.0,-42076.29246322904
185524,1238000.0,962563.0638581123
185525,662300.0,960873.4358664528
185526,965000.0,1148413.885171174
185527,605000.0,863221.8911245717
185528,860000.0,1101314.6410471722
185529,910713.0,997538.9299737606
185530,370000.0,618573.4520615349
185531,1122000.0,1151810.473189665
185532,540000.0,831716.9029563069
185533,670000.0,650051.8226410542
185534,1450000.0,1343426.7245313209
185535,2425000.0,1114005.6852221144
185536,830000.0,1305522.864722794
185537,1500.0,-256661.004574975
185538,1260000.0,1432398.8123821532
185539,1575000.0,1146600.4426545901
185540,635000.0,738253.839147321
185541,1500000.0,971295.4343907274
185542,2535000.0,1568948.334986453
185543,545000.0,639944.3303712392
185544,770000.0,1005630.2891465155
185545,650000.0,997823.6353579005
185546,12000.0,32632.984300021082
185547,980000.0,1184460.3939249674
185548,790000.0,887789.515707464
185549,697900.0,805103.9420025777
185550,17850.0,1098788.5173011469
185551,312500.0,458437.76061708666
185552,653000.0,1133712.546852949
185553,1312500.0,1232461.131993061
185554,540000.0,940965.627302751
185555,780000.0,1062978.052581219
185556,166000.0,380313.5213057669
185557,5500.0,120156.1581732044
185558,710000.0,917100.3422788996
185559,2500.0,-76370.41007834021
185560,500000.0,921405.4215108287
185561,375000.0,875898.2915966101
185562,505000.0,860237.0227650413
185563,605000.0,824471.0964445388
185564,529687.0,783492.7195871985
185565,200000.0,623767.879083625
185566,524477.0,541147.268133942
185567,5200.0,629266.4657699885
185568,4000000.0,1877112.4389628144
185569,250000.0,536967.4716943642
185570,506328.0,407822.7098086197
185571,1550000.0,1283564.9233358
185572,1495000.0,1201906.4452752061
185573,4300.0,349561.9855445633
185574,649000.0,748679.1349665215
185575,1355000.0,1216727.690316977
185576,4000.0,-237464.99786771554
185577,1500.0,-635673.7094534775
185578,575000.0,514702.5344597874
185579,2625000.0,1890400.9514411855
185580,520000.0,647667.6498811739
185581,1070000.0,1195346.0524542276
185582,415000.0,683091.6800732389
185583,200000.0,302963.4479922531
185584,200000.0,-54773.95413273387
185585,250000.0,879579.4269976085
185586,420000.0,602919.8569718413
185587,600000.0,562010.0965210488
185588,380000.0,535506.2645286145
185589,8200.0,500528.46621865965
185590,606050.0,643826.8678375827
185591,645000.0,808558.5636517471
185592,755000.0,877478.3328285282
185593,22500.0,1404170.239801853
185594,538000.0,756121.2669117544
185595,900000.0,1363307.3219661722
185596,1780.0,-659086.4334346186
185597,1205000.0,1046506.6796707166
185598,2161473.0,1224963.5962427165
185599,520000.0,692422.7897981806
185600,2731000.0,1840201.470470273
185601,1225000.0,1093323.9484971538
185602,1849984.0,1135282.1691925758
185603,59999.0,-170479.12828961015
185604,670000.0,1017190.4056271501
185605,1250000.0,1069090.0546822976
185606,920000.0,1011869.1107131746
185607,295000.0,539179.6053065928
185608,1900.0,-352384.6555450568
185609,3500.0,196190.01020280924
185610,425000.0,991419.4478131421
185611,810000.0,1085474.7083740719
185612,1290000.0,1166093.2029487193
185613,1801096.0,1114179.23306562
185614,465000.0,735656.3641666956
185615,850000.0,1131418.7948182235
185616,1600000.0,1167195.443018281
185617,1480000.0,1916352.5754161524
185618,496500.0,489396.6007593982
185619,519000.0,426281.616892579
185620,7000.0,740082.8415420605
185621,515000.0,785836.8947541956
185622,2650000.0,1751605.6134575242
185623,1325000.0,1276882.5800735531
185624,35000.0,1845639.0250461623
185625,2145.0,-470948.07860433124
185626,650000.0,716849.100657831
185627,850000.0,927917.1845381008
185628,589000.0,879873.3763442012
185629,4945.0,468865.6300575165
185630,1175000.0,1018284.6377158053
185631,800000.0,1127357.2652895078
185632,3100.0,58923.763530677184
185633,6050000.0,2097526.251087524
185634,715000.0,660380.6859347606
185635,2750000.0,2168249.8864992782
185636,1900000.0,1041328.9477988426
185637,1880000.0,1253346.6500209672
185638,2995.0,-393617.67962517124
185639,2600000.0,1955310.0445098272
185640,710000.0,853023.7261485169
185641,525000.0,510376.0799137987
185642,650000.0,799491.6131147426
185643,2750.0,-283080.7094528554
185644,800000.0,1026734.4721633848
185645,2900.0,118037.9071439933
185646,130500.0,342312.58070810325
185647,435000.0,715671.9898467651
185648,856340.0,932502.9026610767
185649,715000.0,822286.1693071919
185650,1525000.0,930746.6780848736
185651,900000.0,1394130.8050520215
185652,500000.0,1053648.414382861
185653,810000.0,912909.2780052386
185654,850000.0,790095.2815394849
185655,2975.0,42860.458790138364
185656,960000.0,979863.9850938125
185657,840000.0,866219.9651194066
185658,470000.0,882382.5287863342
185659,580000.0,670117.9496183889
185660,1325000.0,1000328.6857639365
185661,1650000.0,1458970.47673216
185662,750000.0,778965.1868761573
185663,525000.0,1192916.312101867
185664,650000.0,674320.2184236618
185665,1250000.0,1478543.1305665877
185666,590000.0,767050.55815739
185667,785000.0,931297.6523286132
185668,729000.0,841239.2029022854
185669,1920000.0,1048179.7528138161
185670,2550.0,-228508.13471135776
185671,1290000.0,1005884.4676653389
185672,480000.0,760711.3641375815
185673,609000.0,908037.1198373446
185674,500000.0,781767.0747502465
185675,600000.0,931140.8564951103
185676,3650.0,35097.07622430194
185677,370000.0,761930.9595465502
185678,2695.0,-253250.28543067724
185679,440000.0,539755.6429856792
185680,950000.0,824109.8799723191
185681,1525000.0,1264880.3648287999
185682,607300.0,520006.69931350835
185683,1100000.0,1244762.9931434998
185684,6500.0,441062.12699971534
185685,1800000.0,1187304.1860620826
185686,2300.0,-161495.19653788581
185687,245000.0,227020.64733412303
185688,2100000.0,1261518.0982290534
185689,465000.0,571786.6072979597
185690,5500.0,203952.14707928523
185691,760315.0,1160266.2210936407
185692,450000.0,1303467.820380249
185693,1130000.0,1112676.7766839182
185694,528000.0,867667.0142455958
185695,459990.0,492134.5225856127
185696,11500.0,624499.2546575572
185697,12000.0,765707.5936870556
185698,489000.0,828491.539215195
185699,1052000.0,1257133.3298031222
185700,3420000.0,2041289.5805014586
185701,2295000.0,1154215.253568368
185702,882000.0,823483.3495522505
185703,2500.0,-201446.4787998721
185704,899000.0,916921.1961552724
185705,2650.0,-155970.27616422065
185706,585000.0,676900.7801445639
185707,1900.0,-203815.21736682113
185708,590000.0,365888.1540738074
185709,85000.0,912961.4174749935
185710,465000.0,687418.4448285289
185711,1400000.0,1201611.4544490092
185712,720000.0,643631.4222888974
185713,275000.0,712003.8342507258
185714,676500.0,762073.3171114568
185715,3700.0,-137181.86014667433
185716,695000.0,609490.1513357917
185717,1895000.0,1649327.599080597
185718,1568000.0,1425034.5775086386
185719,1475000.0,1039418.7282651747
185720,1175000.0,1180944.8202957371
185721,1900.0,-114087.92420173157
185722,705000.0,956808.6318984348
185723,2000000.0,1190086.300058755
185724,480000.0,824845.0044532483
185725,595000.0,691351.0346057545
185726,375000.0,565135.0731162261
185727,225000.0,293522.8284363458
185728,3845.0,168682.1010935884
185729,1031000.0,1165606.772245626
185730,637000.0,750155.0476863524
185731,479000.0,856444.2972376319
185732,964250.0,1029962.217416402
185733,700000.0,835603.4580780361
185734,1190000.0,1065871.8126791036
185735,423000.0,551439.0174250389
185736,575000.0,844301.1832058132
185737,1148888.0,1707556.2571361782
185738,525000.0,905951.0225180304
185739,654000.0,878763.8623173218
185740,1330000.0,1185152.772247319
185741,373390.0,690178.5180840008
185742,501125.0,875407.2697661342
185743,1388000.0,1213265.6806778228
185744,2750.0,-79030.09310624842
185745,499900.0,684740.0197829455
185746,675000.0,971032.0902478825
185747,259000.0,548787.234098536
185748,969000.0,953624.6599828927
185749,495000.0,571895.3760913089
185750,540000.0,537480.1979048662
185751,2100.0,-399186.05047376174
185752,419000.0,781811.4503528811
185753,560000.0,752296.8759972462
185754,2760000.0,1640806.0334408544
185755,470000.0,744718.8246459998
185756,780000.0,940758.5236097081
185757,1225000.0,801540.0540588545
185758,580000.0,507594.9040460307
185759,360000.0,802317.5745517481
185760,420000.0,541147.7842857633
185761,460000.0,704621.5036952998
185762,1079000.0,1111308.3609505557
185763,865000.0,1281190.802338318
185764,900000.0,1048021.21687146
185765,1100000.0,1174378.647643609
185766,1150000.0,1029546.8773733666
185767,290000.0,417157.90952596255
185768,655000.0,849240.3259482551
185769,2750.0,-111542.71948944777
185770,700000.0,935946.2538147895
185771,350000.0,680895.902239847
185772,610000.0,809308.037358121
185773,503000.0,869025.3606125545
185774,1250000.0,1112693.0917783296
185775,285000.0,343507.2789187487
185776,655000.0,724411.9253731323
185777,2990.0,-132843.19805683102
185778,365000.0,796565.8201891175
185779,693900.0,551101.5361229768
185780,3000.0,21496.357136146165
185781,4325000.0,1421980.2652900517
185782,875000.0,1522675.7376860557
185783,809000.0,1074635.1098417155
185784,812500.0,793818.4355301475
185785,264950.0,637316.2204391016
185786,4000.0,296738.0147777265
185787,695000.0,946793.1688387748
185788,680000.0,920159.2352706622
185789,985000.0,909681.0852619614
185790,990000.0,963277.3578639328
185791,745000.0,914909.1201902684
185792,1150000.0,1473793.40053963
185793,1455000.0,1500600.7595950626
185794,1585000.0,1299460.7555032065
185795,900000.0,1101042.4352173004
185796,370000.0,523536.90742826555
185797,2200000.0,1968595.735405759
185798,1100000.0,903203.0393297412
185799,305000.0,473759.68970644753
185800,415000.0,1024909.1855494231
185801,2830000.0,2786839.068502295
185802,1375000.0,1136072.2214550218
185803,640000.0,515294.56650545634
185804,545000.0,919259.8859737208
185805,1660000.0,1604209.6883261008
185806,1816000.0,1456340.9782259893
185807,549131.0,517508.4730068417
185808,260000.0,869170.683203198
185809,930000.0,939986.3115078053
185810,558000.0,1063850.3414147533
185811,885000.0,1447087.04718675
185812,1900000.0,2637302.252389676
185813,819900.0,812187.4411033234
185814,18000.0,1694979.5450760722
185815,1625000.0,1755590.5752592953
185816,874000.0,687682.4857549937
185817,829000.0,958921.0655278554
185818,2499990.0,1553672.0124803297
185819,420000.0,771133.0653369743
185820,280000.0,526785.556911923
185821,3945.0,-12049.525169778615
185822,776000.0,1003045.7628896991
185823,1299000.0,1388951.214237433
185824,7450.0,526049.9967164053
185825,1248000.0,994115.3971438389
185826,565000.0,1001886.70058682
185827,660000.0,918758.5737746032
185828,1250000.0,1651468.8960879454
185829,885000.0,1179627.1445239624
185830,850000.0,1398532.1908991933
185831,425000.0,663188.5578638753
185832,820000.0,901462.8442793628
185833,1288888.0,1474883.9654217632
185834,590000.0,987477.9905348895
185835,450000.0,1170033.3072624635
185836,650000.0,1008408.4491991075
185837,1600.0,-46382.56277424283
185838,430000.0,668974.6502780039
185839,1840000.0,1616517.9541702615
185840,3150000.0,1145968.580786583
185841,500000.0,568597.1451718574
185842,1560000.0,1459115.1524089612
185843,765000.0,975322.3811297677
185844,765225.0,945143.5894889254
185845,645000.0,968770.9491607128
185846,385000.0,559179.1403888799
185847,450000.0,941631.4623935493
185848,3350.0,364.71483496110886
185849,1625000.0,1183176.5145422583
185850,1320000.0,1492778.5020465245
185851,652150.0,615498.3523561601
185852,695000.0,980796.1870903848
185853,494000.0,870662.4126438713
185854,775000.0,1037958.1633190699
185855,2695.0,-128191.50724290591
185856,870000.0,867538.1857522652
185857,537000.0,713572.8505618172
185858,784000.0,1020041.1965145636
185859,850000.0,1253913.2974808915
185860,1100000.0,853700.0472876597
185861,659000.0,665031.718921137
185862,665000.0,760930.1850573607
185863,749000.0,1068206.1980001815
185864,430000.0,509855.75056920573
185865,355000.0,507848.76411943976
185866,1090000.0,907382.515661886
185867,1600000.0,1032396.482207234
185868,1012000.0,948896.6569898035
185869,580000.0,972206.2752237376
185870,427000.0,917889.5083415564
185871,1317500.0,1169724.298003422
185872,250000.0,345999.6169557674
185873,735000.0,979466.3229096113
185874,1908000.0,1782914.0926313838
185875,1055000.0,901801.5591923399
185876,372000.0,609405.0426246077
185877,540000.0,858134.272612975
185878,1375000.0,1092794.8091154825
185879,815000.0,920328.8385212328
185880,492500.0,644408.8825658346
185881,1360000.0,1241999.4736235877
185882,450000.0,821446.4009812241
185883,400000.0,645265.3194185505
185884,1230000.0,1403673.7321560113
185885,310000.0,648132.5169450976
185886,675000.0,577404.2135730861
185887,730000.0,739867.6512323152
185888,585000.0,1047419.9256814104
185889,780000.0,841346.1641164757
185890,1430000.0,1294598.1043022852
185891,1100000.0,964592.711189447
185892,1665000.0,1583164.2895130226
185893,374000.0,748481.3638030011
185894,1030000.0,884340.6898560524
185895,580000.0,916902.2863461319
185896,750000.0,855963.7494291803
185897,525000.0,582657.5172508694
185898,2500000.0,1540984.5868652593
185899,950000.0,1020780.1359279864
185900,1180000.0,1195399.0918008704
185901,560000.0,1132848.2179712718
185902,1625000.0,1214909.9027701644
185903,2700.0,-162500.63221312966
185904,1850000.0,1401518.3148291195
185905,6500.0,917696.719457645
185906,1260000.0,1063182.6437400999
185907,1600000.0,1340980.7918803794
185908,434500.0,639131.4058829779
185909,995000.0,667887.213408594
185910,1545000.0,1375320.6308542546
185911,3250.0,-183493.7099384945
185912,768000.0,1050568.291483433
185913,489000.0,604151.0204369118
185914,1600000.0,1467775.488526973
185915,401000.0,509832.9380166866
185916,339000.0,740210.0257011866
185917,598300.0,782805.7081169887
185918,466990.0,745017.5618748097
185919,1900000.0,1188695.5222813524
185920,560900.0,579959.1569707422
185921,1234000.0,1096892.7774782302
185922,965000.0,1170045.8806416355
185923,375000.0,694570.9637133973
185924,1240000.0,1093050.04363277
185925,805000.0,924309.0480806883
185926,1905000.0,1754361.2614528323
185927,4100.0,188101.53561491705
185928,1370000.0,1368604.7157760803
185929,795000.0,735002.2789261248
185930,829500.0,898974.1529196138
185931,420000.0,495050.8404554026
185932,455000.0,490926.6885917848
185933,450000.0,490965.6916723242
185934,1165000.0,1024728.1654183548
185935,950000.0,1054744.093708326
185936,415000.0,501343.34600185044
185937,2895000.0,1749183.854654205
185938,2150.0,-402831.37448436674
185939,390000.0,591854.7076999173
185940,1000000.0,1347814.510598259
185941,170000.0,783061.2775394153
185942,557500.0,994197.2514998224
185943,4095.0,348001.67744222376
185944,750000.0,875141.8083595987
185945,725000.0,653489.3550759926
185946,2375000.0,2074935.2445056122
185947,1285000.0,1165609.6495479783
185948,835000.0,1022969.122488101
185949,1530000.0,1347522.3230110444
185950,2250000.0,1620853.472263203
185951,3350.0,-218442.00249140896
185952,950000.0,1822436.0964730065
185953,545000.0,936016.6842277823
185954,5500.0,73228.72466376424
185955,620000.0,964466.0177430706
185956,650000.0,519039.58789732866
185957,9300.0,488522.65055148024
185958,3300.0,121083.35452657565
185959,3325000.0,1348353.06889629
185960,299000.0,552423.9469509618
185961,390000.0,851596.445302547
185962,505000.0,714780.559644768
185963,400000.0,448055.14622238744
185964,2450000.0,1905166.3533189585
185965,3650000.0,1917718.382723881
185966,2018000.0,1307715.9728413802
185967,399000.0,477340.51424657553
185968,1825.0,-225035.10971095413
185969,935000.0,1071565.6968672872
185970,2060000.0,1437415.3398868265
185971,500000.0,714869.608699319
185972,1510000.0,2043306.258356033
185973,1070000.0,1161311.7276684456
185974,965000.0,1090955.8531350335
185975,1725000.0,1721621.4226986263
185976,1715000.0,1094740.82145942
185977,2125000.0,2581023.465948811
185978,440000.0,836819.942077864
185979,715000.0,1308761.385950732
185980,380000.0,593490.4588191006
185981,520000.0,582268.1333585419
185982,2000000.0,1951575.5717250071
185983,2725000.0,1922551.4714996917
185984,618000.0,987162.8070128299
185985,9110000.0,3573065.4310366954
185986,515000.0,609717.3845188543
185987,1225215.0,1093424.3148860494
185988,1000000.0,826055.506114739
185989,580000.0,638191.9832474003
185990,875000.0,1332324.6650911542
185991,10000.0,608655.4552157642
185992,805000.0,964243.4097958235
185993,779000.0,1016023.851327234
185994,430000.0,847015.3695537383
185995,1035000.0,1114718.1248384258
185996,7000.0,483713.33545889147
185997,713000.0,923612.953288178
185998,720000.0,403702.8184974324
185999,540000.0,873200.049222121
186000,1500.0,-741467.6711872369
186001,685000.0,899108.5183173381
186002,1215000.0,1261522.0001723673
186003,45000.0,1881273.3145737378
186004,639990.0,761366.5464572646
186005,262200.0,486925.9744117493
186006,520000.0,898961.7123847827
186007,1300000.0,1116786.835990821
186008,1650000.0,1335480.2010212857
186009,2800.0,14178.338627892546
186010,1250000.0,1271318.8735230407
186011,1010000.0,907469.9892249983
186012,722500.0,1058016.5127126304
186013,1380000.0,1119887.116632199
186014,2300000.0,1402142.7740530185
186015,933500.0,1133089.4888576195
186016,4700.0,414274.4443459008
186017,2525.0,-104893.05352568813
186018,2500.0,-200865.74416602775
186019,675000.0,952725.9318238683
186020,635000.0,927491.1364903608
186021,435000.0,620427.4438426038
186022,750000.0,768860.4446339393
186023,3150.0,135427.62575808913
186024,599990.0,791416.4815698043
186025,895000.0,1069422.6992299613
186026,3000.0,-305924.2797003882
186027,1950000.0,1341869.753727004
186028,3150000.0,2273294.0004958166
186029,525000.0,650936.7097166665
186030,415000.0,658579.6575197242
186031,2250.0,-117943.80559803266
186032,1900000.0,1260593.387750066
186033,439999.0,655287.8977812286
186034,430000.0,398992.98758499324
186035,1245000.0,1488800.8581878794
186036,787500.0,1200050.7415917516
186037,780000.0,1130419.2043485753
186038,2400000.0,2183525.6359270737
186039,700000.0,851009.1762105888
186040,899000.0,999993.4525953075
186041,1875000.0,1766091.065195107
186042,1140000.0,1832472.4605766255
186043,2900.0,-133975.85231996235
186044,1210000.0,1749134.7503994564
186045,230000.0,588504.1790689323
186046,2850000.0,1711729.3380462173
186047,374999.0,823196.9656568281
186048,2750.0,-231828.48829461075
186049,1200000.0,995662.6542578815
186050,1130000.0,996144.6707602758
186051,299000.0,367481.4890989
186052,1150000.0,1036968.0805409877
186053,630000.0,576569.8043708289
186054,1200000.0,1238992.4786535902
186055,740000.0,994553.5161553184
186056,1705000.0,1253001.9654373657
186057,200000.0,624529.1683020918
186058,920000.0,845146.0212229425
186059,1000000.0,1542958.725955898
186060,624325.0,945129.2199550336
186061,2040000.0,1527249.8214546852
186062,3100000.0,1202757.709710395
186063,860000.0,810645.8413556479
186064,1575000.0,1310325.61286172
186065,809000.0,1073395.7360925488
186066,490000.0,457475.57616516296
186067,2325000.0,939231.2641392173
186068,280000.0,702483.7617016304
186069,1779000.0,1257240.9595198454
186070,725000.0,756782.3729382837
186071,2150000.0,1660172.417096965
186072,865000.0,940465.338085846
186073,379000.0,1345623.3104940867
186074,675000.0,1232304.5508303996
186075,695000.0,742145.6894238321
186076,1225000.0,967418.4223746927
186077,1375000.0,900166.7417573901
186078,810000.0,895711.1704786606
186079,690000.0,867637.5804162677
186080,245000.0,391915.246752074
186081,899999.0,783264.5310975555
186082,539990.0,890825.2398367645
186083,515000.0,822682.2863346403
186084,4525000.0,2779975.219554232
186085,498500.0,805517.1250111405
186086,500000.0,641411.1097157057
186087,400000.0,388098.816886127
186088,650000.0,803182.9639272019
186089,695000.0,816283.3061164012
186090,3450.0,-256913.25743483566
186091,725000.0,975421.5548140295
186092,2270000.0,1863059.9456373062
186093,865000.0,1391832.8706458732
186094,495000.0,685498.8372187754
186095,335000.0,555104.4911396038
186096,1601000.0,1610147.6507368134
186097,590000.0,898044.5111973835
186098,4800000.0,2687577.7227766183
186099,648000.0,852246.8137047123
186100,490000.0,959483.7444210732
186101,470000.0,728976.593105739
186102,53000.0,-119504.37529779505
186103,749500.0,672939.1950315908
186104,289275.0,475256.822916151
186105,955000.0,1261293.434406884
186106,2600000.0,1986311.4506585132
186107,585000.0,617966.9117062083
186108,580000.0,745413.1969340034
186109,2900.0,-159746.80351762753
186110,3330000.0,1632071.485191592
186111,1968000.0,1840103.0389418667
186112,560000.0,567369.0380457416
186113,595000.0,572351.4243401289
186114,625000.0,696996.940036823
186115,500000.0,712033.021849527
186116,2500.0,-189740.06604200695
186117,714000.0,513402.81871187314
186118,705000.0,802119.3108187169
186119,1500000.0,1083727.673959381
186120,550000.0,682540.3380625239
186121,209000.0,166799.31483374257
186122,2587500.0,1485319.2394093266
186123,866000.0,706175.6358711617
186124,660000.0,814409.8295962177
186125,997500.0,919988.1084396439
186126,525000.0,897280.7476770971
186127,1410000.0,1200226.7849551458
186128,1190800.0,1119989.2711835997
186129,379999.0,687244.7360068457
186130,420000.0,593517.7468920359
186131,235000.0,462225.08434240613
186132,625000.0,1477643.2835696395
186133,5700.0,233925.63197503518
186134,40000.0,827350.892934124
186135,950000.0,1062819.7727464922
186136,1900.0,-143719.94739758596
186137,2250.0,-208843.30847578403
186138,566660.0,735643.9300248548
186139,270000.0,513495.5494117262
186140,561021.0,615439.6086747544
186141,400000.0,578267.3132444471
186142,637700.0,993326.7859817632
186143,454000.0,797439.5708581759
186144,710000.0,769316.1692503896
186145,240000.0,537898.4616388706
186146,450000.0,419623.96090174746
186147,790000.0,1201413.1060578777
186148,575000.0,717402.2292825766
186149,531900.0,662554.7211482422
186150,505000.0,672789.0618589614
186151,249000.0,428633.57937897556
186152,757500.0,1158414.6711078072
186153,7000000.0,2138920.5240053097
186154,3400.0,-173087.1943238834
186155,1220000.0,1083452.6040410586
186156,730000.0,1105270.3388609933
186157,1249000.0,1031131.9752950491
186158,1125000.0,1360750.0954536637
186159,5661935.5,1600721.0002483707
186160,3700.0,200241.48188001383
186161,805000.0,1001601.1560061211
186162,975000.0,1223721.6454393957
186163,1840000.0,1641633.6983542135
186164,458000.0,608045.9259665441
186165,440000.0,512002.06117670797
186166,575000.0,871755.5883945599
186167,805000.0,1007796.4246839602
186168,415900.0,944669.8485916844
186169,238000.0,717001.9014784889
186170,765000.0,1181094.9071486425
186171,1150000.0,1144774.1242427882
186172,1210000.0,825840.2199472757
186173,1137500.0,932521.3723926032
186174,370000.0,698315.0514246607
186175,780000.0,862309.9312530449
186176,3295.0,7038.607947519049
186177,3235000.0,1932655.6032508193
186178,429000.0,579244.6197165735
186179,4000000.0,1520512.4327168847
186180,655000.0,1034785.1664139656
186181,141500.0,500477.51247520465
186182,4700.0,137381.62405775115
186183,990780.0,920432.7215391006
186184,501607.0,745407.7463288289
186185,630232.0,615663.8872361667
186186,4200.0,-86845.91422150284
186187,734000.0,737536.200343525
186188,650000.0,827702.310339719
186189,1029000.0,935624.1884183027
186190,445000.0,435446.11863472965
186191,449000.0,906365.5296661165
186192,1098888.0,1154372.224858596
186193,930000.0,1330422.8108565956
186194,4250.0,91596.9467114145
186195,3000.0,-165974.85625045188
186196,1075000.0,1075474.1761002438
186197,980000.0,1216757.669098962
186198,515000.0,661347.4291938497
186199,875000.0,962041.6377207479
186200,562900.0,784750.6134496909
186201,600000.0,1132027.2044922179
186202,2700000.0,2274100.0111753503
186203,580000.0,867518.8019918678
186204,2450000.0,1601809.020234283
186205,1518500.0,1294847.8193405168
186206,1665000.0,1307194.7741469871
186207,2585000.0,1590297.1495599197
186208,260000.0,716551.4733122671
186209,560000.0,1092314.6667010887
186210,525000.0,538396.3214638932
186211,7500.0,832883.2049723072
186212,1750000.0,869995.5987422755
186213,515995.0,859020.1999125173
186214,485555.0,540947.5686019976
186215,330000.0,658559.1218417315
186216,8889.0,743423.4953417648
186217,3750.0,79323.37320752535
186218,2040.0,-132875.1393851079
186219,10000.0,244108.4023685418
186220,2420.0,-137789.64537002984
186221,400000.0,537022.9931754405
186222,1545.0,-515410.9273001449
186223,523990.0,558874.3981121117
186224,750000.0,876728.3273376031
186225,400000.0,511264.03232284356
186226,2800.0,-262338.28206162713
186227,650000.0,951114.9852894582
186228,849000.0,1322528.4625185588
186229,416000.0,558386.4825287536
186230,499000.0,811621.9834415959
186231,429000.0,555897.887791953
186232,470000.0,293621.6018513208
186233,645000.0,999713.5673471922
186234,522000.0,583911.9015395055
186235,330000.0,251464.58255093452
186236,2175000.0,1446778.2552044187
186237,700000.0,1169717.4066627352
186238,630000.0,854880.2304476537
186239,353000.0,564528.8984421296
186240,5600.0,456704.55591755453
186241,535000.0,593083.8893872043
186242,585000.0,755148.7949366905
186243,530000.0,741971.2669133367
186244,1845000.0,1299613.840447599
186245,492500.0,697546.643583307
186246,300000.0,270848.4206538731
186247,230000.0,672735.1381661817
186248,145000.0,524527.5632822551
186249,1510000.0,1460895.8550019413
186250,1245000.0,835669.5178989377
186251,660000.0,771953.2034160476
186252,1250000.0,920433.76643393
186253,1070000.0,1187267.8743645102
186254,650000.0,1185240.4144436307
186255,333000.0,408142.3709726669
186256,1625000.0,1908880.5628847796
186257,350000.0,685251.5182802873
186258,307500.0,451547.9009525841
186259,2900.0,96290.29148183484
186260,705000.0,1243176.396731819
186261,3250000.0,2572561.142162469
186262,550000.0,748358.4588486627
186263,630000.0,849598.9215537542
186264,850000.0,1137094.7433947818
186265,1150000.0,1138981.5012457473
186266,808000.0,926368.0600368148
186267,2600.0,-155739.01505733375
186268,862000.0,941989.4511001604
186269,965000.0,1213040.7487948202
186270,950000.0,1236937.2467605062
186271,445000.0,457916.89694087394
186272,3625000.0,2140352.188246129
186273,965000.0,1012808.9682500381
186274,705000.0,810030.3137164507
186275,341500.0,458479.6354582934
186276,685000.0,857041.899261443
186277,3550.0,160084.15238902066
186278,435000.0,816440.7535567628
186279,2700.0,24687.868467627093
186280,2120000.0,1422537.064406651
186281,715000.0,952375.9706792785
186282,425000.0,685476.0941916835
186283,16900.0,1504477.8121300815
186284,3750.0,-21387.46027867403
186285,535000.0,925081.8602420315
186286,857000.0,1051960.439327022
186287,470000.0,624831.2439484969
186288,3500.0,133112.26285008527
186289,609000.0,739832.2141197873
186290,2250000.0,1809245.6790784085
186291,342000.0,543132.848193273
186292,1245000.0,1160346.7766719088
186293,2100000.0,1175842.1996092582
186294,594990.0,395201.6194795668
186295,1600000.0,1229433.1069454625
186296,600000.0,636610.4125085324
186297,452000.0,698400.5569068845
186298,1535000.0,1329982.228214318
186299,1485000.0,1263780.5275919354
186300,2440000.0,1552510.8898879038
186301,265000.0,587498.0908201719
186302,625000.0,572736.5658731824
186303,725000.0,783638.0028225332
186304,1080000.0,1092495.9616332566
186305,2700.0,-25926.707577514462
186306,2350.0,-267049.2460089475
186307,1500.0,-134683.2818280505
186308,510000.0,666579.1782027055
186309,440000.0,862384.8189035337
186310,860000.0,1044623.5013672616
186311,1155000.0,964180.1055318378
186312,740000.0,823390.742221023
186313,300000.0,407924.52899592463
186314,692000.0,1089798.4889287595
186315,1850.0,-391966.4276786838
186316,1699000.0,1965101.3502118057
186317,320000.0,623722.1817895593
186318,900000.0,1604188.5883584442
186319,3000.0,149476.05624584388
186320,700000.0,855932.0977777941
186321,1400000.0,1326913.2168857362
186322,652000.0,417500.4544868078
186323,5500.0,621971.6485046912
186324,470000.0,577860.2857596735
186325,7995.0,221396.5472303601
186326,2150.0,-49428.01326838508
186327,1105000.0,1136083.0771858785
186328,2000000.0,1562962.906110324
186329,2050.0,-583145.0023706639
186330,1340000.0,1128662.4926043563
186331,839000.0,952181.4811983639
186332,1345900.0,1168591.104752792
186333,6500.0,1179634.9267879603
186334,585000.0,636104.7956201257
186335,1650000.0,1019975.8390986258
186336,1700000.0,1457115.537745311
186337,790000.0,852219.6250566132
186338,497500.0,1176375.5776595594
186339,260000.0,672281.9123036573
186340,1283000.0,1387271.406127099
186341,340000.0,446895.70122889336
186342,430000.0,834523.4374707686
186343,470000.0,550152.0456377566
186344,5295000.0,1646433.9032691177
186345,735000.0,378124.41873913165
186346,760000.0,985458.385689727
186347,460000.0,635141.4864568673
186348,1330000.0,1390242.704885561
186349,825000.0,811929.1306169648
186350,2595.0,-67787.03479271382
186351,800000.0,992937.4068056522
186352,450000.0,555933.8752771812
186353,2275000.0,1780319.7654349534
186354,1260000.0,1293161.15555593
186355,419000.0,1087804.59984582
186356,610000.0,681727.8628233112
186357,650000.0,96465.29822680075
186358,1350000.0,1336220.3820645232
186359,233000.0,439986.60229954217
186360,563825.0,666805.4471176183
186361,1498000.0,1076113.710112268
186362,399900.0,611237.7242294541
186363,670000.0,796512.2067846665
186364,1200000.0,1057527.6635752944
186365,2900.0,61720.51557886973
186366,633000.0,638017.2210299615
186367,730000.0,1043601.2583201509
186368,1800000.0,1353034.9043213371
186369,370000.0,552496.1064215079
186370,1050000.0,1040612.821917464
186371,690000.0,1166912.0310061332
186372,426000.0,625182.8508741418
186373,1670000.0,1831002.6022393806
186374,780000.0,963424.4193020575
186375,640000.0,589444.1686608437
186376,307500.0,864640.606411919
186377,430000.0,617261.4356190208
186378,1910000.0,1565441.2053603139
186379,3351000.0,2324705.4521057857
186380,565000.0,764853.5539622186
186381,540000.0,681395.6286085118
186382,3100.0,-142562.5703483252
186383,505000.0,660807.6255866876
186384,1395000.0,784179.7800478172
186385,1520000.0,1257295.8292409768
186386,1036000.0,928216.0722996015
186387,685000.0,682573.5500866426
186388,214000.0,378572.86273699626
186389,1615000.0,1656565.382803104
186390,3525000.0,1531205.2660578713
186391,1895000.0,1438641.0868475167
186392,725000.0,824217.7376100067
186393,2440000.0,1534891.811403256
186394,293550.0,693801.3556656959
186395,563390.0,916736.4265080793
186396,1325000.0,1187238.3673074357
186397,1050000.0,620785.6962297568
186398,840000.0,1117989.7772340002
186399,620000.0,472893.627883208
186400,779900.0,796897.4274602998
186401,485000.0,334358.26183150243
186402,2100.0,-204025.89969267603
186403,4800.0,261046.32939263713
186404,775000.0,859529.010891825
186405,2700.0,84392.81623387337
186406,219900.0,561987.1250648461
186407,1180000.0,1036020.588741893
186408,2695.0,-120974.4023002917
186409,6000.0,-24805.337561181746
186410,496534.0,535103.7697206605
186411,16500.0,1252268.2893014913
186412,725000.0,702608.7484754743
186413,199000.0,520882.5370786153
186414,694000.0,978566.6875649141
186415,865000.0,1059749.0063052392
186416,645000.0,1192593.4006875372
186417,2460000.0,1478515.8856571736
186418,3500.0,-14587.263226851821
186419,685000.0,960938.7784803798
186420,807500.0,1031038.6560092382
186421,502000.0,946951.0788793312
186422,975000.0,904191.0412564306
186423,9500.0,842099.4539774917
186424,350000.0,685804.7394190636
186425,495000.0,734315.9975378988
186426,720000.0,957925.4536705147
186427,5900.0,399703.7869186085
186428,4300.0,424397.67159189377
186429,950000.0,1341611.6897859778
186430,430000.0,586407.9354646867
186431,809000.0,993386.4234704627
186432,657000.0,650904.199836676
186433,372000.0,370261.16435549315
186434,370000.0,430893.8351475261
186435,599000.0,690449.7403377993
186436,535000.0,557591.7663521897
186437,1530525.0,1365912.8642777605
186438,3000000.0,2634153.098464349
186439,5900.0,314105.9098311728
186440,24500000.0,4062065.6034941226
186441,3850.0,-132981.6933200881
186442,926500.0,717809.6860617744
186443,5500.0,481169.2066806583
186444,850000.0,1087623.2085802201
186445,185000.0,43628.26071832329
186446,3350000.0,2047316.7036291845
186447,304999.0,540992.4571527317
186448,5150.0,517906.05643207114
186449,19995.0,1340138.4102078984
186450,425000.0,554636.5179331386
186451,400000.0,703906.5753190964
186452,825.0,-538135.4758642307
186453,605000.0,949728.7298546648
186454,700000.0,969256.5943501974
186455,4950.0,-147297.20997494552
186456,423000.0,599110.0745586986
186457,473000.0,655275.4516483294
186458,1299000.0,1132790.3395886077
186459,450000.0,594742.2020514859
186460,2600.0,-376778.3600311419
186461,1610000.0,952507.700551793
186462,1400000.0,2145229.7512804987
186463,899900.0,1223106.4721813025
186464,735000.0,943830.7940513566
186465,2350.0,-252944.5599162476
186466,490000.0,945724.1870996468
186467,925000.0,991089.9301560428
186468,745000.0,848773.1761204321
186469,670000.0,786375.6765310029
186470,635000.0,763007.7205520347
186471,819000.0,710717.049117825
186472,1935000.0,1706766.4940298526
186473,159900.0,44457.98580145277
186474,2195000.0,1463645.5142232068
186475,494000.0,843577.6797842896
186476,1155000.0,1204842.5311562335
186477,2250000.0,2008722.8505094238
186478,299900.0,478899.7176069766
186479,1580000.0,1334762.0979738059
186480,720000.0,1265967.6306401044
186481,1600.0,-425866.55413112417
186482,1670000.0,1071078.1740703452
186483,820000.0,1009781.7285940927
186484,725000.0,947051.3516965723
186485,1090000.0,896054.048130597
186486,1100000.0,1525985.1267230734
186487,500000.0,664366.8549978808
186488,1614000.0,1722958.3084841408
186489,1388000.0,1457683.8530740775
186490,2300.0,-241028.62629849557
186491,650000.0,1095194.6299895542
186492,860000.0,1226266.4777881764
186493,560000.0,811250.207182128
186494,3650.0,68958.97308683954
186495,2100.0,-198725.8321329616
186496,87000.0,238938.0517460266
186497,420000.0,656011.80950086
186498,1915000.0,1583580.5735288858
186499,330000.0,506187.5095812855
186500,465000.0,888976.9893335728
186501,1494999.0,951887.6662037782
186502,600000.0,889606.500087915
186503,860000.0,937604.9080607677
186504,405000.0,666870.8022542605
186505,740000.0,790160.6997513864
186506,380000.0,628950.8946718117
186507,2300000.0,1700516.0286237458
186508,1600000.0,1631883.8960838644
186509,1383000.0,1343812.9842232298
186510,605000.0,854529.3549766988
186511,765000.0,974384.8782951683
186512,4900.0,248025.48889500927
186513,630000.0,754078.8375282465
186514,2495000.0,1746838.6413803883
186515,720000.0,772307.3081953079
186516,446000.0,716424.4377564657
186517,890000.0,931267.4969662847
186518,1375000.0,1346484.895985174
186519,5700.0,214024.91033302713
186520,2350.0,73639.58586041164
186521,4850000.0,1335892.9822927332
186522,465000.0,712484.4599509109
186523,710000.0,845712.6887377873
186524,812000.0,814425.2498348001
186525,540000.0,963763.3683005339
186526,263000.0,904085.5300269471
186527,765000.0,741512.4026350956
186528,347500.0,499723.1845184434
186529,460000.0,655050.2206232371
186530,761000.0,753695.800223968
186531,700000.0,932031.5065096449
186532,1550000.0,890728.3563475935
186533,980000.0,1299273.1433471963
186534,2750.0,-438642.30757467356
186535,1130000.0,1219756.3769737957
186536,521300.0,648928.761782689
186537,978000.0,863254.1989677409
186538,536000.0,1492854.4768147804
186539,839900.0,882971.9209708786
186540,900000.0,1139279.0704275807
186541,2560000.0,1880302.476228578
186542,535000.0,595655.6225042287
186543,5125000.0,2485417.5671495246
186544,720000.0,975270.6702393536
186545,470000.0,514328.9314657971
186546,1375000.0,1273185.086072266
186547,2710000.0,2579393.098781909
186548,295000.0,536511.2005282957
186549,7495.0,374422.7377081262
186550,556364.0,697495.656466051
186551,1000000.0,1296270.8739534654
186552,675000.0,807054.5566394562
186553,1300000.0,1396423.1144732144
186554,440000.0,536486.8749495214
186555,1999900.0,1109842.55969261
186556,38000.0,143607.2321349196
186557,850000.0,1007469.1141657606
186558,521610.0,811833.9653563453
186559,360000.0,683496.3225976573
186560,291500.0,726795.1279045064
186561,1120000.0,912865.5779788718
186562,630000.0,791490.2274674838
186563,1150000.0,1214854.556203641
186564,860000.0,1132168.0008018343
186565,450000.0,309587.29774015956
186566,565000.0,763664.7096839361
186567,1359000.0,1610748.105969618
186568,830000.0,1304881.134284976
186569,465000.0,600073.4314488498
186570,4000.0,366920.33094096
186571,1156000.0,1323214.6572915185
186572,1535000.0,1748145.836296969
186573,529000.0,1390001.8539390517
186574,598000.0,687185.5063832486
186575,1145000.0,1247692.8605747754
186576,18950.0,659508.8268651692
186577,592000.0,724761.4070746703
186578,1825000.0,1045969.7558271997
186579,735000.0,1077438.9161080457
186580,775000.0,1195759.9235820863
186581,860000.0,892316.975713783
186582,315000.0,465848.3846861832
186583,585000.0,580589.8334943168
186584,899999.0,1281128.7537852433
186585,400000.0,647413.7618927443
186586,694000.0,743272.1405168241
186587,445000.0,835563.2735087965
186588,450000.0,708055.7331323717
186589,185000.0,599417.7837439738
186590,825000.0,1191357.1286452813
186591,725000.0,667589.5082821669
186592,510000.0,582592.768739623
186593,1750000.0,1647419.4905037982
186594,990000.0,999440.1010875702
186595,585000.0,576418.0636373628
186596,1925000.0,1394383.1173354834
186597,705000.0,852628.0346448161
186598,2800.0,-85065.30891818553
186599,775000.0,876967.0387348281
186600,449000.0,483188.63628685847
186601,869000.0,971799.0975715071
186602,1850000.0,1157133.144381484
186603,353000.0,584691.3931423258
186604,2400000.0,2075230.0015252111
186605,860000.0,1110739.2931978693
186606,350000.0,588611.7044715919
186607,700000.0,920519.4110870734
186608,2125000.0,1637911.8125119032
186609,5000000.0,2731779.3045681478
186610,835000.0,1003203.7427383577
186611,600000.0,500449.58898248896
186612,909900.0,680002.7600301383
186613,918925.0,972686.9713398162
186614,870000.0,1028537.4627748309
186615,400000.0,668166.1398987835
186616,595000.0,1266124.7999340184
186617,350000.0,574702.632885227
186618,6000000.0,2100315.8749561254
186619,2435000.0,1386568.8256378807
186620,229500.0,347980.14415279496
186621,507840.0,808846.2036275938
186622,1167000.0,1437353.9163239188
186623,575000.0,663452.1221913444
186624,1950000.0,1175415.5622197278
186625,310000.0,1004819.5899006724
186626,210000.0,324809.9267792264
186627,845000.0,871730.7877409486
186628,564060.0,330921.6108576767
186629,1850.0,-62955.273824863136
186630,590000.0,395225.0385195548
186631,560000.0,562192.5579307294
186632,3400000.0,1493508.2059551515
186633,555000.0,548423.9647311727
186634,1586300.0,1323482.6579026245
186635,1900.0,-405421.3803179143
186636,1187340.0,1478030.385884759
186637,1050000.0,990246.0217143614
186638,952500.0,1200800.061207355
186639,3135000.0,1590093.3923182758
186640,2275000.0,1628108.1121932874
186641,1285000.0,1431845.6259453166
186642,4200000.0,1911672.1518174438
186643,330000.0,400635.3916601334
186644,1665000.0,1681019.7845758284
186645,1400000.0,1246866.1465910673
186646,480000.0,581656.9390672101
186647,40000.0,1115201.2882842766
186648,555000.0,674512.0270430939
186649,1050000.0,1295011.9587351
186650,1449000.0,980218.1404370992
186651,1335000.0,1120127.1330168955
186652,318000.0,486476.51591274235
186653,1010000.0,731983.7859846866
186654,1872000.0,1462152.8856363622
186655,2300.0,-163448.71122435853
186656,855000.0,1160074.7498422367
186657,835000.0,981074.9222779619
186658,1640000.0,1506662.2306355648
186659,1249999.0,1282255.13937061
186660,704000.0,608481.037185003
186661,900000.0,1373342.5959603786
186662,4550000.0,2218071.7652212707
186663,825000.0,967425.775559796
186664,4150.0,65124.2464472577
186665,129000.0,347562.22811139
186666,313000.0,436739.8145270832
186667,695000.0,813605.9262626106
186668,2830000.0,1858796.7124327626
186669,1125000.0,1116731.3621781291
186670,640000.0,548010.5378549006
186671,3500000.0,2016563.6067930963
186672,8000.0,991399.3932337984
186673,189900.0,205246.01819290034
186674,690000.0,906409.1449090457
186675,980000.0,1034064.8168964684
186676,727000.0,734388.0246926155
186677,675000.0,725703.1995780235
186678,610000.0,715476.3568458278
186679,530000.0,971844.290841015
186680,634999.0,1006271.4105584268
186681,12500.0,796647.6161784045
186682,370000.0,762699.361070252
186683,718000.0,1108499.0045220265
186684,299800.0,624912.1690765582
186685,830000.0,902044.7029761393
186686,750000.0,826144.826745755
186687,1350000.0,803009.5532379476
186688,670000.0,659679.1261640433
186689,635000.0,892118.4375376832
186690,300000.0,754190.1211914588
186691,8000.0,642543.8017761307
186692,765000.0,808188.1029875288
186693,400000.0,621237.5293527283
186694,2400.0,-171932.79947400466
186695,787609.0,883926.3487334531
186696,320000.0,670559.9956981866
186697,2280000.0,1834101.442687071
186698,575000.0,364596.93702622876
186699,545000.0,861029.1046980135
186700,870000.0,789225.0000717836
186701,2050000.0,1869518.2290378641
186702,515000.0,738661.1263418617
186703,16500.0,743312.3319681566
186704,425000.0,793915.8122059666
186705,770000.0,913915.3287120713
186706,970000.0,1094810.9372805636
186707,620000.0,633346.3022731058
186708,800000.0,874508.0745542385
186709,489000.0,902593.845753816
186710,675000.0,875016.164491904
186711,1530000.0,1686597.8401246825
186712,1045005.0,1262816.7238251967
186713,2615000.0,847668.7677004011
186714,230000.0,622366.6540380083
186715,1255824.0,1235620.5932010347
186716,2288000.0,2108281.721103104
186717,1700000.0,1379877.6117524756
186718,450000.0,679698.2064339332
186719,5475.0,307196.0254404666
186720,526500.0,500596.5757383788
186721,390000.0,480911.3143305741
186722,460000.0,651091.0844719494
186723,2360000.0,1724217.4395316085
186724,148375.0,907571.1044240482
186725,1100000.0,1255659.6841897564
186726,635000.0,739593.6647105347
186727,16000.0,864953.7586855944
186728,3495.0,346951.0542556122
186729,550000.0,1021687.2534415321
186730,1070000.0,1182789.0226799753
186731,1150000.0,1222216.9643475153
186732,1200000.0,1151394.5178214982
186733,1549000.0,1470360.0718089724
186734,1000000.0,1219733.85416592
186735,3350.0,20471.848535452038
186736,2980.0,-104817.74379829783
186737,205000.0,637377.8676005825
186738,4200.0,-250901.8554984145
186739,650000.0,1262604.3304390814
186740,1200000.0,1235332.35226689
186741,2700000.0,1551546.8856676584
186742,2400000.0,1444677.7570766173
186743,4745000.0,1787685.2677113283
186744,1275000.0,1458921.6949825818
186745,299000.0,850376.9119986119
186746,650000.0,712524.3397094356
186747,1640265.0,1221806.3466344988
186748,1000000.0,1272419.5097813718
186749,1488651.0,1237230.9298605304
186750,1175000.0,1493483.3690462075
186751,1625000.0,1215685.098451944
186752,80000.0,315188.14723513275
186753,1600977.0,1293701.2587436922
186754,535000.0,851054.190539862
186755,2225.0,-403713.87084933184
186756,360000.0,622866.5195178296
186757,1600000.0,1531162.8478988642
186758,890000.0,1148830.4395183353
186759,724000.0,732583.0710040946
186760,1900000.0,1260693.5724604111
186761,3500000.0,1626633.0892065372
186762,3000.0,-403597.2172734188
186763,579000.0,649481.8872002354
186764,640000.0,765049.0623889454
186765,2200.0,-445518.5332820406
186766,325000.0,400389.44039983675
186767,482000.0,766266.6201699339
186768,240000.0,578763.4115618207
186769,539000.0,573891.0999850538
186770,429000.0,478027.01444081217
186771,205000.0,912798.2040141756
186772,10000.0,660778.8389916029
186773,445000.0,969907.5390693583
186774,910000.0,887181.6171771009
186775,4380.0,318383.2777159661
186776,877000.0,901673.3456993345
186777,9995.0,743234.2389975991
186778,445000.0,536765.9525516396
186779,3800.0,119146.73247575946
186780,365000.0,732422.0120997624
186781,12900000.0,3291758.2951147715
186782,262500.0,650131.9348354405
186783,680000.0,673991.1279710839
186784,475000.0,407341.10218592454
186785,3600000.0,1838291.5892165424
186786,1160000.0,965871.3291343171
186787,549000.0,767359.1903184298
186788,4500.0,27297.928716434166
186789,1200000.0,902726.9960718788
186790,3231882.0,2196879.6394568337
186791,460000.0,2080561.6432782076
186792,60000.0,157192.7364902068
186793,750000.0,658172.7774243541
186794,445000.0,930203.5224221749
186795,580000.0,769455.9464755785
186796,265000.0,541077.8378536263
186797,80000.0,584005.169650509
186798,550000.0,791642.582970689
186799,254000.0,731849.6853122972
186800,2775.0,-96220.3546911478
186801,192000.0,716364.1767258272
186802,2000000.0,1470984.0235823821
186803,835000.0,878049.3681479823
186804,1190000.0,1333431.0143833188
186805,1250000.0,1143836.188754606
186806,970000.0,875861.8802955914
186807,1335000.0,1419273.6544039194
186808,1398000.0,1254003.4735499471
186809,570000.0,716668.3639777601
186810,3300.0,11271.985245320015
186811,4887500.0,2678321.76410917
186812,465000.0,575006.6081098365
186813,785000.0,1067208.495634052
186814,290000.0,523120.1178377997
186815,6600.0,658287.3039269736
186816,1580000.0,1413903.3699951032
186817,249900.0,678072.7709109634
186818,1575000.0,1473114.671415559
186819,2450000.0,1871614.8765534451
186820,780000.0,1028271.3735460453
186821,716000.0,930915.6691810377
186822,436000.0,533361.0347242365
186823,595000.0,517750.87510825694
186824,572000.0,891137.5060466696
186825,1919000.0,1259032.935799568
186826,285000.0,485950.83063796535
186827,483090.0,670714.8735615984
186828,962000.0,862569.2465493968
186829,6578000.0,2219960.8155030124
186830,1710000.0,1572971.5020379927
186831,637000.0,927901.0371943796
186832,875000.0,935861.5405980134
186833,657400.0,678164.567378765
186834,295900.0,645866.6384686036
186835,520000.0,419589.95717390534
186836,1800000.0,1922338.78657261
186837,485000.0,890810.2496571215
186838,515000.0,808894.5357389906
186839,770000.0,1118197.9510298446
186840,730000.0,1025026.8849232886
186841,3100.0,54640.77862088196
186842,585000.0,475809.9314151006
186843,1495000.0,1305919.1317540593
186844,830000.0,841952.6774695208
186845,307000.0,422087.12372125126
186846,700000.0,960363.568842316
186847,611000.0,970876.3190955659
186848,1199999.0,1076120.873737147
186849,390000.0,761808.6007030951
186850,1295000.0,1481761.358601884
186851,1050000.0,926710.9065751508
186852,970000.0,1048736.5429698257
186853,1920000.0,1506380.9349224307
186854,155000.0,551932.5585703533
186855,2330000.0,1509519.9223808264
186856,400000.0,343496.5465444047
186857,700000.0,958805.968029689
186858,442900.0,784033.9130255161
186859,700000.0,1094487.594564815
186860,410000.0,545165.4796674
186861,95000.0,177623.34397589695
186862,515000.0,573867.7478227904
186863,620000.0,1051974.4104681034
186864,710000.0,711760.0505147045
186865,380000.0,325736.7274675723
186866,779000.0,1199666.407366898
186867,850000.0,1224338.3403159082
186868,1487500.0,1655029.2134093083
186869,579740.0,926339.6448219595
186870,650000.0,717717.9606769551
186871,489000.0,586762.0160784712
186872,733000.0,785355.2167318966
186873,2225000.0,1564083.8161539063
186874,480000.0,907225.4992589457
186875,607900.0,824271.1691850964
186876,224000.0,605030.9454719853
186877,1120000.0,1236654.5268618772
186878,1340000.0,1116597.1373621235
186879,1749.0,2394.0678811306134
186880,370000.0,1017237.3373024482
186881,650000.0,824947.4692347012
186882,575000.0,706352.7731240131
186883,800000.0,937785.2028935514
186884,125000.0,101569.8773768805
186885,2995.0,43473.64922554232
186886,310000.0,523306.5680048447
186887,3300.0,-70539.73252514936
186888,810000.0,760578.2885981491
186889,825000.0,1121586.9514494818
186890,629500.0,832599.0541193951
186891,1200000.0,1320634.9163248893
186892,642000.0,897478.429611749
186893,1600.0,-497143.34763398767
186894,1899990.0,1122850.739848651
186895,2800.0,-153423.0667270776
186896,607500.0,971409.4181120312
186897,435000.0,935569.3497226667
186898,930000.0,569357.130715685
186899,799000.0,1097815.9048001468
186900,1300.0,39974.28789300565
186901,6995.0,336411.21771845315
186902,540000.0,991756.843508237
186903,610000.0,794943.4233978521
186904,705000.0,836438.322239601
186905,2900000.0,2886723.8348670513
186906,2750000.0,1395619.5571600469
186907,1490000.0,1181354.3110346273
186908,2400.0,-277197.1796196364
186909,7000.0,317375.2717403658
186910,370000.0,723468.2733022934
186911,735000.0,772849.3379695741
186912,1600000.0,1447184.1550826402
186913,535000.0,715408.1233974611
186914,1080000.0,775214.8716672845
186915,2250.0,-228349.66677803453
186916,690000.0,1027251.8046503002
186917,505000.0,846737.566656298
186918,400000.0,349449.6459349282
186919,2075000.0,1495726.8818947785
186920,1055000.0,1213863.3788455362
186921,795000.0,912692.263495869
186922,545000.0,1194755.6619879548
186923,435000.0,868921.8469273308
186924,3200.0,-130147.214470895
186925,2000.0,-223651.95521639008
186926,290000.0,576418.3727272907
186927,700000.0,902474.85063989
186928,35000.0,564932.6534627341
186929,1518000.0,1018511.5151428105
186930,1750000.0,1410268.332913395
186931,1385000.0,1437341.4915627139
186932,265000.0,658196.4596787039
186933,427000.0,646827.3507671487
186934,715000.0,1100368.2820892688
186935,810000.0,1167815.6064393194
186936,995000.0,972429.9481113357
186937,743000.0,1101923.085336076
186938,275000.0,468261.5856542336
186939,1600000.0,1419296.5505919354
186940,1392000.0,1120031.5029157503
186941,1290000.0,1650428.1402064795
186942,855000.0,800053.1497869715
186943,390000.0,840702.6527408008
186944,935000.0,1015100.779891666
186945,2695.0,-15573.009636987932
186946,550000.0,777475.4572365098
186947,2720000.0,1842232.0215178458
186948,475000.0,599637.0423691608
186949,725000.0,664735.3850643998
186950,655000.0,751597.6444844408
186951,810000.0,1190496.4111560257
186952,428000.0,598324.8624855774
186953,1925000.0,1307063.8050047047
186954,1098000.0,1093909.4286388261
186955,5000.0,-108379.94199741911
186956,715000.0,868133.3993211146
186957,295000.0,655866.8801625231
186958,6495.0,157502.36872514803
186959,597039.0,441835.7035433883
186960,430000.0,703795.813364042
186961,6200.0,77662.3413735563
186962,785000.0,890087.6241012048
186963,423500.0,505398.5359032685
186964,905000.0,1049585.2790891426
186965,1100000.0,1161935.708786209
186966,475000.0,1061870.0379710281
186967,777000.0,662264.3739251569
186968,515900.0,941825.8312563915
186969,525000.0,846139.6554887742
186970,2660000.0,1575743.2954804683
186971,670000.0,719903.2792043341
186972,715000.0,1108768.5075175324
186973,700000.0,1067104.8450692398
186974,230000.0,470859.4603838874
186975,4250000.0,2069268.0558706308
186976,2548000.0,2192834.845871995
186977,773000.0,619484.0685648061
186978,990000.0,1017360.3908519493
186979,370000.0,505365.9060523603
186980,1690000.0,1298636.6513270661
186981,1040000.0,1014459.2023583027
186982,9500.0,717201.7007192783
186983,700000.0,1163015.892981382
186984,2110000.0,1021026.8354550041
186985,170000.0,97588.41339178942
186986,605000.0,1018023.0034360951
186987,5252000.0,2776849.7776357275
186988,1054990.0,1010448.1632080786
186989,2900.0,-246398.76839333493
186990,380000.0,756408.7218785975
186991,542500.0,581736.1353672156
186992,702000.0,674259.1613933807
186993,360000.0,729942.5336158918
186994,3600.0,113983.68328295741
186995,2300000.0,1850146.793017798
186996,374000.0,599985.1096267803
186997,785000.0,1356441.0469962638
186998,1710000.0,1521334.4754847009
186999,3920000.0,2012235.5571912937
187000,775000.0,1007291.4645923115
187001,6250000.0,2212711.860549732
187002,2180000.0,1077538.8814592762
187003,375000.0,590564.887116272
187004,405000.0,682522.093384142
187005,14500000.0,3505431.837917755
187006,890000.0,1032157.7548082359
187007,380000.0,839925.0930701867
187008,4525.0,172220.4269900471
187009,775000.0,986643.154366198
187010,695000.0,804821.5805926938
187011,785000.0,917798.9059886681
187012,549000.0,819777.8631793484
187013,330000.0,546814.7009285009
187014,155000.0,443021.12482417
187015,2995.0,-289640.87243536673
187016,580000.0,561186.7305155173
187017,525000.0,860257.9631765503
187018,395000.0,694270.876279695
187019,3380.0,157647.86846935097
187020,450000.0,473498.4649040187
187021,825000.0,1172612.0788664734
187022,510000.0,961023.682559221
187023,2400000.0,962155.7076657163
187024,289900.0,440658.9007837903
187025,355000.0,568585.0583662288
187026,1620000.0,1372979.6894556023
187027,610000.0,743233.5913056992
187028,12000000.0,4029252.424585832
187029,1860000.0,1256390.537425803
187030,20000.0,1163120.558838916
187031,2850.0,-96661.32920240052
187032,526000.0,790825.8080248693
187033,607000.0,509755.89536041673
187034,5000.0,555352.8264068319
187035,1650.0,-195125.56354758143
187036,1430000.0,1541254.6369524477
187037,814999.0,928835.5623036632
187038,439250.0,347137.5607015332
187039,464000.0,803128.8348657871
187040,750000.0,762777.7930434598
187041,3750.0,-58349.95563431177
187042,114900.0,150264.2615561057
187043,340000.0,824887.3034378672
187044,5495.0,219117.49236430414
187045,700000.0,1143154.6353380699
187046,3500.0,134956.9493806744
187047,940000.0,1031974.1076607732
187048,850000.0,865734.6762210783
187049,450000.0,370429.60812534206
187050,750505.0,758390.2622505799
187051,5700.0,-199619.71646924224
187052,318000.0,885585.9805562412
187053,247500.0,463045.42779801786
187054,502050.0,521112.1116871033
187055,480000.0,477238.29900856223
187056,435500.0,793473.251392453
187057,575000.0,863602.238419191
187058,710000.0,507662.6540060174
187059,575000.0,594177.3632960692
187060,6750.0,525570.6702133995
187061,649000.0,588737.9438354112
187062,506749.0,745420.2710389774
187063,466323.0,650353.9068363104
187064,575000.0,633056.2079627421
187065,660000.0,848835.4146421701
187066,2488000.0,1878675.0275484398
187067,325000.0,295181.714450445
187068,624325.0,945224.0492834058
187069,1020000.0,905288.9279712085
187070,1150000.0,1382203.9130490953
187071,800000.0,830658.388579743
187072,455000.0,873827.6234736638
187073,644000.0,1152308.3324532546
187074,1995000.0,2354343.299574011
187075,278500.0,292745.0199444536
187076,800000.0,1002614.7206986761
187077,4650000.0,2515776.15214393
187078,557500.0,593976.9759472329
187079,280000.0,555668.1892819796
187080,1025000.0,1306445.1194460494
187081,599000.0,851164.3397142226
187082,5000.0,129003.79071494099
187083,233000.0,1118444.4276523357
187084,177000.0,365768.8109796643
187085,375000.0,634673.9291708022
187086,7600000.0,1927008.5632876176
187087,523490.0,805363.2975148223
187088,3950000.0,1553289.0505884197
187089,192000.0,360332.3029583562
187090,2675.0,1284775.2487061657
187091,600000.0,809944.1055566175
187092,800000.0,975414.6509029074
187093,1230000.0,1106619.4697066108
187094,19900.0,1353528.86619509
187095,680000.0,951826.1664765608
187096,3475.0,273857.3479352584
187097,805000.0,993105.4659302961
187098,1975.0,1047263.8186218226
187099,557500.0,970477.3168455409
187100,738000.0,1005664.0522321109
187101,479000.0,932062.466601314
187102,470000.0,467069.52423460875
187103,229000.0,671400.260040313
187104,264716.0,907786.6749849189
187105,1405000.0,1478071.0543476772
187106,2195.0,-408076.1054914892
187107,4092055.0,2684998.4161074394
187108,469900.0,855575.9631465683
187109,510000.0,713000.9825902581
187110,530000.0,485571.29996656906
187111,467990.0,650633.5322871143
187112,434990.0,622512.6997890547
187113,1600000.0,1102876.445243692
187114,1807500.0,1224164.0351326214
187115,970000.0,884595.5852243034
187116,900000.0,964868.7101461003
187117,12750.0,443629.91716303676
187118,1841750.0,940384.7218570355
187119,544500.0,569029.8904375443
187120,645000.0,624356.4376844997
187121,537500.0,1037531.1443179417
187122,2445000.0,2052540.7335930523
187123,714000.0,836611.0411378369
187124,605000.0,1362066.9768169317
187125,790000.0,1068456.484810723
187126,485000.0,789892.2853990765
187127,586500.0,817806.0818030052
187128,1650000.0,1955511.0627958532
187129,2973000.0,1641950.9838083554
187130,5500.0,834633.2106164703
187131,1775000.0,2031297.0413271962
187132,300000.0,680230.0839054221
187133,1790369.0,2021212.4054564936
187134,840000.0,985164.510604322
187135,2899000.0,1456363.3211488053
187136,635000.0,1013058.1121375905
187137,290000.0,569847.406774669
187138,3100000.0,1294694.0458490318
187139,3200.0,-175756.5055322908
187140,6600.0,700700.6061856253
187141,5250.0,438576.13401053566
187142,444990.0,490986.8770237742
187143,4700.0,164091.13588187192
187144,948000.0,1495482.7548669605
187145,1018000.0,1364994.4006812405
187146,580000.0,644294.4828667743
187147,645000.0,904608.6428189287
187148,1950000.0,1677033.018849588
187149,425000.0,458130.6704723984
187150,760000.0,1072501.7942221928
187151,2600.0,-171500.09942465462
187152,330000.0,553347.792344979
187153,3115000.0,1494078.6545444336
187154,440000.0,734689.4254481597
187155,735000.0,923321.5463520344
187156,579000.0,749639.2121976875
187157,244300.0,333231.44181128405
187158,3700000.0,1319916.8942420213
187159,650000.0,1034128.2111841021
187160,710000.0,714411.5881082471
187161,514900.0,806261.0256461846
187162,519000.0,608725.2065978516
187163,890000.0,835535.2439010013
187164,2950.0,-192956.249916967
187165,4600.0,72879.73127276078
187166,600000.0,1301282.2048294628
187167,225000.0,453693.0533692064
187168,345000.0,644244.6593216918
187169,3500000.0,1916588.7781423926
187170,590000.0,913804.2374325646
187171,635000.0,501595.4571079854
187172,1510000.0,1786462.9285055958
187173,950000.0,1196577.7504917113
187174,465000.0,829857.753564979
187175,525000.0,764255.4171901699
187176,5400000.0,1742205.0435211034
187177,960000.0,1249452.2498319475
187178,1035000.0,702755.3486578893
187179,3250.0,-12816.78635621909
187180,380000.0,554349.6430110475
187181,445000.0,702990.4636670491
187182,938496.0,964985.6737026051
187183,540000.0,666463.619464905
187184,2800000.0,1242327.0095937215
187185,550837.0,564859.2119188476
187186,850000.0,1240841.453209184
187187,2145000.0,1971367.5179672455
187188,328000.0,456665.8780151382
187189,515000.0,648548.7030594042
187190,1570000.0,1410483.0645697545
187191,615000.0,590971.472311872
187192,1375000.0,1404393.3298252616
187193,1800000.0,1344352.8238379648
187194,895000.0,745389.0296569495
187195,545000.0,876850.3834005827
187196,1379000.0,1313898.1673562415
187197,8000.0,755034.1682187337
187198,540000.0,859797.0233707419
187199,685000.0,1024163.1327951718
187200,450000.0,905171.0195986144
187201,475000.0,981900.9009112976
187202,365000.0,826236.7332216101
187203,505000.0,741678.7176405964
187204,395000.0,779840.8242995627
187205,900000.0,1294592.7810515482
187206,5500.0,349624.40978929773
187207,899000.0,704351.4238563683
187208,1100000.0,1011542.7529813107
187209,2050000.0,2060705.634056463
187210,1200000.0,1108653.4345158227
187211,695000.0,781131.5077751456
187212,405000.0,717231.2967886953
187213,882000.0,1067468.4653268745
187214,435000.0,762866.6708658244
187215,836000.0,1058878.7993130852
187216,565168.0,651662.2691170918
187217,485000.0,642255.7760926401
187218,530000.0,832921.5523491399
187219,775000.0,769767.2322162455
187220,4850.0,116199.01952563692
187221,369000.0,459960.11088451184
187222,675000.0,925836.5804911703
187223,1739000.0,1292790.7589878356
187224,609990.0,651195.8171516182
187225,1410000.0,988545.2401114702
187226,650000.0,705332.6805403065
187227,3500.0,-28984.62324998807
187228,875000.0,1023201.8410139699
187229,2085000.0,1461169.4062284343
187230,202000.0,470744.01827167906
187231,465000.0,859182.9985366436
187232,645000.0,769452.8817038517
187233,535000.0,828253.650943799
187234,380000.0,480917.9106759578
187235,3155000.0,1512597.321635466
187236,2595.0,-165874.89316233806
187237,3000.0,-224536.1088509867
187238,999000.0,1196484.6242255103
187239,565000.0,1003888.9251722833
187240,1385000.0,1301890.9081076365
187241,265000.0,696757.1445662742
187242,10000.0,422187.60239766724
187243,640000.0,625695.7781877574
187244,489000.0,677411.0691057993
187245,6700.0,-74767.03573202994
187246,5200.0,234644.5492306566
187247,235000.0,263823.4861927293
187248,403000.0,376978.9767857641
187249,2950.0,-229052.255148991
187250,417000.0,533529.9231321458
187251,2450000.0,1534715.7585972473
187252,500000.0,504081.74640351813
187253,485000.0,992631.7182550989
187254,1110000.0,955878.621225277
187255,370000.0,523153.2710653031
187256,399000.0,559017.2649035808
187257,765000.0,756936.4456520835
187258,5108000.0,2427759.6841144627
187259,1700000.0,1094345.2263559205
187260,271000.0,497528.49836408533
187261,385000.0,523316.96262805257
187262,277500.0,447096.2235145224
187263,150000.0,479772.4134000791
187264,118000.0,487623.51290540025
187265,1288990.0,1345440.6905305227
187266,2195.0,-251431.58635092247
187267,459000.0,752016.7064234698
187268,445000.0,794372.6556890933
187269,1545000.0,1146697.3719891943
187270,425000.0,416881.3690778073
187271,599000.0,940122.8714032937
187272,825000.0,1036078.4887452452
187273,3700.0,-22395.34946016129
187274,925000.0,1044267.7457856154
187275,465000.0,719502.4055569852
187276,1258500.0,1040768.3235962735
187277,725000.0,1349887.9363865089
187278,800000.0,554839.0922097135
187279,785000.0,783913.8317005849
187280,370000.0,700281.651980985
187281,660000.0,855498.0766632566
187282,412000.0,564568.2474510353
187283,568274.0,446409.8630464291
187284,650000.0,1229349.8862352734
187285,655000.0,948819.9891321994
187286,720000.0,867507.4777198872
187287,738000.0,696070.5043435097
187288,2000000.0,1655646.240135233
187289,750000.0,891464.1815919988
187290,1300000.0,1249692.9660345912
187291,480000.0,739529.3127029911
187292,715000.0,889669.1112946561
187293,265000.0,233634.35802537948
187294,2025000.0,1313478.8561731707
187295,431000.0,856818.2224083357
187296,300000.0,439332.63849439286
187297,2599000.0,1581857.399471064
187298,650000.0,872585.2302336544
187299,6000.0,205421.03921400756
187300,2325000.0,1755605.5974156614
187301,419900.0,385554.3392479252
187302,452000.0,501222.1678023208
187303,650000.0,1233846.2811182328
187304,2700000.0,1782833.093128398
187305,425000.0,596996.1147348797
187306,3300.0,-82525.97511388734
187307,345000.0,831215.3667211868
187308,420000.0,777090.3225336652
187309,1150000.0,1105567.0739965606
187310,235000.0,476848.5613515321
187311,2700.0,-138488.4251694046
187312,410000.0,558379.8456690041
187313,429000.0,933563.7473053271
187314,550000.0,820463.9963932391
187315,589000.0,834250.1281539658
187316,645000.0,696048.764981675
187317,820000.0,918774.51586984
187318,1160000.0,980708.6085891435
187319,1290000.0,1927570.9620081643
187320,860000.0,948344.5388647085
187321,1400000.0,1199583.4095199127
187322,529500.0,693681.2140483893
187323,512837.0,634421.9188219495
187324,600000.0,1081458.2510802597
187325,760000.0,845828.2382365996
187326,1150000.0,1155123.461095713
187327,2400000.0,1972431.9075668156
187328,350000.0,540737.5864748349
187329,479000.0,665014.9097498516
187330,720000.0,830486.3203683812
187331,299999.0,587959.2175305877
187332,900000.0,781501.2927040141
187333,251500.0,528862.9815404499
187334,95000.0,809897.5516012814
187335,5000000.0,2578909.0873353006
187336,205000.0,414776.91403798386
187337,512395.0,556214.3563720454
187338,2900.0,-268926.05183229316
187339,3100.0,-57956.80439725518
187340,2175000.0,1984443.8018495636
187341,3995.0,5753.304024107754
187342,810000.0,754632.7521254392
187343,1275000.0,1525140.1794557096
187344,1785000.0,1415745.2864878532
187345,699000.0,654371.9206356788
187346,1315000.0,1387403.387477912
187347,612500.0,680567.8921185695
187348,105000.0,512657.176302962
187349,945000.0,634807.6855128352
187350,440000.0,396148.486109362
187351,490000.0,529551.6782479342
187352,4800.0,445550.6637735246
187353,1005000.0,943104.722787939
187354,400000.0,642898.7691489886
187355,615000.0,703528.144253646
187356,3100.0,22781.342400635593
187357,95000.0,444557.4037723113
187358,850000.0,1478767.4297235142
187359,620000.0,774369.2159226863
187360,450000.0,675631.8928185031
187361,4750.0,565032.497639643
187362,1695000.0,920736.7882741401
187363,645000.0,992731.926365858
187364,900000.0,1266085.2879745038
187365,559000.0,763930.1819324605
187366,625000.0,1023029.0198254334
187367,540000.0,605037.0041424418
187368,430000.0,1314669.206550599
187369,592700.0,634684.6261329893
187370,3748000.0,1542001.8693839936
187371,289000.0,413830.7648950992
187372,295000.0,437022.9330011271
187373,420000.0,609030.2007388892
187374,477000.0,825714.2239751872
187375,7525000.0,7745101.363090954
187376,670000.0,750744.1886302773
187377,669000.0,1561774.0213874942
187378,670000.0,549101.2458387744
187379,905000.0,1171113.460235253
187380,1200000.0,983772.5718451617
187381,510000.0,551628.5679115662
187382,1315000.0,1932660.7340405406
187383,1200000.0,1176986.824639856
187384,1850000.0,1320733.174177452
187385,459500.0,773888.2701691194
187386,503000.0,627567.0230717817
187387,469000.0,883159.8021369763
187388,879000.0,1202362.2594366707
187389,5500000.0,1790428.5067034652
187390,3900.0,-84931.35526189487
187391,365000.0,695024.3100300785
187392,705000.0,1016692.6503224699
187393,970000.0,1236887.3162422702
187394,620000.0,772704.4261047635
187395,612000.0,1171022.732413304
187396,24000.0,1087438.8337288648
187397,282000.0,631056.8141624285
187398,241000.0,776526.2347515253
187399,10300.0,1452417.8222036837
187400,249000.0,539115.3242763942
187401,1050000.0,1655207.3644068157
187402,6400.0,441107.67963985726
187403,725000.0,896824.9304635096
187404,2050.0,-165599.2725838311
187405,620000.0,739749.5248639658
187406,715000.0,910044.5059429603
187407,1500000.0,2347971.2860531183
187408,9500.0,765084.0239775935
187409,799317.0,856133.0935909124
187410,49500.0,129279.41524344683
187411,403307.0,418325.97609084286
187412,345000.0,690181.0266742455
187413,2975.0,366622.1471817391
187414,585000.0,610541.0766537739
187415,285000.0,789262.2838186566
187416,2450000.0,1677023.6277171923
187417,2000000.0,731787.5113090323
187418,1750000.0,1826116.5302979527
187419,1897000.0,2085325.7161463853
187420,1025000.0,1344661.496676243
187421,675000.0,742158.738760517
187422,825000.0,789243.3680581329
187423,1250000.0,1070618.3113289513
187424,165000.0,374360.4716581544
187425,2750.0,-326525.4869202236
187426,300000.0,638108.2868600264
187427,139105.0,507744.3815013096
187428,863000.0,994660.595388121
187429,598000.0,788611.723178627
187430,1020000.0,1572278.2081403611
187431,570000.0,749821.4866472846
187432,360000.0,826435.2527807755
187433,715000.0,589910.139098078
187434,677000.0,900192.440095284
187435,860000.0,878603.823903745
187436,720000.0,1471688.0843013432
187437,1820000.0,1126067.1151455296
187438,350000.0,665391.8994866051
187439,2000.0,-245445.72270839103
187440,310000.0,458292.4284466244
187441,699000.0,1149187.5377429584
187442,1430000.0,1253272.1467430508
187443,860000.0,1365060.8246140238
187444,429900.0,700907.336675982
187445,660000.0,789895.3399555022
187446,5750.0,515403.1679224167
187447,175000.0,315284.82065102365
187448,730000.0,678235.5345300073
187449,590000.0,697087.139927851
187450,790000.0,760412.7987149544
187451,1291000.0,818606.8941395953
187452,365000.0,562751.9517771043
187453,1422000.0,1571760.9451128794
187454,285000.0,497714.18717062846
187455,185000.0,437936.23627182934
187456,325000.0,583617.5810648501
187457,2250.0,-127054.81278830022
187458,489999.0,551142.3559695398
187459,935000.0,1009944.085084537
187460,240000.0,786879.1326800268
187461,3680.0,-183926.60397703946
187462,715000.0,864827.6708918484
187463,286150.0,845582.4915378699
187464,420000.0,421223.1262329342
187465,1060000.0,974883.2556826305
187466,155000.0,316484.12654249277
187467,882372.0,1093144.5835190117
187468,755000.0,1033398.7384640845
187469,1150000.0,1159626.2410231074
187470,230000.0,698310.0876483815
187471,1345000.0,1418544.3394610444
187472,1080000.0,1350612.232845692
187473,477361.0,521672.255752597
187474,165000.0,536406.2420502715
187475,389000.0,656950.3936299998
187476,998000.0,1023248.4460269455
187477,636365.0,779136.1301572816
187478,566420.0,446619.1618876923
187479,940000.0,1374984.0445483336
187480,890000.0,1027127.4622791689
187481,3500.0,-66886.09358001687
187482,929000.0,1215183.6835582312
187483,2400000.0,1558773.5296996962
187484,135000.0,479805.9611466378
187485,800000.0,833043.4515898451
187486,350000.0,989651.1419291263
187487,391000.0,581891.0583004626
187488,691000.0,835137.6259292839
187489,840000.0,1496518.3544652062
187490,925000.0,911998.0662320331
187491,489000.0,432612.18762166146
187492,715000.0,968195.8855532389
187493,850000.0,1004636.8309177654
187494,475000.0,692630.2455830881
187495,7000.0,309572.02644008957
187496,650000.0,894792.0805011662
187497,2200000.0,1629408.762821815
187498,1650000.0,1963981.8364626989
187499,240000.0,390777.62560108583
187500,440000.0,538662.8798646424
187501,595000.0,573195.2318392852
187502,1063990.0,1252694.1382218394
187503,100000.0,543356.3548527732
187504,266000.0,400653.1901967535
187505,329000.0,935963.677464012
187506,232500.0,511058.8926822487
187507,290000.0,903318.71252257
187508,1685000.0,1209731.1684361678
187509,420000.0,394157.85179552436
187510,339000.0,758382.0280778855
187511,1535000.0,952928.4635291649
187512,549000.0,696453.4126385488
187513,1000000.0,1015484.2395825386
187514,470000.0,535906.9453652799
187515,489200.0,1039399.1552135795
187516,2275.0,-418683.79019346926
187517,1060000.0,1057868.899254702
187518,485000.0,275318.43392627966
187519,630000.0,753172.5204825206
187520,1340000.0,624205.394842077
187521,1400000.0,1058979.4163664524
187522,330000.0,572517.4102639249
187523,729000.0,684327.0943740672
187524,3200.0,448454.804059186
187525,950000.0,1063768.3311024187
187526,950000.0,1006694.1083984729
187527,979000.0,1081883.4155801851
187528,357000.0,812270.1480531013
187529,1188000.0,1266692.388120262
187530,1300000.0,969311.0249681547
187531,1925000.0,1384263.3887020517
187532,455000.0,779361.6105323732
187533,1275000.0,1353420.6612060424
187534,620000.0,999091.9322302258
187535,360000.0,825525.7488973122
187536,3450.0,-43508.90096570458
187537,370000.0,729821.4748572595
187538,1625526.0,1221833.1145770587
187539,189900.0,466626.08179717977
187540,373000.0,632355.4654760407
187541,905000.0,799266.4093505032
187542,520000.0,616242.4121170733
187543,380000.0,515342.8134826347
187544,459900.0,943510.4542372972
187545,320000.0,898821.476439923
187546,540000.0,816882.4057440404
187547,385000.0,407434.30367766786
187548,275000.0,766340.6846873052
187549,565000.0,662041.2478116928
187550,1196080.0,1569525.4827984748
187551,450000.0,940900.2670464534
187552,535000.0,753837.6829618504
187553,1340000.0,1609250.3372316211
187554,670000.0,881082.0127313258
187555,820000.0,864416.731502709
187556,715990.0,962863.7122111851
187557,370000.0,739133.412604495
187558,495000.0,578519.0802726494
187559,432807.0,529695.8217735477
187560,425000.0,466808.27570645325
187561,585000.0,854610.7789680716
187562,350000.0,1087467.9063579384
187563,1790000.0,1606365.0220631603
187564,889900.0,1124635.2187235923
187565,799000.0,764179.9761103699
187566,390000.0,617825.9037637198
187567,3600.0,-132076.91542722378
187568,1375000.0,1721409.5024256166
187569,450000.0,779176.8541906718
187570,525000.0,1065272.9752995837
187571,1800000.0,1823601.3647124134
187572,820000.0,1024259.927165146
187573,405000.0,704451.3573552705
187574,375000.0,867148.6793166334
187575,520000.0,534215.8807309913
187576,770000.0,792451.2939209957
187577,495000.0,509486.2829546323
187578,12000000.0,2611332.2384036807
187579,3400.0,-92742.045807397
187580,535000.0,850971.04474496
187581,910000.0,1161196.2189549543
187582,725000.0,981004.6369641405
187583,435000.0,542020.3705090815
187584,399900.0,851130.2375732418
187585,45000.0,685009.8722013133
187586,1270000.0,1201127.8254094673
187587,1004000.0,994090.6773594748
187588,970000.0,855121.7320651151
187589,650000.0,665498.6055954611
187590,435000.0,452369.9340932155
187591,870000.0,1051370.9216415286
187592,4025000.0,1718241.0233701821
187593,3300.0,-130061.37911897898
187594,4750.0,971778.2796325609
187595,2915000.0,1643453.959045182
187596,900000.0,1138765.8393215938
187597,629500.0,956187.4783843439
187598,680000.0,890145.2053615544
187599,540000.0,971559.6909581814
187600,405000.0,979829.0158295501
187601,849500.0,831646.9579389757
187602,1376000.0,1672790.247146219
187603,603000.0,1078083.1903349636
187604,1484000.0,888468.1852539098
187605,3400.0,97999.30972175766
187606,810000.0,1046968.7433210202
187607,5000.0,1035362.3670089087
187608,689000.0,811338.7126742145
187609,685000.0,765484.5459749298
187610,400000.0,612653.2026569042
187611,519990.0,579996.8085462917
187612,580000.0,850997.6770102493
187613,390000.0,707544.7294656355
187614,970000.0,1039953.5046006218
187615,910000.0,978170.545772762
187616,2200.0,-331656.01399869006
187617,5750000.0,1222025.4699522965
187618,655000.0,714167.346076264
187619,1339990.0,1559258.0576690957
187620,960000.0,1362727.5335666854
187621,699000.0,929822.2793064024
187622,915000.0,913181.9266423341
187623,600000.0,893885.9415721251
187624,575000.0,651905.3157684067
187625,499000.0,502703.4720964199
187626,370000.0,659112.889324367
187627,749000.0,956330.2086388133
187628,2795.0,14896.900787233375
187629,1092920.0,1181623.7204674827
187630,1140000.0,1312563.0829280922
187631,82000.0,366622.67218219023
187632,265000.0,565202.4850151706
187633,365000.0,707324.1362062106
187634,1900000.0,1262844.3791173492
187635,465000.0,981342.0565977339
187636,355000.0,614163.3898709705
187637,11475000.0,3269312.7190036164
187638,545400.0,911243.7096358864
187639,872220.0,972710.6001309454
187640,820000.0,880515.7945880806
187641,300000.0,387152.7676332975
187642,355000.0,250662.49611847196
187643,410000.0,479005.7503152862
187644,960000.0,1034829.3327930914
187645,1140000.0,1377875.0386410998
187646,1050000.0,1097443.4831386926
187647,690000.0,431224.73372091167
187648,1195000.0,1366759.450864491
187649,8000.0,238201.90441664774
187650,490000.0,825500.9851182159
187651,730000.0,1110595.2145173736
187652,1680000.0,888220.1149407355
187653,675000.0,921036.0703389971
187654,2610000.0,2160628.366911279
187655,300000.0,862304.7470090743
187656,619900.0,661182.1009863019
187657,3700.0,-47483.84851991292
187658,355000.0,684814.8640272599
187659,5850000.0,2190860.3251459925
187660,2450000.0,2605651.374351632
187661,855000.0,993193.3399290638
187662,310000.0,823629.8852372989
187663,1455000.0,874543.5750982622
187664,385000.0,762831.7572989613
187665,910000.0,1157007.3625841588
187666,660000.0,897924.9420294939
187667,300000.0,567562.581195591
187668,749999.0,784625.1238780674
187669,1050000.0,1112979.7861098582
187670,490000.0,656149.9582089633
187671,295000.0,349824.07396789547
187672,775000.0,985737.3480585096
187673,3150.0,214509.41150588635
187674,868000.0,596050.960285021
187675,620000.0,682136.6505545881
187676,1800.0,-206504.22253341787
187677,645000.0,887698.2694373894
187678,472000.0,565282.931219968
187679,522000.0,788834.2799037993
187680,455000.0,645371.7638502847
187681,588000.0,376015.4171671886
187682,230000.0,581856.6735501746
187683,1620000.0,1595440.7214540849
187684,330000.0,623847.7283323826
187685,699000.0,931285.0505085476
187686,675000.0,1218814.2402049955
187687,474900.0,665360.2641089065
187688,4800000.0,1567362.9090231992
187689,283000.0,714532.4544613883
187690,410000.0,473795.9349486334
187691,483000.0,636004.8085387284
187692,665000.0,585759.0766604003
187693,240000.0,458186.44731057156
187694,890000.0,921596.8023018809
187695,7105000.0,1644264.4890034935
187696,1180000.0,1089632.4314967198
187697,355000.0,391714.0409956062
187698,850000.0,766603.8593758624
187699,540000.0,797650.9503686829
187700,800000.0,976729.2559474204
187701,425000.0,732135.317401085
187702,499950.0,671175.2022939706
187703,2995.0,-146163.91520984378
187704,312000.0,671705.02973615
187705,614000.0,824574.7103442159
187706,1445000.0,643575.0740709929
187707,962500.0,933922.8377092769
187708,550000.0,1006605.9635615908
187709,595000.0,732933.331496356
187710,1025000.0,1188368.0658233594
187711,239000.0,519060.48418438155
187712,460000.0,600057.7540460676
187713,3400000.0,2170860.3773383955
187714,1630000.0,1148774.2535841316
187715,310000.0,600937.5304898368
187716,999000.0,1035820.9224456828
187717,2130000.0,1534068.1048036255
187718,460000.0,818491.9569075024
187719,650000.0,728468.8524560602
187720,405000.0,526740.7883199053
187721,415000.0,667844.6074484102
187722,145000.0,443288.48171699885
187723,1650000.0,1793944.0337679489
187724,372000.0,657765.2481189761
187725,439900.0,648231.0461995797
187726,125000.0,482397.0443231864
187727,1138500.0,1088906.5400059558
187728,2350.0,-34998.077565629035
187729,185000.0,522272.7477621613
187730,489000.0,652551.184136075
187731,900000.0,986489.2853469122
187732,399000.0,602253.7197363153
187733,1269000.0,1134565.6779294126
187734,725000.0,850198.2935205316
187735,1825000.0,1600041.4464184027
187736,650000.0,869163.0413970519
187737,655000.0,773708.8914139783
187738,1185000.0,887172.2098120078
187739,2800000.0,1328265.6978174672
187740,790000.0,846487.1636894187
187741,1870000.0,1270137.3105917964
187742,725000.0,1117414.974902384
187743,705000.0,1100154.7964408668
187744,1800000.0,1673579.5735541135
187745,2550.0,-270350.5682841502
187746,1460000.0,1028500.7375094965
187747,945000.0,1089362.6074920874
187748,750000.0,1001277.0149260303
187749,3779000.0,2511939.90386412
187750,1300000.0,1955066.518774543
187751,465000.0,555236.1818977101
187752,1843500.0,1795934.7540450348
187753,320000.0,764697.1520804148
187754,2200.0,-380248.50705841184
187755,800000.0,1523972.0269471956
187756,305000.0,717401.2104398143
187757,580000.0,578607.308775669
187758,4900.0,24641.490223337896
187759,740000.0,777991.254644433
187760,70800.0,527779.2222879939
187761,159000.0,191473.5273540169
187762,1855000.0,1013540.5491865659
187763,470000.0,726595.2540272074
187764,399000.0,640176.1994125871
187765,6500000.0,4672625.541653833
187766,2826000.0,1464828.12280354
187767,570000.0,544442.3576180553
187768,2075000.0,1150264.1669782568
187769,20000.0,1413768.2471413193
187770,4350.0,3568.0293743852526
187771,938000.0,1176941.3453137847
187772,9100000.0,1690262.5448438963
187773,1700000.0,1018777.7423349917
187774,600000.0,926965.6629977068
187775,745000.0,1226983.0663324175
187776,1100000.0,1411831.8014226053
187777,1020000.0,1249767.2938325126
187778,940000.0,1043180.1861187676
187779,1750.0,-82008.34937938023
187780,700000.0,1133184.1299327007
187781,900000.0,999704.4169975966
187782,565000.0,518672.4975536885
187783,525000.0,992464.1018732041
187784,529900.0,1017487.3412306635
187785,3000.0,129744.86754797306
187786,975000.0,864547.1839017533
187787,1090000.0,1128662.089550768
187788,525000.0,819145.309918954
187789,235000.0,272850.7492345162
187790,825000.0,728698.7703514807
187791,880355.0,748129.918208193
187792,800000.0,946652.3319636108
187793,1009958.0,987392.8004083028
187794,650000.0,713975.0838104319
187795,1089000.0,1171696.8902131058
187796,25000.0,1587361.9679752663
187797,275000.0,535620.0913383821
187798,1109434.0,960095.9922245247
187799,1725000.0,1331647.199122862
187800,550380.0,466252.2207241198
187801,663490.0,719014.7471448602
187802,2100000.0,1213360.2032902613
187803,607418.0,671187.5773868086
187804,640071.0,779224.296751936
187805,220000.0,507894.0513543328
187806,2800.0,-35183.49531800207
187807,580000.0,1289956.6358025977
187808,2650.0,-142692.61602597963
187809,899000.0,640905.8547108332
187810,460000.0,552642.3128487179
187811,620000.0,646044.5685852598
187812,610000.0,866182.175401913
187813,2500.0,-297008.5181737216
187814,4850000.0,2422812.9241601825
187815,4100.0,104735.00013174675
187816,500000.0,947686.3256241586
187817,390000.0,813658.0138121136
187818,350000.0,638123.960993994
187819,410000.0,550694.5769051118
187820,260000.0,665135.5216348814
187821,980000.0,755671.7449471196
187822,410000.0,493259.8513712855
187823,477825.0,492094.89284126554
187824,3325000.0,1747143.3635335742
187825,1275000.0,1540137.2187537514
187826,472109.0,650615.6721051056
187827,385000.0,690419.3603225276
187828,1215000.0,1627218.4971028427
187829,373000.0,577402.3943746462
187830,345000.0,340690.3282156205
187831,155000.0,483514.0088746203
187832,439000.0,872783.1004866036
187833,998000.0,915679.0414088042
187834,3100.0,70542.14759432897
187835,1800.0,-350391.39819862694
187836,610000.0,316807.97218706086
187837,799999.0,928351.3541467339
187838,845000.0,771388.0431510871
187839,445000.0,925993.4315317329
187840,550000.0,1255323.3779307054
187841,1999000.0,1365794.8513804292
187842,345000.0,630409.5187439537
187843,760000.0,954810.8179680035
187844,705000.0,864995.3049598644
187845,9500.0,291805.9624396842
187846,1725000.0,1293334.808590482
187847,2395.0,-122572.80463397875
187848,545000.0,634654.7088275291
187849,560000.0,777287.0937429806
187850,1243371.0,1911362.896318527
187851,599000.0,948303.0396892028
187852,3100.0,78153.3657768555
187853,1850.0,-410651.07381830737
187854,7300.0,476292.34273879696
187855,1300000.0,1086373.6559064332
187856,435000.0,755043.5029659104
187857,1210000.0,1147463.459631078
187858,498000.0,1103870.5802552672
187859,1550000.0,1348600.116446508
187860,365000.0,834419.3215696141
187861,390000.0,708686.6181590147
187862,415000.0,659503.9302348103
187863,2700.0,35470.53953074664
187864,425000.0,696061.429337821
187865,1039990.0,1076129.2949212277
187866,1290000.0,1173641.2113734363
187867,1775000.0,1309385.344115262
187868,335000.0,562081.7993745459
187869,500000.0,925257.6420300165
187870,2000000.0,1781751.1913944064
187871,586820.0,685097.8517947476
187872,550000.0,670929.351174525
187873,525000.0,738330.8167421836
187874,590000.0,832687.6497855186
187875,2350000.0,1627713.3146613324
187876,1505000.0,1580245.4146085149
187877,478850.0,666573.1772133308
187878,2500.0,-485266.73032397125
187879,530000.0,869263.7659873273
187880,3500.0,-44530.6067107534
187881,335000.0,428772.584007483
187882,525000.0,558874.1824726192
187883,320000.0,796935.5060408562
187884,770000.0,986000.3650292167
187885,405000.0,812350.653133098
187886,1650.0,-316689.7408778211
187887,190056.0,549706.7202538475
187888,307000.0,734374.5787061211
187889,370000.0,769939.25126894
187890,440000.0,682054.4578488395
187891,969000.0,1367743.9090185277
187892,1800000.0,1483355.914650633
187893,375000.0,376616.65814612806
187894,880000.0,981159.5261671077
187895,9280700.0,2940766.4597105077
187896,549000.0,636965.9654633375
187897,4495.0,254961.78381522
187898,625000.0,734905.4407776855
187899,1195000.0,1358588.320669217
187900,515000.0,1016578.4157201955
187901,475000.0,863648.8480268475
187902,400000.0,806816.0060933512
187903,1060000.0,1284369.8923964482
187904,925000.0,1144472.544328235
187905,505322.0,620079.0786930583
187906,449000.0,851171.656108818
187907,521000.0,589161.1058002813
187908,2298.0,-179825.94891685434
187909,780000.0,836667.3435046729
187910,990000.0,969224.8661355712
187911,1655000.0,1023070.0439388314
187912,640000.0,464676.6409662068
187913,2499888.0,1926689.4732865766
187914,425000.0,962729.7334288508
187915,675000.0,831986.2194162617
187916,670000.0,581676.4193481216
187917,674990.0,1069222.264924908
187918,1250000.0,1788051.0860004658
187919,439000.0,690925.9004084226
187920,2750000.0,1286611.2631561477
187921,755000.0,1144598.5588120995
187922,1495.0,-524350.7137773857
187923,785000.0,1083771.5086309947
187924,1060000.0,968675.271206269
187925,827375.0,985701.8756286306
187926,200000.0,838295.4084591102
187927,4070.0,-14385.47270238772
187928,734990.0,840189.454531732
187929,7008888.0,3825245.8714005165
187930,448000.0,678540.9048806624
187931,399900.0,594482.5893895291
187932,3999975.0,2094699.4087206218
187933,1655000.0,1760320.983150648
187934,762000.0,952080.6794222267
187935,2120000.0,1150798.501164929
187936,660000.0,862792.8657999188
187937,1425000.0,887912.2033173358
187938,515000.0,767273.9492763001
187939,825000.0,1219484.3662556075
187940,577990.0,572442.6733029112
187941,1825000.0,1158647.2953221751
187942,575000.0,883820.1294458946
187943,427000.0,416058.8795831157
187944,480000.0,646767.7098542033
187945,225000.0,456426.63258569594
187946,5300000.0,2152679.0278268717
187947,545000.0,545533.22321223
187948,180500.0,354057.9281255957
187949,3750000.0,998019.2519216342
187950,388000.0,606351.736181125
187951,505000.0,647986.2683342053
187952,641000.0,830993.5409417413
187953,5100000.0,2602779.2094587525
187954,3400.0,-170995.8953456208
187955,630000.0,851713.60601791
187956,395000.0,594141.6294399202
187957,345000.0,1063300.357050213
187958,570000.0,1121502.8528849147
187959,579000.0,521543.9981537778
187960,475000.0,791220.6916262042
187961,808000.0,1029618.0534581505
187962,555000.0,738762.2127962522
187963,605000.0,1061721.6158793503
187964,1524000.0,1405150.3087995863
187965,474000.0,637537.5183750736
187966,1295000.0,1414005.2211929346
187967,580000.0,790604.1258013584
187968,650000.0,956576.3206292819
187969,690000.0,1038486.4258199865
187970,1147500.0,1132540.7610939164
187971,2600.0,-275354.7669347767
187972,370300.0,580261.9939610595
187973,800000.0,1051845.742277205
187974,3100000.0,1772977.9305847548
187975,555000.0,680756.4193676868
187976,1250.0,-789039.3144137878
187977,3470000.0,1946906.0010897433
187978,180000.0,536530.0068132272
187979,785000.0,1051631.3325891998
187980,590000.0,738224.561087775
187981,531000.0,894527.8113878723
187982,1770000.0,1360586.4863499505
187983,2700000.0,1777891.1290280381
187984,3000.0,-148650.7441270901
187985,275000.0,599384.1740995906
187986,1060000.0,1079022.3492694274
187987,326000.0,632526.8086926825
187988,442000.0,511290.86762664653
187989,515000.0,695997.4289673781
187990,1750.0,-478225.41124862805
187991,1950000.0,1206017.6418027906
187992,2450.0,-272698.6397612076
187993,760000.0,1241260.422984372
187994,330000.0,505801.12830312643
187995,940000.0,993384.9275567997
187996,445000.0,634530.7232227568
187997,845000.0,1188686.296525878
187998,7500.0,107265.73611379042
187999,3500.0,-11605.695589771494
188000,1460000.0,1398369.1592959873
188001,1125000.0,1186380.7431442635
188002,475000.0,655195.7481069667
188003,5725000.0,3494837.8551747357
188004,680000.0,829154.8756393315
188005,1360000.0,1898001.241515303
188006,1700000.0,683900.3665360324
188007,475000.0,733447.7551818248
188008,1535450.0,1854867.4020321593
188009,399990.0,649525.4251199439
188010,645000.0,794089.2133177957
188011,769990.0,1068575.6141501814
188012,565000.0,586073.3210088313
188013,340000.0,557709.6359707322
188014,599000.0,950080.4811979402
188015,300000.0,929676.2761106277
188016,820000.0,949801.4200916477
188017,2200.0,-340580.8487347765
188018,2137938.0,1664747.7048964854
188019,1137490.0,1142854.1401199
188020,526000.0,643724.1986727044
188021,315000.0,139673.3618558459
188022,1250000.0,1188671.4186613113
188023,484000.0,798111.4998164
188024,682500.0,649276.9629038703
188025,540000.0,873206.8062850479
188026,915000.0,817752.7381912321
188027,2000.0,-427725.75704198703
188028,917300.0,1312946.4862690736
188029,2700000.0,1412890.5175748765
188030,2600.0,-211669.99727016035
188031,4045.0,178781.40252153762
188032,705000.0,637066.2981363405
188033,3300000.0,1879603.3556048358
188034,255000.0,757661.9881868474
188035,4475.0,-145910.3137122756
188036,710000.0,860814.6238672622
188037,540000.0,721161.5537554119
188038,665000.0,930872.639349442
188039,1650000.0,995067.3289398653
188040,1250000.0,1132810.9285435136
188041,463000.0,860327.6185479853
188042,775000.0,1485021.336258906
188043,510000.0,630405.7176504526
188044,418967.0,489575.63544872496
188045,140000.0,600801.951721508
188046,3035000.0,1945042.5516785327
188047,4290.0,71663.62674537487
188048,350000.0,517746.688941624
188049,636700.0,741751.8166319327
188050,1020000.0,1025457.5982587244
188051,1195000.0,941373.551414514
188052,410000.0,556793.8463732153
188053,369000.0,646225.877858744
188054,595000.0,590555.8637653217
188055,480000.0,792192.4284109278
188056,694990.0,990987.8394553736
188057,698296.0,880606.1733816117
188058,925000.0,1376403.6134389713
188059,852500.0,1169266.1641953764
188060,1700000.0,1801039.4029540503
188061,450000.0,743362.058029036
188062,215000.0,433660.3663205737
188063,574900.0,905727.7031677049
188064,345000.0,383739.3028949229
188065,3950.0,281697.7899252968
188066,10700000.0,4003924.1048980006
188067,770800.0,968228.0693202484
188068,4800.0,-165254.04509811662
188069,810000.0,817591.5161411101
188070,995000.0,794997.2939192187
188071,7500.0,334681.9201318165
188072,575000.0,840230.6291122846
188073,402000.0,432540.23444397096
188074,705000.0,684199.5942117171
188075,3900.0,44737.66912372783
188076,505990.0,524251.341911762
188077,725000.0,844813.1959437737
188078,330000.0,651394.2006131895
188079,577500.0,789417.4081299547
188080,5890000.0,2093021.8734324034
188081,394000.0,749616.150518084
188082,440000.0,805647.4519754648
188083,435000.0,824264.7391406503
188084,435000.0,651716.3901025513
188085,530000.0,763864.8268517694
188086,141888.0,427688.04797067866
188087,329900.0,731734.2462998116
188088,46000.0,5278074.805864206
188089,450000.0,567556.239201068
188090,1032000.0,1248604.2319518272
188091,1672102.0,1896958.9459488634
188092,499000.0,880754.0452773534
188093,5000.0,837786.3386979494
188094,5500.0,41588.127103555016
188095,429900.0,699911.7317057783
188096,289000.0,666097.3911832217
188097,525000.0,771096.4996691607
188098,1625000.0,1740696.340722303
188099,2600000.0,2410356.8912125602
188100,580000.0,776557.811364932
188101,910000.0,980675.2480779039
188102,517833.0,736723.5480557326
188103,78000.0,54554.28537578322
188104,600000.0,811051.8145357706
188105,327000.0,612975.7284493465
188106,604500.0,1008422.4679699037
188107,503000.0,891521.8143919529
188108,2699000.0,1969773.2135439673
188109,610000.0,831864.4546946064
188110,2250.0,-305329.1572132362
188111,924000.0,1056063.7735961145
188112,440000.0,756869.4396483684
188113,1075000.0,1109465.3727161055
188114,11500000.0,2780078.206625352
188115,715000.0,817902.5816391911
188116,2900.0,-481125.76665157266
188117,410000.0,443744.894948978
188118,4160000.0,1561056.4371326584
188119,648000.0,1161830.9233430969
188120,8700.0,1117165.3696198165
188121,765000.0,966315.9951475607
188122,402000.0,910842.596209052
188123,1300000.0,1382138.8622629838
188124,7349000.0,1102403.9668493299
188125,450000.0,427758.0809002025
188126,1300000.0,1228074.5357480524
188127,3200.0,41413.00665289443
188128,577000.0,969435.7868154179
188129,750000.0,791144.492179581
188130,650000.0,696081.8858113848
188131,1800.0,-464621.0632765619
188132,3650.0,-147307.55086541828
188133,680000.0,989828.2040989753
188134,670000.0,804676.8480760138
188135,1595.0,-165562.8409383418
188136,402000.0,364920.3504531374
188137,1995.0,-86887.15079832356
188138,2900.0,-85317.17464516964
188139,1750000.0,1780333.8437926415
188140,385000.0,758875.1375586325
188141,270000.0,571853.8488639314
188142,375000.0,792794.9915190861
188143,737500.0,83171.09385799058
188144,699000.0,750610.7635252308
188145,525000.0,873590.9666075297
188146,695000.0,901099.5891596349
188147,498500.0,837392.0982944174
188148,1199000.0,1048005.856514506
188149,290000.0,571337.9253359428
188150,1750000.0,1847517.1884093955
188151,499000.0,422364.6149035087
188152,475000.0,600512.471299503
188153,565000.0,142916.2281072894
188154,565000.0,604579.7726756018
188155,830000.0,1046422.4986793473
188156,270000.0,541240.814776835
188157,265000.0,519490.54731170647
188158,533000.0,373560.50911291596
188159,212500.0,90029.08424142562
188160,555000.0,829980.5138470856
188161,460000.0,647255.4521901282
188162,4750.0,137058.94790379144
188163,535000.0,776202.217851988
188164,505000.0,714660.4919251921
188165,1100000.0,1044829.6233177194
188166,2200.0,-290682.1140145259
188167,675000.0,1004830.4145033527
188168,9600000.0,4022055.1039385465
188169,32000.0,421458.39519215
188170,670000.0,728294.5926482482
188171,879000.0,804500.6039737323
188172,575000.0,813792.24625926
188173,780000.0,784444.5342210187
188174,1487500.0,1684529.3625527686
188175,430000.0,731709.5210015941
188176,680000.0,744741.7201907383
188177,1100.0,727310.276974421
188178,1400.0,-398744.5514491657
188179,445000.0,502172.45763671305
188180,590000.0,665062.3604758373
188181,1550000.0,1613740.9451500094
188182,497000.0,771518.0165542401
188183,2350.0,-136560.830373222
188184,560000.0,781809.2711517392
188185,420000.0,444160.57802414615
188186,415000.0,571327.0798539398
188187,2260000.0,1276404.3566897456
188188,950000.0,1230134.1635176158
188189,505000.0,1088587.6950849006
188190,980000.0,1119470.2262526006
188191,605000.0,929930.2442976981
188192,774024.0,1120442.2846316658
188193,1232000.0,1173358.703947153
188194,195000.0,424501.57074014284
188195,670000.0,704341.7496075453
188196,1250000.0,933253.4517250089
188197,890000.0,1048499.6755953329
188198,525000.0,679190.608917512
188199,365000.0,872689.5016256617
188200,550000.0,697478.7347449781
188201,1230000.0,1712425.9772529881
188202,269500.0,625314.3587664971
188203,790000.0,1050196.3335404089
188204,370000.0,438496.89740373194
188205,1120000.0,1223914.7564205881
188206,374500.0,629663.0983295729
188207,560000.0,840020.4578210637
188208,538900.0,518713.62370619364
188209,375000.0,840379.0740440413
188210,720000.0,890109.2805961268
188211,765000.0,834093.2126441794
188212,645000.0,716402.5053674923
188213,525000.0,804525.6062760502
188214,290000.0,463585.5019887276
188215,480000.0,722731.8035568809
188216,435000.0,564324.2000164874
188217,550000.0,655103.8946491359
188218,360000.0,628665.1391538596
188219,915000.0,934386.2504008068
188220,16700000.0,4669619.824745379
188221,900000.0,1243325.471809147
188222,735000.0,762134.6182269454
188223,556000.0,1027545.6987589179
188224,1160000.0,952025.9094430348
188225,490532.0,577300.798797776
188226,612000.0,752317.539853313
188227,1800000.0,597272.0838477127
188228,138000.0,502650.51647778135
188229,1200000.0,1109433.2301446851
188230,1650000.0,866894.1055688215
188231,1080000.0,1219582.2083032131
188232,850000.0,1291390.9094364922
188233,760000.0,596793.9952339372
188234,90000.0,556920.7558063399
188235,760000.0,1652752.6835015714
188236,550000.0,876794.852270198
188237,243000.0,689561.8137845965
188238,950000.0,990834.7433862733
188239,638000.0,826826.6469589379
188240,4950000.0,1068581.9452787507
188241,550000.0,457008.38860347494
188242,195000.0,781582.7401099643
188243,2300000.0,2196854.2225910183
188244,569486.0,507630.8343135305
188245,650000.0,936587.2073050309
188246,870000.0,1139293.161959787
188247,400000.0,514242.33417369425
188248,390000.0,765297.6300147884
188249,690000.0,855464.9082277054
188250,500000.0,815123.143476353
188251,480000.0,771177.6805122169
188252,1590000.0,1528144.9991394673
188253,600000.0,752001.3763265032
188254,875500.0,803353.2785519687
188255,385000.0,467540.77615331113
188256,480000.0,840089.1495590247
188257,468000.0,676052.6024272023
188258,2775000.0,1424557.9777498003
188259,2850.0,-339117.9644702198
188260,1450000.0,1367811.4189362973
188261,460000.0,626181.1612657299
188262,575000.0,686796.2759870952
188263,642000.0,597706.4822178632
188264,890000.0,2891693.971211774
188265,6800.0,93246.63933421858
188266,1100000.0,1065634.1120190239
188267,145000.0,913205.1724027535
188268,122000.0,342103.27694276255
188269,775000.0,357794.15406390093
188270,569413.0,479949.1728770081
188271,439000.0,533517.4596721092
188272,725000.0,729504.723523479
188273,320000.0,716430.7887568427
188274,680000.0,1114337.798096831
188275,2750.0,-340354.66055544745
188276,7250.0,325995.2659838414
188277,1136000.0,1202543.9183867145
188278,428000.0,907131.91488925
188279,760000.0,837922.0994147342
188280,1199000.0,1471785.4901628438
188281,1100000.0,1014296.8514977247
188282,490000.0,589025.2515340112
188283,950000.0,931904.4453410003
188284,490000.0,981405.9591851765
188285,296500.0,531135.9356304985
188286,691732.0,698352.7028124006
188287,250000.0,578783.9635706777
188288,899000.0,734463.6220356487
188289,387000.0,680276.220963235
188290,669000.0,777105.3777434789
188291,2450.0,-118326.09983044211
188292,2235000.0,1826062.6126488335
188293,918000.0,910707.9097348265
188294,585000.0,736499.9611753142
188295,490000.0,855094.4727329267
188296,22000.0,1168087.682618712
188297,525000.0,662842.1265084594
188298,1350000.0,1436079.3106299974
188299,111000.0,257932.78276627604
188300,702500.0,768620.0057270313
188301,225000.0,590272.2509199129
188302,1620000.0,1312152.7351356335
188303,197500.0,701218.2014339361
188304,1005000.0,1132600.946559826
188305,332000.0,788177.9376095533
188306,460000.0,759777.5895489464
188307,1526500.0,1274268.736176408
188308,675000.0,714775.7904051598
188309,1202000.0,1386608.3273824817
188310,799000.0,1106937.407046386
188311,265000.0,698690.949582085
188312,849000.0,908146.6058172537
188313,321000.0,586445.7689132718
188314,707500.0,117904.8266488444
188315,729000.0,636319.5776598128
188316,2075000.0,1233697.362331801
188317,1900000.0,954448.2035827572
188318,462500.0,586489.3855475597
188319,400000.0,612884.545714668
188320,548000.0,745017.8147682929
188321,4350000.0,2538269.9227834027
188322,5000.0,-93726.28984076902
188323,849000.0,846459.9458314162
188324,729999.0,981367.3028720301
188325,510000.0,731609.272963088
188326,240000.0,484357.4978826549
188327,825000.0,952442.0713924281
188328,700000.0,1077141.592085356
188329,445000.0,513894.72806210443
188330,525000.0,611328.8756164843
188331,7925000.0,3358524.712691236
188332,2300.0,33767.56267147791
188333,410000.0,614711.8161340104
188334,17500000.0,2674530.460883097
188335,1950000.0,1353807.1641493961
188336,4500.0,288082.99947594944
188337,460000.0,594846.7457280876
188338,478000.0,559945.6022567423
188339,2525000.0,2114473.5737056388
188340,1149000.0,839839.0170060769
188341,1158000.0,808926.9285014672
188342,740000.0,856457.9362659734
188343,533900.0,479785.61150482204
188344,738991.0,698518.3096506884
188345,694900.0,836609.7566112736
188346,8200000.0,1993728.8970050002
188347,1600000.0,1276342.6657562917
188348,3250.0,-3931.768967790529
188349,2800000.0,2011750.7245329954
188350,700000.0,881586.1008690838
188351,2200.0,-257780.37738613505
188352,257500.0,491040.0916411914
188353,6700.0,432708.5559710609
188354,915000.0,1033482.8029089402
188355,440000.0,765644.279787288
188356,1795.0,54286.50960673485
188357,685000.0,1077270.1803541314
188358,685000.0,1255738.9925173651
188359,220000.0,485893.56896716636
188360,4195.0,-252527.29998977296
188361,940000.0,737317.0761286598
188362,629990.0,688665.8748422787
188363,6425000.0,2644607.479982732
188364,900000.0,876008.386252963
188365,19950000.0,3149167.814943888
188366,495000.0,686501.6745550018
188367,335000.0,544913.8460632144
188368,1230000.0,1074285.4900312237
188369,183713.0,502308.8666927656
188370,530237.0,648442.3448500047
188371,925000.0,823320.6298016869
188372,950000.0,1211355.825502444
188373,3995.0,240155.6147022564
188374,900000.0,1038883.3507656371
188375,225000.0,436914.0465343455
188376,850000.0,1088846.8088034475
188377,451500.0,641716.7953541279
188378,460000.0,931339.1031828765
188379,800000.0,1186342.004418956
188380,390000.0,877399.9751161356
188381,505000.0,594132.0597714689
188382,1830000.0,1923983.2202792913
188383,300000.0,507360.4614685867
188384,820000.0,978529.8446529834
188385,1618200.0,1387811.6919941884
188386,350000.0,677350.4301246647
188387,560000.0,989658.202756145
188388,235000.0,568391.3125809338
188389,2611500.0,1744717.4665857004
188390,178800.0,628861.0309986854
188391,475000.0,573991.3536893912
188392,2750000.0,1670926.2049092185
188393,4300000.0,2531493.0919962926
188394,645000.0,619641.1306723561
188395,90000.0,246542.23666427005
188396,625000.0,714424.5312857963
188397,239000.0,100845.786219473
188398,5500.0,352305.0807533264
188399,585000.0,987825.3275329797
188400,500000.0,687116.6185912583
188401,3060000.0,941604.2619062858
188402,435000.0,526000.3323457846
188403,620000.0,760960.127513337
188404,515000.0,637437.2326848721
188405,511500.0,1056217.8956162203
188406,1165000.0,1135579.7116376571
188407,725000.0,926229.7589722266
188408,363600.0,611370.3614936788
188409,675000.0,670714.2919121562
188410,520000.0,413419.41377970856
188411,535000.0,1012509.3784319414
188412,880000.0,939789.4471986145
188413,845000.0,969697.3471258674
188414,6000000.0,3116211.9355800357
188415,475000.0,824900.8616458699
188416,1675000.0,1248320.1843992928
188417,2570000.0,1585520.2618063185
188418,429000.0,585670.506730428
188419,6000.0,259904.90219653025
188420,1650000.0,1144897.412320191
188421,479000.0,716604.2963619651
188422,399900.0,1078608.4880624358
188423,273000.0,571822.0531868013
188424,1725000.0,1506329.1924198298
188425,815000.0,1149571.0155568179
188426,279500.0,676061.1000233209
188427,575000.0,844514.9068628997
188428,405000.0,405446.8215951482
188429,889000.0,1091058.5362735419
188430,1620000.0,1272979.7609356418
188431,205000.0,448565.64914043434
188432,268400.0,496060.7850618055
188433,297000.0,326901.13344844524
188434,2225000.0,1551678.296617669
188435,780000.0,993655.9817691101
188436,1035000.0,1162094.7620088365
188437,300000.0,356230.6700500129
188438,760000.0,942377.6905102655
188439,825000.0,1346307.1133890292
188440,2550000.0,1451784.6284607435
188441,875000.0,1071915.7755809827
188442,485000.0,769496.8067629375
188443,420000.0,767086.070377619
188444,905000.0,908783.521549629
188445,996832.0,1084381.4647815125
188446,1100000.0,859111.1957596727
188447,650000.0,681501.7114737118
188448,440206.0,963599.2050795825
188449,250000.0,646255.2196946889
188450,2650000.0,2174946.5792344334
188451,699000.0,823132.3057199521
188452,1068000.0,909166.089514616
188453,360000.0,718989.3274161825
188454,853000.0,732164.2115213824
188455,485000.0,455255.5736984825
188456,385000.0,431614.7412581239
188457,325000.0,628847.8917613169
188458,575000.0,831423.3757030778
188459,590000.0,815685.1560108531
188460,415000.0,646748.2029659469
188461,1040000.0,1344762.7762703346
188462,520000.0,697744.6037814151
188463,1375000.0,1446834.2462628866
188464,489000.0,639899.8942198185
188465,520000.0,745898.9387017926
188466,3000.0,-71833.79925469402
188467,1110000.0,1182183.707767046
188468,541000.0,1256078.5815055566
188469,5700.0,23915.195969521068
188470,349000.0,1044090.4190660231
188471,515000.0,721076.5787683576
188472,1550000.0,1318309.810000454
188473,835000.0,803132.1927726157
188474,247432.0,599073.5728840148
188475,4400.0,-48955.83171361592
188476,405000.0,423406.4775758991
188477,390000.0,673945.2925397791
188478,350000.0,401364.4762530783
188479,181000.0,607323.955566898
188480,457000.0,640020.8506921129
188481,147115.0,628648.9831731981
188482,960000.0,1060289.0154653527
188483,525000.0,898757.0973152313
188484,620000.0,908909.1266489336
188485,2400000.0,1330801.0537521653
188486,464000.0,784614.7727929028
188487,520000.0,919460.3425817518
188488,266000.0,394990.110364642
188489,640000.0,1091852.550080398
188490,580.0,684965.0548988692
188491,489000.0,819610.2754579401
188492,2050000.0,3372145.184090243
188493,797000.0,707483.6544515602
188494,602940.0,637207.173808123
188495,459500.0,836551.2714944463
188496,3000000.0,1465401.2348877005
188497,720000.0,931472.1154329889
188498,205000.0,552699.0313363904
188499,480000.0,613585.9447888406
188500,815000.0,983720.3876612512
188501,1695.0,-521113.2548848782
188502,1850.0,-119513.90485967323
188503,559000.0,784897.7883031722
188504,2000000.0,821345.9988137204
188505,865000.0,1066894.92460649
188506,701380.0,1103956.862936088
188507,1610000.0,1572436.1740229763
188508,650000.0,793842.0971524166
188509,285000.0,552470.8594607264
188510,350000.0,619162.550516611
188511,295000.0,491670.60216746666
188512,360000.0,572168.2194088642
188513,390000.0,767121.3152663931
188514,410000.0,827146.5529546505
188515,585000.0,611584.2399448799
188516,1203000.0,1237459.3757968852
188517,490000.0,486571.4264285322
188518,4600.0,-157328.7621924635
188519,1657000.0,1046329.971734398
188520,1750000.0,1250300.7473562974
188521,3000000.0,2553095.9895688603
188522,3217153.0,2845532.7124361037
188523,950000.0,1673098.3219553856
188524,342100.0,732864.8092484893
188525,865000.0,1260450.688629983
188526,624900.0,638966.4734643018
188527,415000.0,546120.8872095477
188528,599000.0,995409.9860339044
188529,855000.0,1062127.742407225
188530,600000.0,705345.2033702666
188531,562500.0,978622.1024136571
188532,883500.0,975985.141940509
188533,562000.0,941303.2009272426
188534,307000.0,511523.7560073696
188535,385000.0,636802.9241607217
188536,455000.0,491488.5192166688
188537,370000.0,691647.0312368106
188538,1800.0,-190884.88815268036
188539,550000.0,883614.723991829
188540,410000.0,617322.8437245162
188541,420000.0,1116988.0176166957
188542,275000.0,489058.5372857293
188543,2100.0,-307941.07463119365
188544,1350000.0,964683.5403259015
188545,275000.0,564361.6178892488
188546,460000.0,600770.2608167296
188547,1498000.0,1229184.932162105
188548,215000.0,-318296.91234115325
188549,628000.0,901802.3034944432
188550,905000.0,1001611.9012529198
188551,3995.0,-51007.66611354984
188552,970000.0,1250453.7767341724
188553,671495.0,917783.7578073153
188554,956490.0,930122.7031782651
188555,5150000.0,5213461.937241546
188556,420000.0,781806.8616795652
188557,250000.0,693080.8970385427
188558,280000.0,719943.7787089432
188559,1450000.0,1384302.509070984
188560,1174685.0,1185381.5515896576
188561,637000.0,623514.7632188555
188562,512000.0,1093447.6088122176
188563,418000.0,520820.7131002797
188564,1235000.0,1481646.429712613
188565,584880.0,798064.7902854253
188566,2300.0,-421349.7597902706
188567,1120000.0,991323.43500318
188568,1900000.0,1747771.535824906
188569,845000.0,874031.5201105429
188570,425000.0,627331.552646202
188571,1410000.0,1355850.9922780748
188572,530000.0,602384.925726478
188573,660000.0,463731.7146526594
188574,1100000.0,830587.7601234736
188575,495000.0,668066.3084189687
188576,950000.0,1066321.3580744695
188577,1950.0,-304479.613593895
188578,515000.0,697239.7464651791
188579,1134400.0,1897809.673578146
188580,327000.0,720897.000084539
188581,473000.0,931581.5638920143
188582,100000.0,535021.7484851507
188583,1330000.0,1427848.1310939929
188584,275000.0,383779.83405334875
188585,380000.0,457692.2970421519
188586,515000.0,808695.4220587611
188587,639000.0,973071.8231775947
188588,1175000.0,773223.9100103611
188589,369000.0,634700.8828585884
188590,10000000.0,2632627.1636965415
188591,335000.0,532072.9399598213
188592,7950000.0,3345487.624311992
188593,2500000.0,1876677.4668510724
188594,535900.0,847693.8512634365
188595,940000.0,1086977.264442048
188596,268000.0,508090.15209000744
188597,369900.0,533909.0405102335
188598,15000.0,1328270.1012572674
188599,480000.0,742421.5725868708
188600,329900.0,530078.0388323078
188601,980000.0,962698.5179499388
188602,730000.0,1251521.9516669065
188603,108750.0,494048.52581858356
188604,2175.0,-338045.74433558714
188605,200000.0,566051.2446903624
188606,535000.0,1024351.5294129923
188607,1750000.0,1740079.0325034903
188608,180000.0,526388.2361377068
188609,503000.0,832367.2639445551
188610,210000.0,357884.856551012
188611,2400.0,-450855.11852477584
188612,468000.0,594247.9534715833
188613,323500.0,667604.0960252853
188614,210000.0,436106.0576964151
188615,485000.0,845758.8313270118
188616,175000.0,904461.8225532733
188617,2200000.0,1575396.6540821074
188618,715000.0,998927.361188489
188619,5700000.0,3950200.2815661267
188620,615000.0,783603.357686827
188621,465000.0,613643.1894414248
188622,945000.0,943803.2487958027
188623,140000.0,235348.75868329778
188624,590000.0,844236.147850302
188625,470000.0,868263.0373626202
188626,425000.0,879521.486045762
188627,1950000.0,968392.4022939093
188628,385000.0,453832.6596850194
188629,750000.0,983487.519712314
188630,500000.0,695886.4537847275
188631,1780000.0,1280304.4316731337
188632,310000.0,566558.4041999541
188633,495000.0,709446.9993038764
188634,1230000.0,717838.9308094876
188635,310000.0,497915.9506603619
188636,99000.0,240592.34578861296
188637,554400.0,907480.4814029839
188638,122000.0,869671.3491337057
188639,534900.0,496271.8691634936
188640,1970000.0,1424082.1092832442
188641,350000.0,669988.2302289829
188642,617000.0,886907.5844328376
188643,429995.0,792578.9390678043
188644,29500.0,1437039.9062529877
188645,435000.0,788540.984857263
188646,510000.0,630683.7828119937
188647,305000.0,422695.27476645727
188648,460000.0,998197.1735051908
188649,2400000.0,1401310.8180348463
188650,1035767.0,1180000.4893663395
188651,308000.0,444783.8070081854
188652,1150000.0,2283364.713329384
188653,4100000.0,2935063.8206572323
188654,935000.0,1279601.8166833296
188655,1625000.0,1464930.1681985203
188656,1650000.0,910133.5135680158
188657,2500000.0,1361718.8252610974
188658,795000.0,1749824.1665058332
188659,339000.0,676032.1947045326
188660,727000.0,1011661.0992866652
188661,295000.0,787460.2208217103
188662,580000.0,919505.4535664795
188663,1800000.0,1456941.6348602232
188664,392700.0,447401.0510032503
188665,838171.0,1005765.7567790169
188666,3575000.0,2726913.1723075295
188667,386250.0,383800.21024763584
188668,450000.0,443128.5361670796
188669,715000.0,726141.9978047153
188670,380000.0,311113.81408257876
188671,1040000.0,1228849.7174481368
188672,405000.0,608136.6777438791
188673,120000.0,193151.68977875635
188674,1675000.0,1594274.6551420046
188675,300000.0,328509.17175393924
188676,725000.0,1298161.0665543713
188677,700000.0,1101558.048021393
188678,480000.0,596036.6200729683
188679,535000.0,547384.946117077
188680,2995.0,-4606.347913533449
188681,1150000.0,1127942.8919852432
188682,1170000.0,792332.0013299398
188683,892991.0,1013732.0556399226
188684,1095000.0,1186574.5745696547
188685,1100000.0,1561190.8179489095
188686,552000.0,839968.6760273576
188687,2500.0,-6559.762233967893
188688,310000.0,463113.0326597262
188689,3300000.0,1553952.4107215526
188690,3000000.0,2478028.750205883
188691,340000.0,616517.2456952669
188692,406000.0,603663.6651815614
188693,3298765.0,2332828.496109374
188694,583000.0,424352.76293228474
188695,355000.0,516753.17317772564
188696,3200000.0,2024090.3465750245
188697,835000.0,931813.0406819498
188698,1535000.0,1639091.657579001
188699,340000.0,472716.617747223
188700,940000.0,849795.4917293163
188701,3600000.0,1784905.9373067012
188702,1390000.0,986766.471385844
188703,3195.0,-15228.89809412416
188704,600000.0,1137769.8441964034
188705,3501200.0,1356190.8646138273
188706,373500.0,684717.0164545514
188707,400000.0,829112.5584749309
188708,35000.0,225845.50849614665
188709,619000.0,648856.8121058922
188710,480000.0,702261.392080755
188711,299999.0,330957.7444712883
188712,290000.0,630037.8890449414
188713,775000.0,840064.7564452579
188714,11000.0,-17932.93327316828
188715,337000.0,554714.8428143216
188716,2600.0,-251001.00578227732
188717,993500.0,1169574.632721264
188718,585000.0,1026439.9626381192
188719,520000.0,1099773.2063744422
188720,330000.0,550872.6101871477
188721,1895.0,-310291.88696922734
188722,585000.0,820779.3845390882
188723,370000.0,844074.8779845443
188724,450000.0,806996.3943745513
188725,770000.0,777809.1521762228
188726,645000.0,952075.1868803324
188727,600000.0,721982.9338360373
188728,665000.0,1003816.5319765871
188729,931000.0,534783.350113525
188730,650000.0,936569.3631667271
188731,4635000.0,1947905.4751308197
188732,705000.0,952326.9102415545
188733,610900.0,786983.7163458271
188734,24500000.0,3738898.64906864
188735,1285000.0,1274439.1746914126
188736,480000.0,751144.5713474061
188737,440000.0,971941.2325167563
188738,280000.0,553795.7118181046
188739,860000.0,1049361.8450148487
188740,2225000.0,1829979.4244449362
188741,435000.0,470813.39686615206
188742,840000.0,780006.607064439
188743,710000.0,710511.6553420201
188744,2800000.0,1076164.9657227062
188745,475900.0,449876.519328461
188746,7500.0,427977.4796981774
188747,1175000.0,1413693.5395810977
188748,650000.0,811397.8840762265
188749,175100.0,580969.6260700971
188750,1400000.0,1880506.6097791893
188751,7500.0,272889.92976770364
188752,45000.0,486464.9454519171
188753,445000.0,1086688.2119091786
188754,564900.0,409400.23615648784
188755,1080000.0,992884.5580789465
188756,3100000.0,2079944.8595265178
188757,550000.0,861657.6467426922
188758,499000.0,1007964.6123321215
188759,205000.0,396141.05271696206
188760,546000.0,493498.90786382183
188761,2050.0,-261963.01503133588
188762,700000.0,990333.1079796646
188763,581212.0,698419.5675767185
188764,2650000.0,1745144.6329675214
188765,135000.0,472244.77355652116
188766,15000.0,549965.5417697243
188767,27500.0,430168.11575375777
188768,255000.0,207713.52042664494
188769,530000.0,411798.4024895411
188770,5700000.0,2761264.3175292597
188771,300000.0,241809.41520247888
188772,1170000.0,1329880.7820758363
188773,565000.0,781682.1682549827
188774,320000.0,307176.5797425732
188775,5600000.0,2161187.0938054016
188776,850000.0,585910.499251496
188777,1660000.0,1741233.4590121293
188778,400000.0,755838.5946200956
188779,3397687.0,1952891.5060190875
188780,425000.0,491961.89787198044
188781,375000.0,658867.0059824111
188782,453000.0,630435.9068951719
188783,415000.0,522299.3753614146
188784,799999.0,1090711.5326075256
188785,510000.0,362259.64847986866
188786,280000.0,746487.6693365304
188787,1250000.0,975140.9914960377
188788,565000.0,529154.0541157341
188789,1600000.0,1040232.6919170292
188790,520000.0,1316629.850852739
188791,406000.0,453785.83684874326
188792,540000.0,798214.1529230364
188793,5995000.0,1753569.6882088464
188794,605000.0,676834.4875611765
188795,2950.0,-262471.86493727285
188796,850000.0,1130801.807160357
188797,2500.0,-384288.5102491006
188798,770000.0,755807.0792612042
188799,160000.0,611675.3576431023
188800,719000.0,980507.4114087028
188801,525000.0,460005.093920514
188802,1200000.0,1564784.6692255689
188803,54000.0,70579.51451894734
188804,1200000.0,1077664.8191861426
188805,314000.0,634151.067132121
188806,472500.0,502660.3716612924
188807,340000.0,801119.7130374191
188808,250000.0,405196.1155482279
188809,400000.0,485062.7957414733
188810,450000.0,487169.0821902789
188811,130000.0,484418.08543626685
188812,180000.0,-194367222.03187072
188813,880000.0,883695.5810819985
188814,280000.0,561128.0595553229
188815,338000.0,676710.627876604
188816,692000.0,1332673.980930238
188817,328000.0,541760.5750447335
188818,535000.0,931138.0216635941
188819,515000.0,619100.9913945906
188820,500000.0,1183815.0806435943
188821,375000.0,648239.4353051307
188822,155000.0,606264.0787405288
188823,317000.0,357373.5600592261
188824,1800000.0,1812716.865576597
188825,2100000.0,1243811.062496286
188826,515000.0,919957.4795038207
188827,3700.0,55425.65884858463
188828,1680.0,-129016.87987038027
188829,2900.0,-229365.6623709835
188830,550000.0,796339.8964242749
188831,505000.0,699607.9258099804
188832,220507.35,479302.0392813459
188833,1589308.0,1451619.5802609185
188834,1675835.0,1443558.404493546
188835,133000.0,683783.219865486
188836,300000.0,565024.757803984
188837,2800.0,-183091.95613831654
188838,260000.0,427018.58694729116
188839,40000.0,476621.53277703375
188840,865000.0,913672.2641477333
188841,4000.0,457596.72845331486
188842,127500.0,284549.5324864425
188843,595000.0,1527621.461791507
188844,3000000.0,920394.8421845138
