,model,MdAPE,MAPE,R2,MAE,MSE,RMSE
0,Ridge Regression- Baseline model,36.51548416454368,19.81164209879637,-1.1274152520410365,306334.95537627256,1173522079354.012,1083292.240973788
1,Decision Tree Regressor,16.84885989756955,0.40714547098905507,0.7923263558700199,174270.62015282747,114556669861.52565,338462.21334371384
2,Decision Tree Regressor,10.183907594900909,0.34841950192620297,0.890564967921004,118806.65620931056,60366412375.91309,245695.77199437743
