,Actual,Predicted
172329,4100.0,4129.6866666666665
172332,245000.0,277469.6666666667
172333,1175000.0,1204696.3033333332
172335,340000.0,387556.85
172336,392500.0,394218.3
172338,865000.0,884374.9566666667
172342,620000.0,637001.4633333334
172343,2900000.0,2291077.3833333333
172344,4300.0,4964.52
172347,960000.0,1251870.8333333333
172360,2305000.0,2924813.5166666666
172367,670000.0,647096.3333333334
172371,710000.0,880647.43
172374,245000.0,306006.3333333333
172376,1850000.0,1293704.0133333334
172390,4200.0,4203.69
172391,2190000.0,1718469.8333333333
172395,7400000.0,5164057.777777778
172398,510000.0,753002.0
172404,24000.0,14733.215277777777
172409,820000.0,1438227.6666666667
172414,4000.0,3953.94
172416,751000.0,783055.15
172417,1425000.0,1663396.6666666667
172419,19000000.0,5077888.2
172423,870000.0,882853.3233333334
172424,6500.0,6511.746666666667
172425,1995.0,1752.0127777777775
172427,600000.0,578371.8366666667
172433,1325000.0,1135580.9966666666
172434,2995.0,2871.040033333333
172436,3300.0,3272.3966666666665
172437,5995.0,5791.14
172438,2550.0,167207.53055555557
172439,1800.0,2289.7344444444448
172441,2200.0,2147.5133333333333
172444,3000.0,2983.695555555556
172447,600000.0,620910.2777777778
172449,1175.0,1768.9259523809526
172450,3423.0,3767.1583333333333
172456,1795.0,2008.7338888888887
172458,2400.0,2773.5277777777774
172461,2700.0,3164.06
172462,1250000.0,1412008.78
172465,3500.0,3544.92
172468,5595.0,5652.6
172469,5000.0,4431.363333333334
172471,4000.0,3912.95
172473,6825000.0,3258661.816666667
172474,1500.0,1649.8013347763342
172475,1850000.0,1484686.7333333334
172478,3000000.0,2907701.6666666665
172480,1999.0,1949.4238888888892
172482,3050.0,3270.653333333333
172483,725.0,1669.1577777777777
172489,2845.0,2912.9133333333334
172490,382200.0,663897.0233333333
172495,1310000.0,1540179.2266666666
172496,2775.0,3471.49
172511,6400.0,5965.161111111111
172513,850000.0,830420.89
172514,2695.0,2888.5855555555554
172515,2000.0,2146.07
172521,510000.0,666993.75
172522,2890.0,2741.4086666666667
172523,4500.0,5162.507777777778
172526,1589000.0,1747594.1333333333
172527,1025000.0,1256980.7433333334
172532,3275.0,3776.37
172533,1850.0,1946.136666666667
172536,2800.0,2879.5333333333333
172541,2599.0,4135.86
172542,575000.0,823146.67
172544,255000.0,372774.84
172545,816000.0,879361.54
172546,255000.0,333500.68333333335
172548,3100000.0,2140250.0
172549,2900.0,6519.106666666667
172552,4000.0,5554.0
172553,2895.0,2691.8333333333335
172554,3095.0,3246.305555555555
172556,1695.0,1609.6366666666668
172558,1695.0,1829.6492063492067
172560,6300.0,6219.416666666667
172561,7500.0,7157.8
172566,1700000.0,1441956.1666666667
172569,3200.0,3445.2261111111106
172570,850000.0,636321.3966666666
172571,4300.0,4270.55
172574,820000.0,880348.6066666667
172578,3100.0,2903.4783333333335
172584,3400.0,4362.181388888888
172588,4350.0,4398.4944444444445
172589,4000.0,3990.29
172592,5300.0,5234.2
172595,3650000.0,3030312.9166666665
172596,27500000.0,5110882.766666668
172598,2295.0,1876.8783333333333
172602,14800.0,21696.727777777778
172603,45000.0,168885.2
172607,4800.0,4744.766666666666
172609,3200.0,2645.171111111111
172610,6200000.0,4714132.0
172612,1950.0,1734.8138888888889
172613,5000.0,4448.53
172618,6000.0,6519.375
172621,2950.0,3146.5419047619052
172622,25000.0,23708.144444444442
172623,4900.0,5355.605555555556
172626,2900.0,2340.9375
172627,3850.0,4253.306666666666
172630,3050000.0,2832718.7666666666
172632,690000.0,791820.9333333333
172633,650000.0,1833442.4
172634,3100.0,2929.2633333333333
172635,3600.0,3737.2366666666667
172636,1990.0,2034.733333333333
172639,10000.0,7975.751666666667
172641,185000.0,311366.27777777775
172642,6200.0,6719.916666666667
172643,6950.0,6747.241666666667
172644,4350.0,4494.863333333334
172646,6000.0,5028.95
172647,900000.0,1183772.5466666666
172649,325000.0,340609.077
172651,2800.0,2771.0666666666666
172656,1300.0,1750.4931111111111
172657,4000.0,3265.5066666666667
172661,2350.0,2522.94
172663,3600.0,3272.94
172664,1200000.0,1363274.2222222222
172666,3250.0,3514.4119047619047
172667,1225000.0,1052115.5433333332
172668,2900.0,2976.9066666666668
172669,6100.0,5600.45
172670,4000.0,4167.64
172671,4250.0,4225.89
172673,6995.0,7178.316666666667
172674,3900.0,3871.0
172676,9500.0,9060.273333333333
172677,4000.0,3681.4
172679,5250.0,5091.243333333333
172680,10000.0,7965.81111111111
172681,3600.0,3896.86
172695,536500.0,530012.0
172697,4600.0,4270.96
172699,17000.0,13103.95125
172702,10500.0,9391.197777777777
172703,3800.0,3708.15
172704,4800.0,4523.052777777778
172708,3500.0,3224.06
172713,530000.0,542420.1233333333
172716,7000.0,7459.95
172719,8500.0,8206.357222222221
172720,460000.0,449513.50391534396
172722,7000.0,6962.733333333334
172723,4500.0,4563.852222222223
172727,3100.0,2776.096666666667
172739,4200.0,4218.85
172740,4400.0,4622.413333333333
172741,2795.0,2739.6666666666665
172742,359900.0,324198.24666666664
172743,12000.0,8012.31388888889
172745,410000.0,415900.5
172746,2895.0,2923.6555555555556
172753,7475.0,12769.122222222222
172754,2400.0,2839.11
172755,655000.0,623456.1666666666
172756,2595.0,3545.3384
172760,5500.0,5918.283333333334
172762,3500.0,4346.183333333333
172767,1625000.0,1567502.1133333333
172768,1769000.0,1402500.0833333333
172770,3320000.0,2881664.1666666665
172772,3800.0,3594.4466666666667
172774,5000.0,5197.816666666667
172775,440000.0,979276.6666666666
172777,722000.0,743159.1666666666
172778,1000.0,1644.9288888888889
172780,8400.0,12906.272222222222
172784,5900.0,7506.381388888888
172787,3200.0,3733.41
172790,455000.0,453077.43333333335
172793,3595.0,3251.09
172804,2500000.0,1299265.79
172806,2900.0,2681.7008333333333
172807,1375000.0,1894466.8347000002
172809,840000.0,925663.4733333334
172815,1940000.0,1748582.0333333334
172823,950000.0,977797.85
172824,930000.0,874752.4433333334
172826,950000.0,1405590.2333333334
172830,3250.0,3740.95
172831,4550.0,4557.277777777777
172833,3800.0,4020.6374444444455
172837,300000.0,665896.6666666666
172838,5700.0,5716.056666666666
172839,3200.0,3222.2811111111114
172843,6500.0,7130.53
172844,5500.0,4981.833333333333
172845,6500.0,4244.883333333333
172847,1700.0,1828.8133333333333
172850,640000.0,536570.8833333333
172851,3850.0,3521.75
172856,853000.0,962527.96
172862,1300000.0,1243924.7
172870,6300.0,5893.283333333334
172871,1660000.0,1415188.82
172878,5700.0,4989.9766666666665
172881,1800.0,6258.25
172885,6300.0,5535.5
172888,1185000.0,1058099.1266666667
172891,9000.0,7732.438888888888
172892,800000.0,699183.2222222222
172896,2600.0,2360.151111111111
172897,1500.0,1749.0180952380954
172900,415000.0,458082.0
172903,3000.0,3412.3884126984126
172906,6500.0,6103.913333333333
172910,6200.0,5918.246666666667
172912,1850000.0,1827549.05
172913,2800000.0,1805004.5
172925,2500.0,4477.258333333333
172933,8500.0,8734.303333333333
172937,8000.0,9025.616666666667
172941,199849.0,510749.67333333334
172944,12700.0,10722.808888888889
172948,245000.0,356582.34
172950,2750000.0,2561268.683333333
172952,1400000.0,1131370.64
172957,395000.0,667589.6
172960,25000.0,19056.4
172961,7125000.0,5237122.3
172965,4300.0,4425.805555555556
172971,2600.0,2244.3911904761903
172977,3400.0,3355.7466666666664
172979,1385000.0,1402088.2266666666
172980,2395.0,2503.6466666666665
172983,1650000.0,1613949.1666666667
172986,3100.0,4687.3180555555555
172992,3500.0,3658.8433333333332
173000,940000.0,1119368.3333333333
173001,2995.0,3597.673333333333
173005,2400.0,2013.63
173011,5000.0,4319.983333333334
173012,3750.0,3230.133333333333
173015,9200.0,7330.766666666666
173018,7500.0,8900.73
173019,2495.0,2472.6673015873016
173021,1600.0,1974.7022222222224
173023,840000.0,949572.5166666667
173026,2450000.0,2773358.3333333335
173027,1850000.0,1739522.9988888889
173028,6500.0,5892.320833333333
173029,2700.0,2351.545476190476
173033,5500.0,5530.722222222222
173039,632000.0,617245.6333333333
173042,2000.0,2349.718888888889
173044,4500.0,4482.033333333334
173046,6100.0,9913.168055555556
173047,6300.0,6383.047666666667
173049,6150.0,5154.163333333333
173052,3500.0,3545.0388888888883
173055,4900.0,4898.326666666667
173057,11500.0,14135.370793650793
173058,9500.0,9117.54
173061,6000.0,6035.516666666666
173064,3300.0,3061.6433333333334
173066,4500.0,4425.61
173074,5600.0,5616.194444444444
173077,2100.0,2146.034603174603
173079,5700.0,5127.35
173087,2200.0,2689.6833333333334
173089,36693.55,62879.333333333336
173091,3250.0,3645.6
173092,7000.0,6199.316666666667
173095,2800.0,5551.001666666667
173097,885000.0,845924.2566666667
173098,2075000.0,2120227.513333333
173100,12000.0,8381.67888888889
173101,14000.0,9303.48
173108,2500.0,2463.3
173110,138306.45,291001.8333333333
173113,1195.0,1650.0082101232101
173115,330000.0,408728.24333333335
173116,2900.0,2070.0055555555555
173117,3695.0,3649.8316666666665
173119,4295.0,5716.933333333333
173121,482500.0,398838.3
173124,5500.0,5929.23
173125,2300.0,2453.5716666666667
173127,4250.0,5193.665555555555
173133,7800.0,7766.116666666667
173135,570000.0,534053.4966666667
173137,415500.0,558855.3333333334
173139,5200.0,5091.15
173140,5500.0,6112.756666666667
173141,5500.0,21854.197222222225
173142,670000.0,469270.1666666667
173144,6200.0,10560.383333333333
173145,525000.0,688974.6233333333
173146,4850.0,4865.083333333333
173150,1250000.0,1188989.72
173151,848000.0,652096.6477777779
173152,14995.0,10316.916666666666
173153,1174000.0,1409584.9933333334
173154,212000.0,288007.12333333335
173158,2850.0,2635.6983333333333
173164,285000.0,394982.60333333333
173170,1800.0,2687.52
173175,3250.0,3012.8766666666666
173177,2995.0,3273.3166666666666
173178,2200.0,2147.798333333333
173179,2650.0,3108.7566666666667
173182,7950.0,5626.648888888888
173183,775000.0,1114900.0
173185,4100.0,4889.286666666667
173186,5200.0,5463.294444444444
173187,763000.0,680010.5333333333
173191,6500.0,6074.233333333334
173192,5100.0,5067.366666666667
173193,860000.0,1133708.3333333333
173195,4400.0,4547.761111111111
173197,500000.0,736132.1666666666
173200,1000.0,1726.9266666666667
173203,3650.0,3499.1201666666693
173204,401650.0,847177.5
173206,4695.0,50675.666666666664
173207,450000.0,588851.1233333333
173208,4998.0,4740.776666666668
173209,6000.0,5697.15
173213,3500.0,3735.7
173216,5600.0,5528.0
173223,1455000.0,1349064.88
173225,5500.0,5201.233333333334
173228,3800.0,3117.993333333333
173231,3995.0,4618.064444444444
173233,1400000.0,1395539.9133333333
173234,5850.0,5291.741666666667
173238,4900.0,5386.733333333334
173247,3700.0,3804.2166666666667
173250,2495.0,2701.8984666666674
173252,881000.0,850393.9777777777
173253,2500.0,2667.8538888888893
173258,3600.0,4129.4195238095235
173259,5500.0,5065.633333333333
173264,3400.0,3921.0066666666667
173269,835000.0,798676.8666666667
173270,1670000.0,1857660.2203666668
173276,2400.0,2097.206944444444
173279,600000.0,641547.6833333333
173283,560000.0,565239.16
173288,2000000.0,2365387.5433333335
173289,465000.0,478137.99666666664
173291,4300.0,4159.013333333333
173292,4300.0,4284.783333333334
173297,660000.0,766064.3333333334
173300,6500.0,5554.641666666666
173303,4850.0,4698.224444444445
173305,4950.0,5694.573333333334
173306,5000.0,5859.083333333333
173308,4050.0,3533.6016666666665
173310,3500.0,3894.5466666666666
173312,1700.0,1639.2466666666667
173314,3800.0,4210.533333333334
173315,3200.0,2150.383333333333
173322,750000.0,644099.7166666667
173326,730000.0,656002.4819047619
173330,2795.0,2910.64
173334,479000.0,506925.23333333334
173337,3500.0,2748.0833333333335
173344,4000.0,4292.941666666667
173348,575000.0,542893.4166666666
173351,5400.0,4845.89
173359,270000.0,187658.56333333332
173362,2295.0,2078.662222222222
173364,1825.0,1871.3883333333333
173365,881275.0,893481.3333333334
173366,450000.0,551442.7644444444
173373,150000.0,264066.38333333336
173375,1700000.0,2360988.2133333334
173377,7500.0,10145.483333333334
173378,27000.0,13954.466666666667
173379,4330.0,5965.293333333333
173382,2950.0,3549.9166666666665
173383,8000.0,10082.483333333334
173384,1000000.0,1091159.3955555554
173385,5750.0,5557.533333333334
173386,4300.0,5388.163333333333
173388,1350000.0,1532477.7333333334
173390,7900.0,6446.3133333333335
173392,1400.0,1941.1922222222224
173393,1160000.0,1228880.3333333333
173402,4695.0,3712.9133333333334
173406,2250.0,2360.4674074074073
173416,3300.0,3657.51
173419,6400.0,5547.766666666666
173421,2975.0,3794.74
173422,4000.0,3296.11
173423,375000.0,350913.5
173425,1200000.0,1437233.63
173428,620000.0,666207.0
173430,2088.0,2020.3746984126979
173431,510000.0,449923.0
173433,665000.0,598101.19
173435,438200.0,479761.7966666667
173439,850000.0,1642550.42
173442,4900.0,4836.836666666667
173444,283000.0,286552.35
173447,2500.0,2410.766666666667
173449,5500.0,5002.416666666667
173453,389000.0,342593.01666666666
173456,4200.0,4610.046666666667
173458,5995.0,6474.51
173459,2600.0,2354.0575
173460,606800.0,705666.1633333333
173463,1060000.0,1285967.07
173466,1825000.0,1631987.1266666667
173467,5600.0,5803.367777777778
173468,279000.0,398435.33
173471,820000.0,871921.2466666667
173475,1950.0,2175.2311111111107
173478,3100.0,4258.866666666667
173479,6250.0,6136.95
173481,1436460.0,1755423.8833333333
173482,1600.0,2310.1286111111112
173492,890000.0,863873.3333333334
173501,2800.0,2944.443333333333
173504,625650.0,593145.2222222222
173512,2700.0,3101.616666666667
173514,1950.0,2326.177222222222
173515,47500.0,177688.32
173518,8200.0,6967.568888888889
173520,6500.0,5543.583333333333
173527,608000.0,683841.5466666666
173530,899000.0,772946.5366666666
173532,970000.0,1119949.6666666667
173533,2450.0,2485.0541452991456
173534,5890.0,5764.376666666667
173535,900000.0,974378.1266666667
173541,915000.0,1155367.0
173547,1650.0,2449.6435555555554
173551,4900.0,4784.376666666667
173552,3997.0,4359.15
173554,536000.0,502886.6666666667
173558,250000.0,344638.1666666667
173559,5800.0,5435.812222222223
173562,940000.0,926835.0433333333
173564,785000.0,750141.3766666667
173566,2900.0,3029.9
173569,4500000.0,3386777.24
173573,7500.0,7016.033333333334
173583,3800.0,3214.65
173585,1350000.0,1451612.6666666667
173586,1300000.0,807184.1666666666
173587,1850.0,1875.875
173588,429000.0,411412.2033333333
173590,3750.0,3538.0411111111116
173593,1311000.0,1274453.9666666666
173595,1222000.0,1200947.5333333334
173597,3800.0,3887.25
173598,970000.0,877063.3133333334
173605,3795.0,3750.6066666666666
173608,5100.0,5064.423333333333
173609,2000.0,2161.53
173611,5100.0,4569.595833333334
173615,1650.0,1996.1069592592594
173616,3895.0,5239.214444444444
173622,4500.0,4344.075714285715
173624,4000.0,5179.631111111111
173627,3950000.0,2800691.73
173632,2945.0,5081.383333333334
173633,9000.0,8437.95
173636,2400.0,2057.258888888889
173639,431500.0,491576.4666666667
173642,4350.0,4732.203333333333
173643,5445.0,7398.034433333333
173646,10000.0,12694.965555555556
173652,340000.0,553541.21
173657,3200.0,3399.5666666666666
173658,2495.0,2339.6544444444444
173659,1400000.0,1687198.9833333334
173668,343537.0,194109.29333333333
173669,6500.0,7519.066666666667
173670,24700.0,45419.333333333336
173675,625000.0,628377.1666666666
173680,1800.0,2136.06
173689,6300.0,6757.208333333333
173691,1250000.0,1271531.8133333332
173693,3300.0,3026.7166666666667
173698,265000.0,203648.33333333334
173699,4000.0,3071.1744444444444
173701,7750.0,6871.006666666667
173703,1950000.0,2319109.946666667
173704,5200.0,5199.3
173706,10000.0,7754.992222222222
173717,3800.0,3632.78
173718,4500.0,4477.283333333334
173719,8300.0,10154.983333333334
173722,5500.0,4858.55
173724,5000.0,4460.68
173729,2190000.0,2229248.493333333
173731,7000.0,4209.8677777777775
173734,688000.0,683780.6666666666
173737,5000.0,4574.766666666666
173739,6250.0,6349.44
173741,3450.0,2838.923333333333
173744,3200.0,3741.2933333333335
173745,555000.0,546751.1666666666
173751,2500.0,2772.3655555555556
173753,1775000.0,1585156.3466666667
173755,1034550.0,1032818.4766666667
173756,3700.0,3767.0833333333335
173758,2700.0,2805.5833333333335
173760,4900.0,4104.123333333333
173762,2700.0,3002.936388888889
173768,315000.0,262910.3333333333
173769,1800.0,1819.0755555555554
173773,2990.0,3035.5333333333333
173774,395000.0,364561.0403333333
173775,11500.0,11497.78
173776,644000.0,765609.3233333334
173777,3200.0,3360.55
173784,5100.0,4959.5
173786,515000.0,542034.4166666666
173789,1350000.0,1415776.9333333333
173795,925000.0,1036525.3833333333
173798,885000.0,494142.6666666667
173802,2775.0,2295.7572222222225
173805,6300.0,5696.7675
173807,880000.0,888958.7766666666
173812,4500.0,4379.746666666667
173813,3300000.0,2351590.6666666665
173814,345000.0,305679.66333333333
173815,800000.0,1056821.62
173818,960000.0,815540.0
173819,800000.0,922462.0833333334
173821,2000.0,2071.7133333333327
173822,4600.0,5327.433333333333
173823,335000.0,399761.9633333333
173824,1000000.0,889105.18
173830,2650.0,2700.95
173832,2300000.0,2895042.013333333
173833,1700000.0,1343729.99
173837,4800.0,4998.96
173840,1160000.0,1111554.4266666668
173842,2350000.0,2099104.6666666665
173843,3700.0,4084.3166666666666
173844,2550.0,2459.565
173846,2150.0,2340.383333333333
173847,2250.0,1962.5855555555559
173850,1460000.0,2007220.5170333334
173855,2400.0,2286.18
173857,336000.0,461005.31
173868,163250.0,218798.65
173869,2350000.0,2172789.3433333333
173870,205000.0,703500.1266666667
173873,4450.0,4472.153194444445
173874,1725000.0,1479024.1033333333
173881,1277000.0,1211420.72
173882,4500.0,4425.366666666667
173886,4000.0,3444.588333333333
173888,15000.0,18361.234444444446
173890,9000.0,7072.33221111111
173891,895000.0,940911.8555555554
173892,7950.0,6879.125
173896,3700.0,3202.05
173898,390000.0,388323.42
173899,360000.0,464541.4533333333
173901,450000.0,457812.6666666667
173902,1167000.0,1081676.4266666668
173909,8000.0,7900.266666666666
173912,4400.0,4827.736666666667
173916,4380000.0,4020629.67
173918,780000.0,746168.15
173919,4990.0,5238.761666666666
173922,1280000.0,1309656.9133333333
173924,875000.0,719126.26
173927,1080000.0,1137547.7944444446
173934,790500.0,848920.6666666666
173936,300000.0,245449.15
173937,2600.0,2425.2388888888886
173939,3300.0,3332.230952380952
173943,375000.0,441066.38666666666
173945,3500.0,4214.903333333334
173949,325000.0,402122.09
173954,3725.0,3647.5633333333335
173956,1500000.0,1299485.52
173970,1650.0,1817.365
173972,336000.0,378424.48
173973,3200.0,2787.6833333333334
173975,525000.0,493833.3333333333
173976,16250.0,17379.9
173981,3099.0,3463.8122222222223
173983,3985000.0,2973464.4633333334
173984,4500.0,3470.866666666667
173986,1775000.0,1402833.6666666667
173989,1915000.0,1469032.7333333334
173990,1700.0,2362.2455555555553
173991,4150.0,3799.5833333333335
173994,900000.0,843220.0
173999,3300.0,3266.866666666667
174001,4000.0,2892.9049444444445
174003,1950.0,2280.4866666666667
174005,1505000.0,1178473.6666666667
174006,1850000.0,1926685.3333333333
174007,515000.0,520846.59955555556
174008,2950.0,4976.714444444445
174013,648000.0,604192.95
174014,4100.0,3850.193333333333
174015,729000.0,735166.6633333333
174020,1266888.0,1268592.3333333333
174022,8500.0,7845.35
174025,3600.0,3779.3403174603172
174030,1057000.0,1310571.92
174038,1860000.0,1770063.1366666667
174043,740000.0,785573.75
174044,3500.0,2374.0304761904763
174047,545000.0,776516.6633333333
174048,2995.0,3199.435
174053,880000.0,689263.3333333334
174055,399000.0,287089.0
174058,6000.0,4805.508333333333
174060,7995.0,8981.283333333333
174061,2600.0,2556.596666666667
174063,1230000.0,1009128.5
174066,850000.0,804905.4733333334
174069,4500.0,4819.41
174072,660000.0,578298.4577777778
174074,570000.0,594811.2833333333
174076,3100.0,2955.255
174077,6250.0,5744.794444444445
174079,5450.0,4512.346666666666
174080,545000.0,513469.9311111111
174082,765000.0,719847.2166666667
174086,1110000.0,984209.16
174090,670000.0,652488.15
174093,870000.0,816174.0
174095,1400000.0,1350517.15
174097,933000.0,1069881.6566666667
174102,6995.0,6537.516666666666
174104,4500.0,4648.576666666667
174105,5650.0,6386.21
174107,3200.0,3269.95
174112,1320000.0,1541678.5633333332
174114,5790.0,5519.883333333333
174115,835000.0,756474.4666666667
174117,1900.0,2322.068333333333
174118,5895.0,6631.68
174121,2895.0,2963.8633333333332
174122,390000.0,416863.0833333333
174125,4800.0,4968.144444444446
174128,3600.0,3520.34
174131,7600.0,6319.38
174134,6300.0,6312.4
174137,6495.0,7044.4366666666665
174139,825000.0,731303.7233333334
174145,2200.0,1986.7747252747254
174147,2195.0,2160.226888888889
174153,3099.0,3207.2166666666667
174154,2600.0,2979.1111111111113
174161,3300.0,3303.7672222222227
174168,1625.0,1694.4706349206344
174170,4000.0,3405.4266666666667
174171,4400.0,3629.165555555555
174172,4600.0,4526.863333333334
174173,4500.0,4682.15
174175,16900.0,17898.584444444445
174179,732000.0,760845.3266666667
174190,1695.0,1788.9599149924136
174191,366000.0,484661.83
174194,1050000.0,1098400.49
174196,3895.0,4430.176666666666
174197,1795.0,1738.341111111111
174200,3395.0,3892.9666666666667
174203,655000.0,657372.6133333333
174204,16800.0,14582.494444444446
174205,2195.0,2176.5929778554782
174206,2195.0,2127.7032049182903
174207,2395.0,2355.1787490287484
174208,510000.0,516016.5
174210,425000.0,600334.26
174214,6200.0,6907.618333333333
174220,4950.0,5601.249999999999
174222,855000.0,1090215.8233333332
174223,981000.0,1004099.3333333334
174225,4500.0,25036.55
174226,1695.0,1732.0105820105819
174227,2195.0,2669.4166666666665
174228,1995.0,2197.7515873015873
174229,2295.0,2394.382222222222
174230,2295.0,2302.6666666666665
174231,4995.0,5225.669907407408
174232,1695.0,1686.1261904761905
174233,1595.0,1648.9088480038479
174234,1595.0,1669.1112433862431
174236,1595.0,1682.7896343471332
174237,1995.0,2122.175949975951
174238,855000.0,783154.0822222222
174239,1995.0,2151.1855209605196
174240,1595.0,1829.6492063492067
174242,1595.0,1693.9634188523896
174243,1965000.0,1999916.7333333334
174244,1895.0,2048.707279757281
174245,2195.0,2198.35
174247,1595.0,1609.6366666666668
174248,3100.0,3073.172222222222
174249,2695.0,2760.184126984128
174250,1495.0,1695.6666666666667
174252,3450.0,3864.9111111111115
174253,2295.0,2312.5833333333335
174254,2695.0,2750.724735449735
174255,850000.0,859946.24
174256,2695.0,2756.845238095237
174257,2295.0,2275.281746031746
174260,3500.0,3724.131444444444
174261,1995.0,2045.5706064306064
174262,1995.0,2098.072287897288
174263,955400.0,1074373.3333333333
174264,2095.0,2066.780026455026
174265,2095.0,2216.9066666666668
174266,1995.0,1844.3883597883598
174267,1895.0,2004.619093314093
174268,1500.0,1840.1572222222221
174270,4995.0,4489.15
174275,3500.0,3724.2166666666667
174277,500000.0,507851.2255555556
174283,5950.0,5703.443333333334
174285,550000.0,564412.6433333333
174286,520000.0,497637.96
174289,2145.0,2808.056666666667
174292,949000.0,782916.5433333333
174293,1048000.0,1050905.0366666666
174298,5000.0,4634.804444444445
174303,7000.0,7560.824444444445
174307,580000.0,647839.1333333333
174309,560000.0,604934.45
174310,2095.0,2449.4804000000004
174313,610000.0,573321.9333333333
174318,5924372.0,3093356.5866666664
174319,420000.0,624917.7666666667
174322,12000.0,11585.816666666668
174323,11000.0,8025.31
174324,1900.0,1990.885
174334,1235000.0,1131382.3333333333
174349,550000.0,534726.7955555555
174353,4500.0,4382.9
174354,6325000.0,4579720.666666667
174360,725000.0,794105.5566666666
174362,1710.0,1873.265555555556
174369,2820000.0,2130930.0
174372,417000.0,555326.3333333334
174378,2900.0,3117.085555555556
174380,560000.0,580542.9166666666
174381,4300.0,4183.34
174385,5500.0,5582.327777777778
174389,1350000.0,1226663.7366666666
174391,8000.0,7704.213333333333
174395,4000.0,3875.9666666666667
174402,915000.0,853650.2680952381
174406,3250.0,3116.1666666666665
174407,820000.0,811399.8833333333
174413,1850000.0,1685079.2833333334
174417,2497.0,2257.983333333333
174421,1450000.0,1743039.5166666666
174422,920000.0,902035.3366666667
174424,648000.0,608807.5166666667
174428,432500.0,487395.8333333333
174429,349000.0,352318.3333333333
174431,1800.0,2941.6766666666667
174432,2110000.0,1576546.4833333334
174436,3950.0,3766.05
174440,935000.0,1242911.86
174441,3800.0,3572.3433333333332
174447,745000.0,749647.0
174448,699000.0,699714.83
174451,820000.0,689771.3633333333
174452,5750.0,5042.1466666666665
174453,490000.0,524100.88888888893
174454,2305000.0,1927124.7333333334
174455,1995.0,3216.2569444444443
174456,1350000.0,1032287.3333333334
174458,775000.0,773767.9933333333
174460,970000.0,823976.2666666667
174464,1850000.0,1662692.5333333334
174465,725.0,1665.4133333333332
174466,2200.0,2234.434444444444
174467,940000.0,969346.1622222221
174475,3050.0,2954.2022222222226
174476,1550000.0,1194275.1462666667
174479,3500.0,3658.0466666666666
174484,510001.0,462492.3
174485,510000.0,464844.99666666664
174491,605000.0,728233.5966666667
174493,1745000.0,1281652.0833333333
174494,640000.0,678840.0
174496,5600.0,6257.616666666667
174502,2450000.0,2159212.66
174505,915000.0,1162773.75
174506,729000.0,724383.3333333334
174510,1315000.0,1339196.4966666666
174511,6800.0,6795.01
174514,925000.0,959781.8333333334
174517,610000.0,575870.1666666666
174519,215000.0,321448.6666666667
174520,430000.0,800329.31
174521,4700.0,4494.683333333333
174522,2600.0,2442.0720634920635
174526,3200.0,3915.5633333333335
174527,1275000.0,981846.5896666668
174531,3950.0,4825.143555555555
174532,484000.0,631436.0233333333
174538,2475.0,2539.5133333333333
174539,2250.0,2185.6111111111113
174541,4800.0,4686.066666666667
174545,3000.0,2963.922222222222
174552,1065000.0,1035181.85
174561,5700.0,6146.6033333333335
174563,7000.0,5768.24
174570,1050000.0,1077800.0
174572,5500.0,5812.2
174573,2045000.0,2722481.38
174577,3100.0,2893.25
174585,2300.0,2840.065833333333
174586,485000.0,199068.33333333334
174593,7500.0,6590.733333333334
174594,2200.0,2148.2402777777775
174595,4850.0,6040.467777777778
174598,1050000.0,1155168.1
174600,1850.0,1878.7777777777776
174603,2100.0,2056.700476190476
174604,5150.0,5894.276666666667
174608,6800.0,7983.8
174612,385000.0,468734.75666666665
174613,751800.0,980033.4966666667
174618,405000.0,504353.43666666665
174628,2195.0,2478.4244444444444
174629,772000.0,1095940.15
174633,2900.0,2553.9666666666667
174635,745000.0,738581.2222222221
174636,299900.0,322983.96
174638,2400.0,2291.2244444444445
174641,3250.0,3087.4166666666665
174645,6300.0,6668.333333333333
174646,1800.0,1681.090202020202
174647,3500.0,4060.9691666666668
174648,412900.0,443835.6666666667
174654,2600.0,2093.347857142857
174655,750000.0,744444.8633333333
174657,1625000.0,1557653.4933333334
174660,340000.0,451152.3333333333
174661,7500.0,6711.433333333333
174667,1725000.0,1868079.2655555555
174676,4550.0,4367.343333333333
174678,1680000.0,1632297.4933333334
174679,540000.0,564287.7933333333
174683,1200000.0,1164493.3333333333
174688,2200.0,2082.6552698412697
174689,880000.0,737782.4533333334
174691,535000.0,533033.5333333333
174692,2350.0,2394.9766666666665
174693,3500.0,4549.796666666667
174698,2710000.0,1820028.3333333333
174699,1250000.0,887638.75
174701,565000.0,638307.4066666666
174702,705000.0,695966.6
174705,3800.0,3350.652222222222
174707,6100.0,6776.1466666666665
174708,766590.0,706307.7333333333
174710,1137000.0,1152536.9290666669
174712,4500.0,5107.302222222223
174714,4700.0,5573.746666666667
174716,2200.0,1799.248888888889
174717,1605000.0,961924.0466666666
174724,1995.0,2518.41896984127
174725,4450000.0,4284192.726666667
174726,1115000.0,1141745.0
174728,2200000.0,1612359.0966666667
174733,425000.0,522814.79333333333
174740,3295.0,3324.24351851852
174745,675000.0,683978.6666666666
174750,5700.0,4218.7266666666665
174752,1058000.0,857382.5333333333
174753,600000.0,577900.6266666667
174761,1000000.0,1097780.28
174762,1175000.0,1078511.3333333333
174764,1680000.0,1398461.46
174766,640000.0,614120.0
174768,454000.0,505144.02
174771,949000.0,728720.0
174774,3900.0,3773.09
174778,2250.0,2168.31875
174797,1613846.0,1300772.1166666667
174798,7400.0,8114.936111111112
174800,940000.0,868811.34
174801,1987375.0,1175796.6766666668
174806,1170000.0,1009435.6566666666
174808,2600.0,2887.516666666667
174811,2450.0,2650.9333333333334
174812,915000.0,800635.4
174816,560000.0,557827.4666666667
174820,5300.0,4933.266666666666
174821,400000.0,540758.43
174822,670000.0,709351.7166666667
174823,2500.0,2516.4333333333334
174824,3900.0,4362.085555555555
174825,1275000.0,803109.2
174832,440000.0,430859.49666666664
174833,574900.0,581697.6533333333
174835,255000.0,817502.6633333333
174838,7000.0,5644.033333333334
174839,1250000.0,1223027.7733333334
174846,2695.0,3210.5391666666665
174847,1550000.0,1245780.33
174848,540000.0,504491.62333333335
174850,3100.0,3312.45
174851,677000.0,719358.0166666667
174855,985000.0,965203.4366666666
174860,3300.0,3672.9416666666666
174864,515000.0,500792.1566666667
174866,3850.0,4948.350952380953
174869,3180000.0,3453771.15
174870,2995.0,3245.504944444445
174871,365000.0,333866.02
174872,414900.0,406839.75333333336
174873,5000.0,5080.07111111111
174879,605000.0,635320.0
174882,275000.0,467980.22
174886,3500.0,3756.61
174891,2300.0,2369.155555555556
174896,3750.0,2550.9266666666667
174897,1400.0,2856.4222222222224
174898,905000.0,874420.51
174899,4300.0,4328.993333333333
174900,680000.0,842613.05
174901,2000.0,2117.2325925925925
174907,5100.0,4477.216666666666
174908,2700.0,2795.97
174909,3500.0,3546.18
174918,750000.0,764054.3233333334
174919,3000.0,2947.6188888888887
174920,297000.0,310841.86666666664
174921,1289000.0,1051359.9766666666
174922,600000.0,558580.96
174923,1358000.0,1592569.1833333333
174925,900000.0,1029523.8633333333
174929,675000.0,685791.0266666666
174930,1060000.0,1001660.1666666666
174932,585000.0,616061.4066666666
174933,3000.0,3222.4388888888893
174935,470000.0,553412.54
174936,1650000.0,1361721.6933333334
174937,3000.0,3879.6530333333344
174939,470000.0,378723.0
174940,3128000.0,2876194.9166666665
174945,13500.0,16007.6
174946,3795.0,3429.53
174953,1352000.0,1149489.1066666667
174962,2395.0,2393.016666666667
174964,2295.0,2393.8
174967,3350.0,4149.48
174968,2575000.0,2483796.05
174969,825000.0,826106.38
174974,2000.0,2204.620476190476
174977,3500.0,5233.235555555555
174985,302000.0,472409.18333333335
174990,1175000.0,1183576.4266666668
174991,1415000.0,1000266.0
174995,1860000.0,1825334.1666666667
174996,4200.0,10489.986666666666
174997,800000.0,781996.5
175000,935000.0,914025.0
175002,4900.0,4074.7233333333334
175004,1010001.0,984958.4866666667
175007,3100.0,2656.1755555555555
175009,2900.0,2672.5988888888887
175010,1215000.0,1313016.9
175012,2900.0,2672.5988888888887
175018,5300.0,5147.4
175020,1698000.0,1555180.32
175031,1590000.0,1942104.6066
175035,2750.0,3324.9905555555556
175037,1895000.0,1238568.5000333334
175041,695000.0,674895.9766666667
175043,2530000.0,2627343.763333333
175045,429000.0,426762.66333333333
175046,3350000.0,2764774.6133333333
175048,4500020.0,2981455.88
175053,5800.0,4989.568333333334
175054,510000.0,470156.66
175055,384000.0,374474.3333333333
175056,8800.0,8114.956666666667
175058,2995.0,3518.85
175070,990000.0,1077098.3333333333
175071,2150.0,2539.072222222222
175076,810000.0,713367.8333333334
175079,1850000.0,1739445.4433333334
175084,660000.0,668095.1466666666
175092,910000.0,560079.3333333334
175095,3300.0,3273.8966666666665
175101,4450.0,4649.2555555555555
175102,520000.0,515686.6666666667
175103,1950000.0,2103218.2266666666
175104,1735000.0,1677758.32
175106,1850000.0,1572184.9599666668
175109,3200.0,3696.8966666666665
175110,2150000.0,1759655.0
175111,725000.0,742585.9933333333
175113,929000.0,843837.6666666666
175114,945000.0,1178875.0
175116,1867500.0,1512766.14
175118,3450.0,3680.4766666666665
175121,1610000.0,1543182.6666666667
175125,12000.0,8248.820833333333
175126,2500.0,2753.3783333333336
175131,600000.0,774400.5555555555
175133,4980.0,4713.466666666666
175134,825000.0,784784.83
175139,1520000.0,1074529.6
175141,1050000.0,1213087.0
175151,1380000.0,1298652.1666666667
175153,3950.0,4550.05
175154,4500.0,6985.616666666667
175155,490000.0,496406.23333333334
175157,899000.0,767954.3066666666
175160,3400.0,2600.9583333333335
175164,1440000.0,1607760.57
175166,1600000.0,1466221.3666666667
175167,1950.0,2420.45
175168,1210000.0,1325694.2666666666
175170,1470000.0,1450481.9833333334
175171,520000.0,550123.3333333334
175172,2390000.0,1760142.08
175173,4310000.0,4271855.87
175180,320000.0,272728.1
175181,675000.0,650891.3333333334
175182,1229000.0,1196788.93
175187,2725125.0,2546630.8333333335
175188,475000.0,399543.5277777778
175189,6200.0,5409.995
175190,1350.0,2550.922222222222
175194,2562500.0,2381413.6266666665
175195,1175000.0,1118630.0266666666
175196,480000.0,674976.6666666666
175197,1240000.0,1189041.2393333334
175200,420000.0,437986.49666666664
175209,1250000.0,1072857.1866666668
175210,480000.0,496631.7966666667
175212,1195000.0,1103385.7966666666
175213,875000.0,862899.46
175215,6600.0,6751.233333333334
175216,900000.0,860583.62
175220,4500.0,4372.8
175221,555000.0,669801.59
175228,1135000.0,1317536.3
175230,1975.0,2005.8685333333335
175234,1539000.0,1394542.1266666667
175235,2495.0,2503.915
175237,3600.0,3540.67
175241,4550.0,4623.727777777777
175244,1775000.0,1766277.9869000004
175245,879800.0,902654.5722222221
175246,751000.0,788940.7511111111
175250,830000.0,761746.2266666667
175251,360000.0,484533.29
175263,1100000.0,1108252.3333333333
175265,525000.0,508283.48
175267,4700.0,7643.216666666666
175268,4550.0,5527.996666666667
175271,875000.0,860857.1466666666
175272,1595000.0,1918602.4281666668
175275,1300000.0,1135572.6
175276,2195.0,2472.2069444444446
175283,5900.0,5930.656666666667
175285,925000.0,854254.6633333333
175288,756600.0,744183.8
175292,4600.0,4795.24
175300,525000.0,472239.0
175304,865000.0,784022.8333333334
175309,574000.0,543002.1666666666
175310,559990.0,571982.9
175311,555814.0,538733.38
175313,740000.0,834033.3333333334
175315,3000.0,3645.8866666666668
175318,2680000.0,2832279.2466666666
175319,699000.0,701019.1666666666
175323,6000.0,5992.8133333333335
175327,825000.0,828244.87
175331,2695.0,2453.005396825397
175334,2400.0,1967.035
175335,2300.0,2576.77626984127
175344,184900.0,132955.33333333334
175346,5800.0,6951.722222222222
175349,2795.0,2299.7766666666666
175350,2795.0,2295.8433333333332
175360,3350.0,3483.7655555555557
175361,1160000.0,1066233.3666666667
175363,3600.0,3485.0222222222224
175364,5250.0,5018.283333333334
175368,295000.0,285169.1533333333
175369,3100.0,3809.516666666667
175370,558000.0,661840.6333333333
175371,946000.0,974730.3966666666
175373,1220000.0,1246741.71
175374,4200.0,3691.06
175377,669000.0,693670.7866666666
175380,1130000.0,1339768.4933333334
175381,4800.0,5038.322222222222
175391,1000000.0,945647.0
175392,925000.0,859104.98
175394,1396000.0,1106153.0
175396,1405000.0,1484974.0
175397,900000.0,908916.111111111
175404,3200.0,3283.9966666666664
175407,1100000.0,1460507.7933333332
175408,875000.0,810160.2655555556
175413,650000.0,784615.6666666666
175415,525000.0,540573.6666666666
175416,6500.0,5698.0633333333335
175421,1600.0,1748.4583333333333
175425,585000.0,609591.5022222223
175427,860000.0,888085.71
175428,5500.0,4452.443333333334
175430,1290000.0,1402847.5
175438,790000.0,788205.17
175440,3400.0,3681.045555555555
175444,616000.0,598698.2533333333
175451,1335000.0,1491550.0833333333
175452,3330.0,3599.9888888888886
175454,1500000.0,1072135.33
175458,4920000.0,2579046.933333333
175460,755000.0,813182.5666666667
175461,776888.0,623687.3333333334
175462,1430000.0,1314525.6666666667
175467,4300.0,4801.958333333333
175470,1495000.0,2285691.7333333334
175471,1349000.0,1260660.72
175476,1200000.0,878445.2266666667
175480,5750.0,4249.433333333333
175483,449000.0,523427.01
175488,2360000.0,2265348.8666666667
175489,630000.0,702571.7333333333
175492,4400.0,4428.35
175496,3000.0,3645.8866666666668
175503,2575.0,2569.1633333333334
175506,3500000.0,4058533.06
175508,4600.0,4397.355555555555
175523,985000.0,1079215.6366666667
175532,2200.0,2079.7877777777776
175535,3495.0,3005.3333333333335
175539,1235000.0,1063988.6633333333
175541,1045000.0,931129.82
175547,250000.0,390576.24
175549,485000.0,486012.59
175550,1830000.0,1537230.0
175551,6200.0,5990.847777777777
175560,2250.0,2195.6877777777777
175564,550000.0,540702.06
175571,1415000.0,1271218.5
175574,3200.0,3791.5833333333335
175575,1320000.0,1583861.51
175579,1899.0,2060.6094444444448
175581,689000.0,698809.91
175590,499800.0,489007.3333333333
175592,3850.0,3713.116666666667
175593,780000.0,735471.55
175595,2400.0,2125.3716190476193
175596,399000.0,362905.06333333335
175597,3900.0,4495.953333333333
175602,525000.0,390692.6666666667
175604,6099750.0,3365812.5166666666
175608,1515000.0,1472392.2966666666
175610,1080000.0,1192684.5333333334
175611,3700.0,3848.7800793650795
175616,630000.0,768868.38
175623,3650.0,3478.4733333333334
175625,695000.0,663490.5633333334
175626,2600.0,2781.9183333333335
175627,2800.0,2740.41
175629,310000.0,438560.13666666666
175632,2950.0,2811.1022222222223
175634,535000.0,494769.35
175635,850000.0,1101852.07
175638,9500.0,10755.538888888888
175639,1239800.0,1240663.3333333333
175647,1850.0,1861.1983333333333
175649,188500.0,335013.7366666667
175652,1995.0,1938.854814814815
175653,1226000.0,1293228.5866666667
175654,925000.0,886094.3366666667
175656,2550000.0,1945643.5066666666
175662,725000.0,758300.0
175664,1300000.0,1185559.4166666667
175665,1190000.0,1308092.4
175679,1487500.0,1291069.5333333334
175681,2350.0,2140.682222222222
175682,625000.0,637404.5866666667
175685,10300.0,11360.130555555557
175687,855000.0,852487.96
175689,4000.0,3926.15
175691,360000.0,552953.5
175692,2795.0,2801.8966666666665
175695,807500.0,784799.61
175697,8600.0,7305.45
175698,5250.0,6232.663333333333
175702,1495.0,1859.9675925925926
175703,3000.0,3538.4844444444448
175709,1750000.0,1376528.3166666667
175719,1100000.0,1067643.3333333333
175720,775000.0,837302.9166666666
175723,379000.0,322186.1666666667
175724,1250000.0,1263278.6266666667
175726,1200000.0,1131844.72
175733,4200.0,4466.76
175734,5000.0,4166.4
175735,2780.0,2999.641111111111
175736,1345000.0,1363813.8166666667
175739,125000.0,184671.48
175741,965000.0,976713.6733333333
175743,848000.0,880964.4444444444
175744,725000.0,675241.5
175749,415000.0,364802.4166666667
175753,6600.0,5707.846666666666
175758,599999.0,658180.66
175759,1448000.0,1342795.6133333333
175760,1330000.0,1486226.1433333333
175761,2000.0,2233.6725396825395
175762,800000.0,829406.2566666667
175763,3495.0,3404.03
175770,1500.0,1696.1991666666668
175774,5500.0,5248.901666666667
175775,890000.0,933481.3722222223
175776,5100.0,5026.161666666667
175777,565000.0,620230.64
175782,775000.0,808413.511111111
175784,1390000.0,1249281.96
175785,1050000.0,1000284.8733333333
175787,2900.0,2896.3277777777776
175789,255000.0,273506.0
175791,7500.0,7215.683333333333
175793,790000.0,787484.36
175800,3600.0,3673.1433333333334
175801,7000.0,6621.016666666666
175804,4800.0,5728.766666666666
175805,2600.0,2315.202222222222
175806,350000.0,345089.6666666667
175809,3300.0,3181.6433333333334
175813,5700.0,4755.89
175814,425000.0,539544.68
175818,4950.0,4876.633333333333
175820,1047500.0,890318.0633333334
175822,2100.0,2143.1227777777776
175826,5650.0,6978.76
175830,1000000.0,1391286.0266666666
175831,1500000.0,1512955.1733333333
175832,6600.0,7180.433333333333
175834,335000.0,312113.4166666667
175835,37500.0,17966.957777777778
175836,694900.0,719711.5333333333
175837,3450.0,4235.8533333333335
175842,4500.0,4045.016666666667
175848,835500.0,815809.7933333333
175857,3600.0,3377.25
175864,215000.0,235496.83333333334
175871,3750.0,4333.611111111111
175872,1335000.0,1382835.0666666667
175877,3900.0,59915.566666666666
175888,690000.0,879688.32
175893,3800.0,4090.766666666667
175894,720000.0,840797.47
175895,3250.0,3006.3333333333335
175907,3500.0,3974.9666666666667
175908,505500.0,462253.4
175911,1375000.0,1308375.7066666668
175915,1199000.0,1234259.85
175917,1625000.0,2171261.6766666668
175923,489000.0,941637.3577777777
175926,1250000.0,943544.32
175927,930000.0,1016663.9522222223
175928,1460000.0,1521284.1666666667
175929,1145000.0,1113704.0366666666
175930,810000.0,828570.5533333333
175932,39000.0,27329.155555555557
175933,785000.0,734471.6666666666
175934,9995.0,9707.838866666667
175936,2200.0,2394.016111111111
175941,685000.0,648173.91
175948,2225000.0,3187145.6666666665
175950,910000.0,915922.6
175951,5950.0,5030.966666666666
175952,1370000.0,1359532.2866666666
175955,450000.0,494609.1666666667
175958,2600.0,2797.4933333333333
175968,1310000.0,1179707.9166666667
175970,4300.0,3652.8133333333335
175977,1170000.0,918102.4466666667
175980,850000.0,789461.3166666667
175983,1684000.0,1615670.83
175985,14500.0,14291.298877777777
175988,1316000.0,1321611.2866666666
175992,360000.0,300103.16333333333
175994,4000.0,4095.713333333333
175998,3925000.0,3597880.9166666665
175999,1150000.0,1155419.31
176000,900000.0,1003728.0
176002,1825000.0,1899024.8
176004,925000.0,866133.65
176006,1010000.0,719898.1666666666
176012,1050000.0,1080615.6333333333
176025,1280000.0,1114749.9466666668
176028,1110000.0,1077956.8833333333
176029,360000.0,385088.6152380952
176031,675000.0,600309.47
176033,1505000.0,1061390.6666666667
176035,749000.0,671380.5733333334
176039,2553.0,5598.354546897547
176040,7500.0,5235.6930555555555
176041,8795.0,9196.8
176042,650000.0,751006.01
176044,1100000.0,986862.96
176047,870000.0,911843.3333333334
176051,729000.0,746366.2936507936
176052,480000.0,447348.86666666664
176054,1360000.0,1450248.4566666668
176056,4400.0,4202.13
176057,1527000.0,1608970.5133333334
176061,950000.0,996241.8333333334
176062,2573000.0,2871271.5979
176065,3300.0,3222.42
176068,2305000.0,2170729.033333333
176070,195000.0,269808.3333333333
176075,850000.0,995200.0
176076,260000.0,315606.85
176077,3500.0,3680.9
176082,3300000.0,2988533.0566666666
176083,718000.0,680386.2
176086,550000.0,583382.9966666667
176091,875000.0,768199.9166666666
176094,915000.0,882525.4533333334
176095,560000.0,553887.2033333334
176097,980000.0,869488.3366666667
176099,1800.0,1966.82
176100,529950.0,585244.8333333334
176101,8000.0,7744.833333333333
176115,598000.0,661111.7833333333
176119,775000.0,741761.8333333334
176121,6410000.0,2445023.8333333335
176128,2500.0,3660.153333333333
176130,15167902.0,4736891.333333333
176137,955000.0,863009.3933333333
176147,1310000.0,1089168.6666666667
176148,500000.0,403764.10444444447
176156,1649000.0,1706279.2766666666
176161,2530000.0,1882122.2777777775
176162,3200.0,3876.1633333333334
176168,999000.0,885605.2533333333
176170,1287500.0,1071267.3
176175,2900.0,3005.6833333333334
176176,519000.0,498832.9677777777
176178,1360000.0,1442441.1066666667
176179,6000.0,5584.326666666667
176180,850000.0,835133.73
176186,345000.0,387244.74333333335
176191,850000.0,810570.7466666667
176192,692500.0,668928.33
176193,2993850.0,2296207.9366666665
176197,1005000.0,839558.65
176200,700000.0,737377.6666666666
176206,780000.0,784351.03
176208,3250000.0,2949886.0366666666
176209,2400000.0,2249688.21
176210,1200.0,2297.95
176216,980000.0,917428.3333333334
176217,9500.0,8734.546666666667
176218,1750000.0,1589313.6266666667
176220,5295.0,5511.85
176221,1775000.0,1427421.28
176222,565000.0,570911.1233333333
176224,925000.0,724464.66
176226,815000.0,794278.6666666666
176227,5000.0,5092.45
176228,2000000.0,1655730.92
176230,2100000.0,2141737.1282333336
176231,3750.0,4436.992619047619
176234,1301500.0,1377428.6
176235,535000.0,531442.1666666666
176237,4450.0,4872.556666666666
176240,557200.0,530087.7
176241,2100.0,2017.5561111111108
176244,2180000.0,3235097.5733333332
176245,1030000.0,869851.23
176257,1100000.0,1028422.6866666666
176264,520000.0,593505.25
176266,2888000.0,2719999.4066666667
176267,1175000.0,996775.6933333334
176273,6200.0,5549.216666666666
176277,13650000.0,5554917.016666667
176286,535000.0,450216.5366666667
176288,4250000.0,4079963.2088888893
176290,1180000.0,1128793.5466666666
176292,1800.0,2431.9422222222224
176293,4292500.0,3345378.3333333335
176294,1299900.0,1468021.4266666668
176295,3850.0,4056.9866666666667
176298,1525000.0,1454373.9366666668
176299,2100000.0,1510932.1166666667
176301,1550000.0,1763753.1033333333
176302,508900.0,507666.24666666664
176304,719000.0,693342.6833333333
176306,5650.0,5453.16
176307,2550.0,2572.848
176309,645000.0,652614.86
176313,870000.0,966349.628888889
176317,1150000.0,1250727.2255555557
176323,1132000.0,1000329.6666666666
176324,1450.0,2291.8496740740743
176327,540000.0,538843.6788888889
176329,950000.0,921142.35
176331,852000.0,875723.4333333333
176335,780000.0,785446.71
176337,1475000.0,2116178.01
176343,960000.0,877302.71
176345,995000.0,913536.6833333333
176346,1249000.0,1749295.8333333333
176351,790000.0,818630.9166666666
176353,2900.0,2857.5761111111115
176362,2400000.0,1533235.74
176365,1600.0,1743.5530952380952
176366,760000.0,763071.8333333334
176373,517000.0,549735.9933333333
176377,1110000.0,1264706.34
176378,4900.0,5449.1
176380,1215000.0,1021441.0
176381,825000.0,766730.75
176384,850000.0,849095.6333333333
176394,1600000.0,1408965.45
176395,1699999.0,1651599.198066667
176396,977500.0,987152.3066666666
176397,3900.0,4270.44
176398,1550000.0,1767228.3333333333
176400,776000.0,802552.8166666667
176401,1468888.0,1333577.8666666667
176404,970000.0,1010559.3333333334
176405,370000.0,413679.4266666667
176407,890000.0,858684.6666666666
176408,780000.0,846950.8566666667
176410,5150.0,4347.784166666666
176412,800000.0,700267.5833333334
176415,648000.0,610527.3333333334
176417,150000.0,228036.0
176420,632000.0,574924.9033333333
176421,780000.0,812333.2366666667
176424,685500.0,687391.3333333334
176426,785000.0,957345.1933333334
176435,1280000.0,1087110.0
176442,410000.0,432389.1666666667
176445,2995.0,2921.6833333333334
176450,650000.0,419061.6666666667
176453,1399900.0,1241215.7333333334
176461,5300.0,5127.45
176470,1900000.0,1996179.3133333332
176482,1595000.0,1637449.85
176484,1620000.0,1108755.8577777778
176485,1175000.0,1089863.0366666666
176486,5500.0,5134.016666666666
176495,274355.0,255440.16666666666
176498,799000.0,757970.19
176500,1725000.0,1741669.1280333337
176504,1348000.0,1015642.2933333333
176506,1240000.0,981041.7533333333
176509,815000.0,765114.13
176513,920000.0,896640.4366666666
176515,7100.0,6514.083333333333
176516,6950.0,6230.588888888889
176520,190000.0,227073.56333333332
176521,1750.0,2078.8033333333333
176522,8000.0,9621.023333333333
176524,1095000.0,1172576.0
176530,829900.0,862938.3111111112
176533,941000.0,904913.3233333334
176535,520000.0,529751.82
176539,545000.0,512410.96
176540,775000.0,776650.3333333334
176545,4612350.0,4204292.1866666665
176546,655000.0,558737.5033333333
176550,1380000.0,1305254.2766666666
176552,600000.0,701875.3333333334
176555,2050000.0,2048551.8575
176556,4700.0,7758.433333333332
176562,1004000.0,891647.3966666666
176563,2900.0,3206.1155555555556
176564,1249000.0,1227742.8866666667
176565,870000.0,1065674.8466666667
176566,5500.0,4894.59
176567,645000.0,552640.6666666666
176568,3650.0,3394.6909523809522
176573,1260000.0,1011740.67
176575,2050000.0,2265901.414566667
176576,1050000.0,984246.4444444444
176580,4950.0,6707.707766666667
176582,1175000.0,1092830.83
176591,2550.0,2450.4866666666667
176592,985000.0,892893.08
176595,300000.0,311094.88333333336
176598,6000.0,6888.083333333333
176604,830000.0,785167.59
176607,1340000.0,1037344.5833333334
176608,4300.0,4322.696666666667
176611,5500.0,5093.733333333334
176616,605000.0,645419.5
176619,990000.0,996361.75
176620,4000.0,3565.423333333333
176621,640000.0,538611.9233333333
176623,871000.0,1018772.8333333334
176624,419500.0,483174.3333333333
176625,1600000.0,1470604.28
176626,499000.0,530099.8333333334
176631,795000.0,941817.0033333333
176632,1650.0,1957.0501587301585
176646,975000.0,1088180.3466666667
176648,339000.0,405011.9266666667
176658,507500.0,485839.75666666665
176660,1060000.0,1101116.2833333334
176662,4500.0,9615.249166666666
176663,1100000.0,1062543.0
176664,2600.0,2326.2308
176667,4365000.0,3399899.777777778
176669,6775000.0,4282111.376666667
176679,3750.0,3668.383333333333
176682,1300000.0,1810934.7433333334
176683,1218000.0,1025560.3333333334
176686,144000.0,160202.33333333334
176687,675000.0,621503.0
176688,8995.0,6889.418888888888
176691,400000.0,555139.6866666666
176692,3500.0,3616.5833333333335
176695,869000.0,1038456.3788888888
176703,4900.0,4928.053333333333
176706,560000.0,563271.0
176713,1275000.0,1286296.7433333334
176715,750000.0,717737.6666666666
176716,745000.0,764546.1933333334
176720,2750.0,3812.9283333333333
176736,2875000.0,3351298.3766666665
176741,1210000.0,1073957.9
176745,1640000.0,1584552.1
176747,845000.0,863192.6666666666
176754,2725.0,2695.715912698413
176758,399000.0,314405.12555555557
176760,1160000.0,1424884.02
176761,555000.0,696465.25
176762,3480.0,3616.75
176763,1800000.0,1604067.85
176771,927000.0,826471.25
176772,565000.0,682414.9966666667
176773,960000.0,824133.3333333334
176777,6500.0,6769.842222222222
176778,1172000.0,1011537.0033333333
176781,2350.0,2056.2605555555556
176784,1950.0,2135.3022222222226
176785,13988800.0,5069395.846666667
176786,1545000.0,1645680.75
176790,1220000.0,1539984.3251666666
176791,5200.0,4848.696666666667
176792,875000.0,1121162.03
176794,1900.0,2214.4416666666666
176796,1670000.0,1884516.6666666667
176805,1225000.0,1175443.3233333332
176807,3200.0,2202.96
176809,460000.0,444669.69666666666
176811,490000.0,489118.3333333333
176813,25440.0,19407.064285714285
176814,875000.0,740117.64
176816,1425000.0,1228859.3466666667
176818,6900.0,5601.894444444445
176819,535000.0,616201.4166666666
176820,2222500.0,2066076.38
176822,525000.0,518250.50666666665
176823,630000.0,591979.3966666666
176826,925000.0,917118.5
176828,1430000.0,1202232.4888888889
176830,1080000.0,1030206.0
176833,2950.0,2622.4675
176834,1430000.0,1354938.5
176835,1229516.0,1255832.1666666667
176839,580000.0,511054.1666666667
176840,4200.0,4576.931111111112
176841,1088000.0,1087125.0
176843,725000.0,699231.36
176845,3600.0,4381.106666666667
176849,1500.0,1766.6307936507933
176853,1165000.0,1156019.6666666667
176855,625000.0,608850.0
176859,800000.0,809702.98
176860,6000.0,5315.546666666667
176863,2800.0,2702.4075
176864,1339000.0,1249209.6666666667
176872,4495.0,4678.775
176879,2250000.0,2685294.1133333333
176882,1150000.0,1209743.5166666666
176888,455000.0,417708.5
176890,3945.0,2877.717777777778
176895,985000.0,647743.9
176898,1195.0,4124.3533333333335
176904,310000.0,377182.16
176905,3395.0,3440.5442857142857
176906,1900000.0,1772532.0933333333
176910,1100000.0,759652.8066666666
176913,675000.0,898022.2933333333
176915,570000.0,538008.2133333334
176917,6400.0,7008.616666666667
176920,243000.0,291611.51666666666
176927,1220000.0,1115093.3866666667
176932,3300.0,2935.3933333333334
176940,540000.0,549122.2355555556
176948,2500.0,2423.969444444444
176949,6000.0,5310.856666666667
176951,4750.0,4126.555555555555
176954,3675000.0,2820174.2333333334
176957,840000.0,724786.2466666667
176962,930000.0,784675.38
176963,640000.0,668100.9166666666
176968,2390.0,2457.1466666666665
176969,1400000.0,918878.29
176971,1000000.0,1181724.9866666666
176974,2995.0,2922.796666666666
176977,675000.0,1410672.0266666666
176978,4500.0,4408.713333333333
176982,1525000.0,2034763.3333333333
176985,5400.0,4555.591666666666
176990,460000.0,495953.14
176992,2995000.0,2587433.6466666665
176993,866000.0,894314.7733333333
176997,1560000.0,1588216.2933333332
177000,708000.0,743819.3333333334
177004,2395.0,2874.1133333333332
177005,3800.0,5032.316666666667
177013,6959.0,7085.5233333333335
177015,11000.0,9863.282222222224
177016,1850.0,1864.7688888888893
177020,1200000.0,1182222.5533333332
177022,1800.0,1743.4166666666667
177028,1000000.0,1069450.0
177032,355000.0,457849.4755555556
177035,987000.0,567767.7866666666
177039,3750.0,3374.54
177047,565000.0,638628.0166666667
177048,940000.0,863712.0433333333
177052,1935000.0,1925057.3266666667
177054,1985000.0,1966625.05
177061,453000.0,418680.0
177063,2237500.0,1876247.0166666666
177065,470000.0,521289.48333333334
177067,446000.0,320714.6666666667
177068,995000.0,942203.6666666666
177069,855000.0,828776.1366666667
177072,585000.0,567982.62
177073,499999.0,1045433.19
177081,4300.0,4843.347777777777
177087,235000.0,260552.66333333333
177091,5650.0,5105.456666666667
177095,560000.0,565013.7266666667
177099,700000.0,702672.1666666666
177101,660000.0,619471.5166666667
177102,1470000.0,1294456.05
177103,820000.0,850050.0
177111,545000.0,496448.3333333333
177114,2000.0,1936.7613227513227
177117,899000.0,877390.92
177118,2000000.0,1818447.1857333335
177125,490000.0,526196.6533333333
177132,2217777.0,1425069.2633333334
177139,195000.0,139510.0
177140,849000.0,1058233.7766666666
177141,940000.0,876831.92
177144,25000.0,38447.34222222222
177145,975000.0,1049388.57
177147,565000.0,510951.31666666665
177149,1010000.0,943201.37
177151,1521000.0,1204641.3566666667
177153,1150000.0,1176215.1833333333
177154,1235000.0,1109264.56
177156,900000.0,840177.83
177159,3500.0,3693.3516666666665
177166,6500.0,5287.093333333333
177169,2750.0,4869.723333333333
177170,945000.0,713325.0677777778
177174,455000.0,709047.0
177178,1435000.0,1346455.6266666667
177179,665000.0,602285.3333333334
177183,975000.0,953240.9076666667
177185,4995.0,5289.926666666666
177186,1310000.0,1332004.5833333333
177190,1412000.0,1724269.2633333334
177193,2215000.0,2222153.006666667
177199,2495.0,2011.8433333333332
177200,375000.0,368140.4033333333
177202,485000.0,468688.9
177204,880000.0,866481.3333333334
177205,1050000.0,951750.0
177207,595000.0,901223.4533333334
177210,1400000.0,1266747.0933333333
177211,1000000.0,739043.0566666666
177212,4150.0,3705.5
177213,2495.0,2146.228888888889
177216,755000.0,695705.03
177218,303000.0,405917.3333333333
177221,615000.0,600695.6333333333
177222,850000.0,756501.0433333333
177225,4675000.0,3751100.5833333335
177228,899950.0,975367.1566666666
177229,3700.0,3992.111111111111
177231,1415000.0,1280749.2333333334
177235,1650000.0,1728740.0433333332
177236,1200000.0,807509.0
177237,3250.0,2656.6738095238093
177238,825000.0,966394.55
177239,1810000.0,1604658.1966666668
177240,580000.0,622952.6666666666
177241,2500.0,2727.63
177247,3800.0,3969.9533333333334
177253,982000.0,1126713.6233333333
177255,7900.0,10198.94642857143
177256,1400000.0,1316283.7033333334
177257,300000.0,476771.36
177258,715000.0,880087.1533333333
177259,4995.0,5107.65
177260,109000.0,105312.0
177261,1530000.0,1568083.47
177267,2800000.0,2465887.96
177270,1225000.0,1127534.6666666667
177273,1300000.0,1075307.2133333334
177275,414900.0,444050.1666666667
177278,12790.0,9126.7
177280,702000.0,492323.72
177281,645000.0,645534.6666666666
177282,930000.0,1276594.2222222222
177285,900000.0,757782.7666666667
177288,2800.0,2539.8177222222234
177289,380000.0,546154.7266666667
177292,1100.0,1912.7033333333334
177293,3200.0,4144.697222222222
177299,3000.0,4320.816666666667
177300,550000.0,500802.75
177302,410000.0,388065.99333333335
177306,439000.0,431009.68
177307,2500.0,2506.7766666666666
177308,715000.0,746272.55
177309,1300000.0,1453272.2133333334
177310,821690.0,865850.0
177314,1257000.0,1144783.3866666667
177317,903500.0,979440.7977777779
177318,2350.0,2069.866388888889
177323,2600.0,4663.36
177325,3400.0,3029.4955555555553
177328,4990.0,5916.019166666667
177329,665000.0,645701.3
177332,1000000.0,848154.28
177334,4700.0,10279.2
177336,580000.0,584649.6666666666
177347,1350000.0,1408637.52
177349,2995.0,2480.541111111111
177352,5000.0,5021.740952380952
177355,1775000.0,1708891.7133333334
177356,459000.0,459363.31666666665
177359,335000.0,358667.8333333333
177360,3000.0,2979.3672222222226
177362,2900.0,2443.0127
177364,2500.0,2773.44
177365,190000.0,235932.08333333334
177366,789320.0,920553.8933333333
177367,7600.0,6454.73
177372,1025000.0,922534.2380952382
177377,1400000.0,1203219.0
177378,4250.0,4441.511111111112
177381,15500.0,32410.533333333333
177382,905775.0,928900.0
177383,4000.0,4445.77
177385,4500.0,4374.575
177388,4950.0,5415.368888888888
177389,5995.0,4928.278888888889
177391,625000.0,585430.1666666666
177394,895000.0,797864.8166666667
177397,397500.0,391782.93666666665
177398,1290000.0,1065206.3166666667
177403,1185000.0,1233630.0
177407,560000.0,567275.0
177408,570000.0,587761.0555555555
177412,1005000.0,1763751.7366666666
177415,880000.0,1061045.47
177420,282000.0,250201.66333333333
177421,295000.0,311096.43
177422,335000.0,356506.1666666667
177425,959000.0,1018733.0588888888
177426,730000.0,701894.8333333334
177430,665000.0,612010.9166666666
177434,1120000.0,1853161.6266666667
177435,650000.0,709145.3333333334
177438,900000.0,1057848.1633333333
177448,11000.0,11796.212222222222
177449,2800.0,3156.4866666666667
177454,1190000.0,1195256.0
177458,1400000.0,1145597.9166666667
177460,1355000.0,1343928.78
177461,1149000.0,993358.3333333334
177462,1800000.0,1502615.8333333333
177464,700000.0,716278.9366666666
177468,3100.0,2940.0233333333335
177469,2150.0,1917.1123015873013
177473,3100.0,3351.21
177474,295000.0,428173.84
177475,9800.0,7740.863333333334
177479,815000.0,785839.0666666667
177481,2875.0,3006.36
177483,1800.0,1714.26
177484,1322500.0,1315907.3633333333
177488,375000.0,431676.0833333333
177489,965000.0,1010695.5
177490,15500.0,15691.983333333334
177493,490000.0,424044.9088888889
177495,2095.0,2071.1476984126984
177497,1100000.0,944158.4666666667
177498,1617468.0,1404857.1666666667
177505,705000.0,743057.6333333333
177511,2400.0,2888.63
177512,550000.0,464324.6
177514,5900.0,5969.616666666667
177515,525000.0,521802.29
177516,2965000.0,1925997.3733
177521,4795.0,4480.233333333334
177525,1029000.0,1064681.1433333333
177535,565000.0,440400.0
177547,3500.0,3700.1433333333334
177548,4200.0,4516.26
177551,485000.0,478272.29333333333
177555,1250000.0,1279084.9266666668
177556,1850000.0,1422737.5333333334
177557,1050000.0,912623.19
177559,1150000.0,1134006.67
177560,1250000.0,1447137.2533333334
177563,640000.0,693331.0633333334
177565,1200.0,1932.2677777777776
177566,9500.0,8659.705555555556
177567,1395000.0,1949838.1333333333
177569,686000.0,675174.6666666666
177571,810000.0,679937.9166666666
177574,1950.0,2211.5834920634925
177576,1700000.0,1689529.3333333333
177578,1678000.0,1705941.1333333333
177579,632000.0,617296.9933333333
177584,1400000.0,1427673.9066666667
177586,1530000.0,1531504.5866666667
177589,539900.0,499394.2966666667
177590,640000.0,675424.33
177591,520000.0,553298.098888889
177601,680000.0,568316.8233333334
177602,1775000.0,1406102.85
177605,1065000.0,1017798.0
177610,260000.0,240088.56555555557
177619,422000.0,452950.29
177623,1140000.0,1290457.5
177626,1135000.0,1126358.3333333333
177632,2600000.0,1300234.0166666666
177636,6000.0,5981.333333333333
177638,774650.0,763678.6733333333
177641,1450000.0,1382649.7733333334
177645,465000.0,457697.93333333335
177647,1120000.0,1255224.5533333332
177651,559000.0,556555.58
177652,1790000.0,1360738.1466666667
177654,1085000.0,925665.0
177656,900000.0,860807.5833333334
177659,484000.0,519217.96
177663,690000.0,746577.01
177668,818000.0,759128.32
177669,595000.0,741210.33
177670,1595000.0,1769858.92
177671,1601000.0,1398609.63
177673,2825000.0,2425980.966666667
177678,835000.0,850865.6666666666
177680,885000.0,840991.0
177682,4500.0,4224.793333333333
177684,1504000.0,1468310.3333333333
177685,459900.0,496947.83
177687,6400000.0,4832255.016666667
177688,1250000.0,1195591.9166666667
177692,2450000.0,2420703.3333333335
177693,590000.0,572761.52
177699,390000.0,370022.9733333333
177708,4850.0,4293.576666666667
177709,4500.0,4059.6041666666665
177710,4850.0,5864.37
177716,433000.0,407030.3333333333
177720,6150.0,6476.4877777777765
177725,1262000.0,771294.27
177727,1380000.0,1739396.5766666667
177730,530000.0,696494.5777777778
177732,2348525.0,1840045.1366666667
177736,585000.0,611726.3566666667
177737,1858000.0,1546751.0433333332
177740,575000.0,532487.1666666666
177746,424900.0,450161.1666666667
177747,1005000.0,1117196.9866666666
177748,550000.0,498265.72
177749,4575000.0,3210593.0033333334
177753,4200.0,4490.52
177777,830000.0,782391.4966666667
177782,963000.0,1415858.0566666666
177785,8000.0,7988.422222222223
177786,400000.0,434191.99666666664
177788,510000.0,577514.89
177791,3067912.0,2709622.22
177792,950000.0,996538.6166666667
177795,615000.0,622705.8316666667
177796,2775.0,3108.1496031746033
177799,610000.0,610196.51
177802,675000.0,715158.7833333333
177804,2700.0,2519.7951746031745
177805,900000.0,877476.0
177809,760000.0,756661.6166666667
177813,350000.0,377516.1433333333
177818,4300.0,4272.76
177820,14500000.0,3354114.946666667
177823,8400.0,7955.51
177824,915000.0,840374.6666666666
177827,1195000.0,1059308.4966666666
177828,1200000.0,2262475.9266666668
177833,4200.0,4156.05
177837,2000.0,3412.98
177840,560900.0,560237.0533333333
177842,2900000.0,2498399.0
177845,580000.0,464626.41333333333
177847,6700.0,6195.033333333334
177849,749000.0,767992.6
177851,3100.0,3379.73
177853,825000.0,823980.3066666666
177858,955000.0,1030891.4766666667
177860,674999.0,615877.5833333334
177862,480000.0,450484.86666666664
177865,625000.0,574795.61
177870,450000.0,448313.0366666667
177874,1450000.0,1361870.01
177878,365000.0,333143.19333333336
177880,1450000.0,1428817.44
177884,459000.0,452568.0733333333
177888,1525000.0,1875008.7
177892,1275000.0,1276842.59
177893,2700.0,2509.360277777778
177898,920000.0,844731.2933333333
177903,3600.0,3543.5833333333335
177904,489000.0,428575.3333333333
177916,669000.0,639593.8133333334
177917,840000.0,650470.1066666667
177918,1100000.0,882099.5666666667
177923,418000.0,331227.6433333333
177928,365000.0,437137.9428174603
177930,615000.0,576807.7633333333
177931,1885000.0,1873906.0666666667
177932,1030000.0,1074387.3
177933,2575000.0,2201823.1533333333
177936,775000.0,1054589.3466666667
177940,2450000.0,1992092.16
177945,725000.0,697405.9333333333
177947,1480000.0,1608980.5533333332
177949,480000.0,520071.0
177951,5200.0,4295.506666666667
177952,1999.0,2092.773492063492
177957,1050000.0,970561.2533333333
177958,1180000.0,1183394.5
177960,395000.0,419301.14
177961,400000.0,419490.0
177963,725000.0,692265.25
177964,1906968.0,1565453.3333333333
177972,105000.0,99313.99333333333
177978,525000.0,517296.8333333333
177979,535000.0,523591.33
177981,1215000.0,1033089.94
177984,677500.0,575996.8333333334
177985,707900.0,597914.9166666666
177986,1135000.0,1010414.3333333334
177988,1656500.0,1542862.1833333333
177989,4200000.0,3840577.3966666665
177998,924500.0,1015029.85
178000,629000.0,683944.19
178001,218000.0,258912.33333333334
178004,902500.0,839873.5
178005,285000.0,186109.0
178006,455000.0,439437.6766666667
178007,4140000.0,3957834.62
178008,1140000.0,1194746.3466666667
178011,1230000.0,1040759.0
178013,612000.0,649171.3333333334
178015,1475000.0,1354478.4833333334
178016,710000.0,635225.07
178022,320000.0,424614.9733333333
178028,759000.0,569601.2166666667
178036,690000.0,690112.6666666666
178040,525000.0,499308.4488888889
178047,3645.0,2979.75
178048,2375.0,2155.2744444444447
178051,1745000.0,1977392.0833333333
178052,1745000.0,1473268.0833333333
178053,731000.0,812931.0
178054,586609.0,586504.9333333333
178056,1925000.0,1256919.1933333334
178061,5500.0,5592.583333333333
178063,2438000.0,2374240.986666667
178064,1060000.0,1151517.3333333333
178065,1721000.0,1763630.69
178068,1550000.0,1341251.33
178069,1330000.0,1526668.3333333333
178070,1164000.0,1090544.3266666667
178071,1900000.0,1824709.4444444445
178072,610000.0,594660.07
178075,2500000.0,2372615.629166667
178077,1250000.0,924656.6533333333
178085,3375.0,3378.4811111111107
178090,755000.0,713502.8766666667
178093,565000.0,516860.56666666665
178095,710000.0,662670.51
178104,807500.0,781280.2166666667
178105,4995.0,4810.05
178106,625000.0,587352.7366666667
178112,600000.0,521630.09
178115,604750.0,653237.2666666667
178121,630000.0,638832.7744444445
178123,2600000.0,1743354.0
178124,1415000.0,1240274.7266666666
178127,5800.0,5552.227777777778
178129,1510000.0,1595064.6666666667
178132,1090000.0,993712.0
178135,469000.0,467526.74
178142,710000.0,687402.1333333333
178148,1002500.0,1144142.5966666667
178149,1850.0,4047.2103333333334
178154,1075000.0,1088472.48
178155,1265000.0,1167751.1666666667
178157,680000.0,617180.6666666666
178158,445000.0,469239.83
178160,1035000.0,1147828.5333333334
178162,520000.0,466177.3333333333
178164,715000.0,753162.3433333334
178165,5400.0,6297.253333333333
178167,850000.0,894481.6566666666
178169,1625000.0,1470801.4633333334
178171,1600000.0,1597839.64
178175,559900.0,562467.7933333333
178180,520000.0,711273.7966666666
178181,890000.0,1035451.9166666666
178184,2325000.0,2032228.15
178188,1440000.0,1645198.92
178199,3108578.0,2499530.6416666666
178200,750000.0,757057.3933333333
178201,325000.0,356622.7694920635
178206,5100.0,6165.85
178213,1899.0,2115.572222222222
178220,985000.0,1423718.5566666666
178222,605000.0,576086.8033333333
178223,1450000.0,1711664.7333333334
178231,4800.0,5182.556666666666
178232,735990.0,729387.1
178237,2225000.0,1844676.2166666666
178241,725000.0,754791.0833333334
178243,2600000.0,2392985.08
178244,1225000.0,1208490.5433333332
178245,450000.0,740612.1666666666
178247,620000.0,565415.7066666667
178248,935000.0,932245.3833333333
178255,449000.0,480064.26
178261,858000.0,848396.8
178266,740000.0,743298.6266666667
178272,635000.0,621875.0
178274,2500.0,3014.4038888888886
178278,4500.0,4648.28
178281,610000.0,602752.5133333333
178291,705000.0,693353.6633333333
178293,645000.0,660795.8
178296,429000.0,439626.66333333333
178297,523000.0,507454.92333333334
178302,575000.0,545255.26
178305,1305000.0,1306866.7833333334
178306,3800000.0,3068386.6666666665
178309,1591015.0,1850109.1099
178310,5900.0,4812.764166666667
178311,755000.0,769514.74
178312,3650.0,5786.583333333333
178314,712500.0,771805.0
178315,525000.0,493187.775
178316,635000.0,608338.5866666667
178320,6000.0,5755.566666666667
178322,2100.0,2526.744444444444
178326,905000.0,1084891.5
178328,2900000.0,3421458.9033333333
178330,380000.0,463536.0
178331,10000.0,7085.8125
178332,1250000.0,1231435.6633333333
178334,590000.0,555788.6
178336,2050000.0,2178219.466666667
178337,1257000.0,1146171.9466666668
178343,1280000.0,1340040.2966666666
178345,1025000.0,1295700.2833333334
178354,1105000.0,960950.89
178363,2305000.0,1817480.37
178365,765000.0,931056.0466666666
178366,6100.0,5959.416666666667
178368,1000000.0,982765.1633333333
178369,1981000.0,1834761.09
178370,1127500.0,1392035.8266666667
178375,825000.0,766864.7166666667
178378,1900000.0,1223276.59
178379,859000.0,858368.8833333333
178382,2095000.0,2121838.2
178388,9000.0,10511.043333333333
178389,593000.0,589242.9333333333
178391,398000.0,469995.8333333333
178393,2900.0,3514.6
178397,920000.0,1166961.94
178398,2000000.0,1863121.75
178399,1012000.0,583665.6666666666
178401,442500.0,708456.7966666666
178403,460000.0,511027.62333333335
178407,1817000.0,1600787.1266666667
178408,511000.0,491403.2
178409,3750.0,6680.371666666667
178410,500000.0,503365.2166666667
178413,254000.0,238046.66666666666
178419,1675000.0,1593232.0166666666
178422,2600.0,2642.0466666666666
178423,25000.0,12963.293055555556
178426,720000.0,698494.92
178428,1288000.0,1274373.3666666667
178429,926000.0,825879.6833333333
178430,665000.0,904250.2133333334
178436,485000.0,779495.4333333333
178442,699000.0,850180.1233333333
178444,1012000.0,912501.0866666667
178445,535000.0,579317.6833333333
178454,438000.0,427772.08
178456,575000.0,517095.88333333336
178459,835000.0,636659.1733333333
178460,982000.0,806818.0
178469,970000.0,1104686.6666666667
178473,6650.0,5447.524444444445
178480,2500.0,2548.366666666667
178484,1255000.0,1152544.3166666667
178488,10000.0,6510.243333333333
178489,450000.0,446263.4
178492,4700.0,5524.056666666666
178495,420000.0,463424.2222222223
178503,420000.0,529223.3133333334
178505,1225000.0,1007263.7333333333
178507,495000.0,493771.0
178508,730000.0,719272.1466666666
178515,1127500.0,1124566.3333333333
178517,400000.0,368715.96
178520,420000.0,521181.49333333335
178521,405000.0,399010.0366666667
178522,7500.0,6242.65
178523,630000.0,635814.6666666666
178524,750000.0,614259.1333333333
178525,612000.0,615043.4833333333
178528,2795.0,3252.8
178529,285000.0,226879.15333333332
178530,780000.0,843094.7433333333
178537,2295.0,2736.4840888888893
178540,3600.0,3399.28
178545,1070000.0,958658.9033333333
178546,680000.0,622503.43
178549,1490000.0,1402098.56
178551,285000.0,323887.32
178552,1325000.0,1180511.45
178559,3150.0,3389.069365079365
178561,1725000.0,1672064.0633333332
178565,515000.0,515469.99666666664
178567,1615000.0,1606034.43
178571,1900.0,1836.9911111111107
178572,950000.0,998411.6633333333
178576,825000.0,737998.3333333334
178578,337000.0,237655.39333333334
178582,590000.0,624609.3166666667
178587,890000.0,828082.0833333334
178589,1450000.0,1355471.37
178590,2150000.0,2217638.3533333335
178591,699000.0,709484.5
178592,590000.0,743585.4
178594,427500.0,356454.05
178595,1135000.0,1405969.84
178598,1899000.0,1636017.0333333334
178599,894950.0,868230.1333333333
178600,305000.0,266347.95
178603,1105000.0,1326048.6111111112
178604,818500.0,851529.4566666667
178608,1425000.0,1137055.57
178610,625000.0,669934.5966666667
178611,879000.0,954539.02
178612,3480.0,3338.4366666666665
178614,540000.0,561246.2066666667
178617,520000.0,527863.3333333334
178620,544900.0,469414.4
178622,3600.0,3497.6711111111117
178624,830000.0,789263.5833333334
178626,7990000.0,5119745.096666667
178628,1850.0,1947.6038095238096
178636,2360911.0,1686286.6533333333
178639,699000.0,742156.6466666666
178642,650000.0,637503.6433333333
178645,465000.0,440922.56666666665
178646,800000.0,818399.3333333334
178648,725000.0,747578.8766666667
178652,610000.0,668306.8333333334
178662,2500.0,3012.116666666667
178663,1500000.0,1993316.0166666666
178669,6750.0,5699.333333333333
178671,2695.0,2535.656111111111
178673,500000.0,504607.11666666664
178674,6200.0,5805.75
178675,1410000.0,1271906.1166666667
178678,380000.0,355277.16666666674
178679,950000.0,894681.6666666666
178681,520000.0,470560.0933333333
178683,2480000.0,2516295.0
178684,2175000.0,1779504.5062777777
178686,1492000.0,1456657.0266666666
178688,1140000.0,986741.0
178689,900000.0,925786.18
178690,4500.0,5022.822222222222
178695,1195500.0,1224463.4066666667
178696,2750.0,2917.98
178697,833000.0,899026.3166666667
178699,745000.0,689944.5
178701,850000.0,902436.6666666666
178703,367000.0,349331.0966666667
178711,820000.0,740051.7333333333
178718,750000.0,915574.2366666667
178719,4600.0,6333.166666666667
178721,114689.0,315976.4166666667
178728,4400.0,4075.5933333333332
178729,240000.0,338980.08666666667
178739,4000.0,3692.1833333333334
178744,8000.0,7830.675
178748,3000.0,4928.857777777778
178753,239000.0,219834.66444444444
178758,4500.0,4094.0733333333333
178759,625000.0,600056.7233333334
178763,435000.0,438488.3
178764,2100.0,2069.5914285714284
178768,530000.0,621962.65
178770,1420000.0,1258284.6066666667
178774,1300000.0,1218147.1866666668
178775,775000.0,759957.3333333334
178782,349000.0,336834.6433333333
178788,1398000.0,1428863.3333333333
178792,250000.0,257459.46
178794,10000.0,9404.985833333334
178796,75000.0,100538.0
178798,1600000.0,1789495.4166666667
178802,950000.0,1185299.4666666666
178803,722000.0,673955.9933333333
178807,417000.0,436662.81333333335
178814,590000.0,594229.7066666667
178815,1805000.0,1563270.1833333333
178820,825300.0,769377.7666666667
178821,610000.0,616042.1666666666
178822,806990.0,763302.0
178823,540000.0,505701.2
178829,1075000.0,904183.1633333333
178832,565000.0,597090.83
178834,229500.0,257042.37
178836,1295000.0,1566384.88
178838,1750000.0,1565499.4333333333
178842,600000.0,596723.3333333334
178845,2500.0,2498.130277777778
178846,2405000.0,2906639.4833333334
178850,839000.0,903948.5
178856,940000.0,970728.6933333334
178858,345000.0,340959.6666666667
178859,800000.0,1004866.77
178861,1025000.0,1141035.8333333333
178864,2650.0,2281.3481481481485
178865,965000.0,1116684.6666666667
178866,244900.0,366465.29333333333
178868,2950.0,2600.74
178869,1149000.0,1132778.5
178875,490000.0,536278.5633333334
178879,5495.0,5045.193333333334
178884,3500.0,3419.6666666666665
178885,2100.0,1949.89
178886,3500.0,4124.526666666667
178888,1275000.0,1054474.2166666666
178898,4400.0,4743.683333333333
178904,4400.0,2553.0652
178906,4300.0,5033.185
178907,3400.0,3030.17626984127
178909,7000.0,10592.996666666666
178915,1341360.0,1410889.34
178918,10000.0,8882.196666666667
178921,375000.0,357627.76666666666
178931,840005.0,1170435.9266666668
178932,5500.0,6844.058333333333
178937,455000.0,589100.5833333334
178941,4900.0,4870.955
178945,2780000.0,2803022.1
178946,718900.0,690753.9266666666
178947,2100.0,2171.403333333333
178949,3500.0,102734.38333333333
178950,5600.0,5509.488888888889
178953,585000.0,532475.0233333333
178954,2300.0,2531.076666666667
178955,4800.0,4789.033333333334
178956,620000.0,583882.2833333333
178958,535000.0,493042.5
178962,1500.0,1622.9233333333334
178967,860000.0,651429.8333333334
178971,555000.0,491565.25
178975,5850.0,5479.168888888889
178979,857000.0,874392.96
178982,849000.0,818144.9
178983,5300.0,5364.705555555556
178986,1205000.0,1216093.65
178987,775000.0,732129.6333333333
178988,1500888.0,1285317.71
178989,605000.0,580652.3333333334
178990,1275000.0,1039003.762222222
178991,1180000.0,1155754.1666666667
178992,555000.0,441090.1066666667
178998,3100.0,2724.9333333333334
178999,540000.0,569768.5433333333
179001,787000.0,814062.5666666667
179003,1130000.0,1675067.7433333334
179008,2050.0,2369.7955555555554
179010,2560050.0,2179601.3433333333
179012,1300000.0,1478195.9966666666
179013,1355000.0,1081376.6333333333
179016,1300000.0,1308271.4766666666
179021,1275000.0,1349669.8333333333
179025,11450.0,10612.051111111112
179028,1200000.0,1230258.0
179032,260000.0,283994.3333333333
179035,2490000.0,2320512.6666666665
179039,1200000.0,1220387.463
179040,8500.0,7343.336633333334
179041,1288800.0,1282100.6666666667
179042,960000.0,949042.5333333333
179047,2260000.0,1956316.1666666667
179048,10500.0,7802.123333333333
179051,1190000.0,759140.65
179052,295000.0,215251.99666666667
179057,650000.0,683899.3333333334
179060,1300000.0,1060919.9
179062,595000.0,600455.3333333334
179063,880000.0,1087346.3147666666
179068,410000.0,407426.0
179074,800000.0,839927.3966666666
179075,1140000.0,1463010.9433333334
179076,4300.0,5052.961666666667
179077,625000.0,983463.1266666667
179079,1365000.0,1322341.1666666667
179081,710000.0,658850.96
179085,1150000.0,1286235.43
179086,1300000.0,1214159.5
179087,7500.0,8117.72
179089,1050000.0,1236432.1566666667
179091,5600.0,5425.83
179093,563000.0,605259.5166666667
179095,3860000.0,3050742.8933333335
179097,998615.0,1049144.7944444446
179098,550000.0,552517.5933333334
179105,1975000.0,1739010.0866666667
179107,3500000.0,3344335.993333333
179108,2425300.0,2142478.6
179112,7777.0,6572.676666666666
179122,1499000.0,1276203.3333333333
179123,710000.0,846784.9966666667
179132,454900.0,516681.00666666665
179136,2330000.0,2655483.9366666665
179141,545000.0,514993.3333333333
179142,1070000.0,1046721.7066666667
179144,965000.0,854057.0666666667
179149,1505000.0,1390039.0333333334
179150,580000.0,511973.5833333333
179156,350000.0,454869.8888888889
179159,4100.0,4219.956666666667
179164,1225000.0,1156080.98
179166,800000.0,778693.5666666667
179168,575000.0,531372.2133333334
179172,355000.0,359695.4066666667
179174,2650.0,2453.005396825397
179183,600000.0,554784.6666666666
179185,1000000.0,1033521.8366666667
179186,6700.0,5986.716666666666
179187,2595.0,2435.705
179188,535000.0,530129.4211111112
179192,2100000.0,1680429.7933333332
179198,1160000.0,1026455.13
179202,459000.0,370481.50333333336
179208,1425000.0,1315235.9333333333
179209,745000.0,807098.9566666667
179210,570000.0,479490.66333333333
179214,4585000.0,3445891.65
179215,485000.0,470761.66333333333
179219,850000.0,1108993.0966666667
179224,705000.0,751208.6333333333
179225,2550226.0,2047968.5866666667
179227,1200000.0,815422.0333333333
179228,2652000.0,2171192.21
179230,1632000.0,1541767.8166666667
179235,810000.0,1024874.6033333334
179238,574999.0,699677.26
179239,4600.0,4495.968333333333
179242,950000.0,962938.8333333334
179249,4995.0,5221.088333333333
179250,4900.0,4570.033333333334
179251,765000.0,910436.6666666666
179254,1480000.0,1442095.6433333333
179258,900000.0,1149468.83
179261,935000.0,1041205.42
179263,789000.0,760707.6633333333
179271,825000.0,900973.8166666667
179272,865000.0,756387.86
179273,815000.0,817974.7633333333
179274,810000.0,795307.55
179275,610000.0,640571.2333333333
179276,4250.0,3923.7116666666666
179279,7375.0,5417.913333333333
179283,840000.0,980493.3966666666
179285,2800000.0,1468188.7446666656
179287,1745000.0,1361255.26
179288,1275000.0,1081912.6
179290,390000.0,520825.75666666665
179293,265000.0,240895.83333333334
179296,1750000.0,1399424.1833333333
179297,6300.0,6858.716666666666
179302,780000.0,784150.29
179303,875000.0,901123.5766666667
179307,3300000.0,3410571.12
179308,2900.0,2916.4066666666668
179310,1630000.0,1173479.2533333334
179311,720000.0,734989.1666666666
179315,5950.0,5831.511666666666
179317,1750.0,1950.022777777778
179318,1300000.0,1040534.8666666667
179321,1918088.0,1954998.8058
179324,650000.0,560377.6833333333
179334,1132000.0,1179327.47
179339,975000.0,710323.69
179342,899999.0,1003535.16
179343,3700.0,3265.3633333333332
179345,769000.0,654015.3933333333
179346,625000.0,994518.3266666667
179348,2327000.0,2871854.703333333
179350,3300.0,3406.326666666667
179353,399000.0,470302.4666666667
179357,150000.0,311449.5266666667
179360,775000.0,846015.2733333333
179361,4300.0,5575.854444444444
179364,199900.0,302757.6666666667
179381,565000.0,544888.0
179385,1350000.0,1452966.25
179386,70000.0,99917.09333333334
179387,494000.0,511789.74666666664
179389,450000.0,431426.66
179393,2540000.0,1742531.3795999999
179397,3550.0,3839.6982222222227
179399,662000.0,534113.06
179400,5250.0,6751.553888888889
179401,1580000.0,1533326.2466666666
179402,595000.0,594532.3777777778
179403,2475000.0,1816410.19
179404,1005000.0,1207149.4133333333
179405,6200.0,6186.322222222222
179410,3995.0,3959.0752777777775
179412,266500.0,322375.09
179413,1280000.0,1421810.8233333332
179414,485000.0,455302.0
179415,3250.0,3348.2633333333333
179416,275000.0,342285.39666666667
179417,3475000.0,3243318.08
179418,1350000.0,1426449.8933333333
179420,1700000.0,1388543.7933333332
179422,945000.0,847519.4333333333
179423,819000.0,815967.3588888888
179430,1165000.0,1387807.4933333334
179435,6500.0,7109.383333333333
179438,518000.0,534106.2133333334
179441,2695.0,2404.943835978836
179442,3900000.0,3557405.6466666665
179443,2500.0,2742.7206666666666
179445,7200.0,6421.041666666667
179453,670000.0,691694.0866666667
179454,1620000.0,1822405.2333333334
179456,525000.0,460021.6666666667
179458,440000.0,405703.0
179460,779000.0,579236.8333333334
179461,770000.0,878225.33
179462,1150000.0,1078639.15
179464,152000.0,144699.0
179469,2340000.0,2632289.3266666667
179470,4075000.0,3986293.06
179473,6995.0,11124.164444444445
179474,750000.0,661059.35
179475,750000.0,796114.9233333333
179477,700000.0,828877.7133333334
179478,1140000.0,1055737.79
179479,1125000.0,1116786.1333333333
179482,2200000.0,1990163.8166666667
179483,1405000.0,1241420.7766666666
179484,1685000.0,1557211.3933333333
179485,1460000.0,1671101.3933333333
179488,1070000.0,1010802.5366666666
179489,990000.0,887276.6666666666
179492,1860000.0,1438036.55
179494,392500.0,599000.33
179495,1400000.0,1347601.5833333333
179497,1050000.0,1183560.5066666666
179510,1220000.0,1316229.5466666666
179518,407000.0,399819.6666666667
179519,6200.0,6150.8975
179521,465000.0,425401.12666666665
179528,1530000.0,1395992.6466666667
179533,2230000.0,1954335.5966666667
179535,1200000.0,1216860.3333333333
179537,539000.0,564200.5366666666
179539,3200.0,3674.7022222222217
179545,1009000.0,916207.6466666666
179547,311000.0,308453.0
179551,4150.0,4012.5888888888885
179552,15000.0,21170.88777777778
179554,1750000.0,1814196.9833333334
179556,5850.0,14539.35
179563,1526000.0,1577743.2
179570,2650.0,2221.8534444444444
179574,1412648.0,1543170.36
179579,880000.0,744379.0433333333
179580,757000.0,512621.1533333333
179581,360000.0,384591.6552380952
179584,3500.0,5796.026666666667
179585,789000.0,782234.35
179586,950000.0,910405.14
179588,1450000.0,1268964.96
179592,955000.0,960119.3576666667
179594,382000.0,379904.43111111113
179598,910000.0,885885.0266666666
179599,720000.0,892228.9
179600,1712500.0,1499462.0766666667
179601,705000.0,659816.06
179605,2499000.0,1938841.31
179606,500000.0,522247.56
179610,1100000.0,829908.2033333334
179611,2200000.0,2327624.25
179619,1321000.0,1394053.7733333334
179620,549000.0,552784.8166666667
179621,640000.0,1041766.86
179625,1000000.0,690569.55
179629,668220.0,634668.45
179630,2250000.0,1932321.54
179632,3500.0,3698.1366666666668
179635,380000.0,397290.25
179638,509990.0,523461.2133333333
179639,705000.0,691602.2
179640,1192000.0,1157640.8533333333
179643,600000.0,581326.3
179646,15000.0,20256.177777777775
179652,1085000.0,1095946.6666666667
179653,2375000.0,1798245.3333333333
179656,440000.0,415843.0
179658,2167000.0,2235376.78
179662,1500000.0,1372431.9
179664,389000.0,422033.5
179668,605000.0,524897.7711111112
179673,745000.0,762637.25
179674,1750000.0,1353273.0
179685,550000.0,546241.37
179687,505000.0,492591.3
179690,1505000.0,1314307.3466666667
179691,1400000.0,1213910.3366666667
179695,2945.0,3076.126111111111
179696,410000.0,452435.99666666664
179706,1200000.0,1112279.3
179708,230000.0,401984.61666666664
179713,534950.0,563318.7
179715,1600000.0,1556799.4333333333
179717,6500.0,6707.1
179729,1150000.0,1000721.96
179734,895000.0,915868.6666666666
179738,3159.0,3422.224444444444
179739,3250.0,3410.454444444444
179740,1750000.0,1651148.8766666667
179742,199500.0,429690.07
179743,990000.0,997370.6666666666
179745,250000.0,227626.81666666662
179750,390000.0,430326.2366666667
179751,250000.0,210742.33
179752,580000.0,577542.7633333333
179754,875000.0,846587.6666666666
179756,1125000.0,1101909.54
179766,2275.0,2489.29
179771,2087500.0,1951512.9115000002
179773,530000.0,447266.74666666664
179775,410000.0,472092.21111111104
179778,520000.0,486460.13333333336
179784,550000.0,535270.46
179789,3750.0,3888.400555555555
179790,3200.0,2927.8525000000004
179793,1100000.0,1459764.67
179797,652500.0,523427.0
179802,815000.0,742385.3333333334
179803,485000.0,546455.9633333334
179806,2325000.0,1755421.26
179808,210000.0,379357.54333333333
179809,2078000.0,2041699.9558333333
179810,875000.0,805414.1566666666
179816,2150.0,2130.7418666666667
179818,635000.0,829078.75
179821,1000000.0,846307.44
179826,1445000.0,1373498.6933333334
179827,2500.0,2079.621111111111
179832,1700.0,2076.12
179836,650000.0,761034.67
179838,181000.0,597582.2844333333
179839,1350000.0,1487784.4666666666
179843,752000.0,787457.8333333334
179844,1100000.0,1230970.0533333332
179846,2600.0,2398.63
179847,720000.0,743390.6666666666
179851,600000.0,555557.05
179852,850000.0,628576.5
179853,419000.0,412280.0
179854,500000.0,498588.3333333333
179855,960000.0,1049010.5533333332
179856,7250.0,8528.158095238095
179859,1875000.0,1536305.98
179865,1187500.0,1005896.6666666666
179866,699000.0,692743.2333333333
179867,4945.0,5809.991666666667
179868,525000.0,517294.3333333333
179869,783000.0,652411.1911111112
179870,1175000.0,905372.49
179873,3950.0,3884.917222222222
179877,2300.0,2639.3688111111114
179878,300000.0,375668.9722222222
179882,1609000.0,1457334.8
179884,902000.0,1299198.9877777777
179887,775000.0,828713.8333333334
179889,970000.0,1018740.3333333334
179893,660000.0,630803.59
179894,2550.0,1910.57
179898,1655000.0,1495136.6666666667
179900,437500.0,378754.64555555553
179901,475000.0,507199.2222222223
179902,485000.0,512492.5
179903,2750.0,3007.7600333333335
179907,1560000.0,1257911.8133333332
179912,540000.0,483671.0
179914,1075000.0,1607186.3566666667
179918,385000.0,383862.3333333333
179920,1175000.0,1342057.48
179921,2400000.0,2013233.94
179923,460000.0,374245.93333333335
179925,975000.0,980276.41
179926,1450000.0,1548708.8333333333
179927,750000.0,675033.1977777778
179930,870000.0,949365.1166666667
179931,950000.0,947430.44
179935,599999.0,591491.53
179940,1000000.0,899261.0566666666
179941,930000.0,940552.3333333334
179944,475000.0,444405.81
179950,1819000.0,1754318.0166666666
179951,888000.0,929085.0711111111
179953,7000.0,7186.234433333334
179958,1970.0,2138.8515319865314
179963,1800000.0,2061111.33
179972,1525000.0,1396398.92
179974,1140000.0,1105809.43
179977,3835000.0,4136720.2733333334
179979,430000.0,444245.66333333333
179989,1350000.0,1322537.3633333333
179991,568000.0,550321.0
180000,690000.0,695285.76
180003,1790000.0,1341007.77
180005,900000.0,917735.13
180006,488000.0,440958.70666666667
180007,2200000.0,2162825.5491333334
180008,287000.0,340400.9455555555
180009,1900000.0,1921963.0
180013,445000.0,467219.0466666667
180014,679999.0,701754.6666666666
180016,510000.0,466634.3333333333
180022,1900.0,2257.1443458393455
180024,1350000.0,1278948.8133333332
180027,628000.0,625934.3333333334
180038,2200000.0,2033401.5266666666
180043,1387000.0,1274394.3266666667
180046,830000.0,880364.83
180053,585000.0,587515.8266666667
180056,4250.0,4784.875
180059,970000.0,1004550.54
180062,965000.0,823367.9666666667
180063,530000.0,474210.8855555555
180064,330000.0,354913.71
180065,675000.0,779898.73
180067,520000.0,519127.3333333333
180068,1400000.0,1769345.0466666666
180077,895000.0,880081.92
180078,935000.0,797478.81
180082,640000.0,800807.1466666666
180086,710000.0,860120.2
180088,935000.0,961213.5466666666
180089,739999.0,758934.5166666667
180092,700000.0,714261.5166666667
180095,645000.0,597322.8333333334
180096,499000.0,471660.7633333333
180098,3650.0,3560.9611111111117
180103,4000.0,4061.785555555555
180105,2500.0,2288.71
180108,1600000.0,1168142.0
180114,2600.0,2557.125
180116,1175000.0,1145471.6966666668
180121,550000.0,565701.77
180123,1570000.0,1618705.1733333333
180125,395000.0,419566.6666666667
180127,820000.0,958167.3733333333
180131,710000.0,734216.15
180133,1125000.0,1053668.4366666668
180136,1115000.0,1143950.2466666666
180138,1575000.0,1299000.8
180139,805000.0,797140.0
180140,5000.0,6464.48
180141,860000.0,949257.5176666667
180142,575000.0,655800.2533333333
180147,500000.0,484160.0
180158,2875000.0,2418299.973333333
180160,1050000.0,1107772.0033333334
180162,1650000.0,2009145.7966333334
180167,1510000.0,1658259.4333333333
180171,2550000.0,2510460.9633333334
180173,1490000.0,1273258.2233333334
180177,1175000.0,1204066.3933333333
180179,750000.0,713201.1233333333
180181,1080000.0,940005.5155555555
180185,648500.0,642567.2066666667
180189,1055000.0,1025683.5633333334
180190,7300.0,8175.7733333333335
180192,366500.0,415035.08666666667
180200,1515000.0,1288174.2733333334
180205,805000.0,806047.0
180207,777500.0,734779.0
180210,1435000.0,1329279.48
180211,900000.0,879272.2266666667
180214,1295000.0,1084699.25
180215,950000.0,1059925.0
180216,429900.0,455052.24333333335
180218,1200000.0,1041300.0
180219,430000.0,396759.61
180220,1437500.0,1383761.0466666666
180223,2380.0,2693.1
180224,2995.0,2902.682222222222
180225,399000.0,325602.45
180226,2050000.0,2170395.0
180229,80000.0,169159.66333333333
180230,574500.0,627936.48
180231,2399000.0,2418868.3966666665
180235,886000.0,1010818.8633333333
180236,2300.0,2661.03
180238,2800.0,2814.7833333333333
180239,450000.0,495330.5
180240,2113.0,2090.8169047619053
180241,999998.0,1105745.8833333333
180242,2440.0,2472.1388888888887
180243,405000.0,498511.09
180247,600000.0,558774.3333333334
180260,654500.0,621114.1833333333
180261,495000.0,483198.15
180267,738000.0,769795.29
180268,1738000.0,1388123.69
180273,3050000.0,2812745.4166666665
180274,2950.0,3247.213333333333
180277,2300.0,2720.761111111111
180280,410000.0,432272.7
180284,520000.0,516994.4
180287,480000.0,547377.2666666667
180291,2150.0,1675.1640634920636
180292,700009.0,674542.6666666666
180293,495000.0,588436.5
180295,3250000.0,3166698.0222222223
180296,5200.0,5369.96
180300,540000.0,510838.24333333335
180307,3725.0,4945.668888888889
180308,2250.0,2470.1583333333333
180320,1100888.0,1618767.45
180322,80000.0,383610.03
180323,4500.0,4465.83
180331,495000.0,515916.7733333333
180335,865000.0,867251.92
180340,1600000.0,1627618.0966666667
180341,1800000.0,1343161.88
180342,729000.0,752151.4133333333
180343,465000.0,481096.99666666664
180345,2395.0,3193.735555555556
180348,599000.0,548140.0
180352,1057500.0,1115947.58
180353,1130000.0,1137558.5733333332
180354,3235775.0,3553316.48
180355,740000.0,803894.6666666666
180360,1180000.0,1420405.0
180361,650000.0,962695.5
180364,1730000.0,1224746.3533333333
180365,3000000.0,2578422.446666667
180366,1025000.0,1358798.2466666666
180368,2512800.0,2886062.6683333335
180370,480000.0,497647.76666666666
180372,1355000.0,1282596.6333333333
180376,2480.0,3051.1644444444446
180377,425500.0,458436.0833333333
180380,1950000.0,1962087.7244444443
180381,700000.0,852577.21
180383,780000.0,719048.1333333333
180384,1780000.0,1840872.4033333333
180385,525000.0,481448.3333333333
180387,3200.0,3029.1
180388,3344000.0,2802130.51
180390,2275.0,2634.322222222222
180391,432000.0,397019.2166666667
180396,545000.0,532059.1022222223
180397,685000.0,592882.32
180398,7000.0,7659.882222222223
180404,4114.0,4063.66
180410,3058985.0,3087055.1566666667
180412,1050000.0,909273.99
180414,800000.0,859129.5466666666
180423,6900.0,6696.533333333334
180424,838000.0,1089880.9733333334
180426,3800.0,3502.3288888888883
180429,830000.0,757654.1133333333
180430,3720000.0,3496675.9966666666
180431,465000.0,461699.73333333334
180434,420000.0,427191.7266666667
180435,1700.0,1880.886111111111
180440,650000.0,619114.61
180442,2200000.0,1872516.8466666667
180443,4200.0,4518.083333333333
180444,805000.0,834219.8666666667
180445,1180000.0,1257900.98
180451,1075000.0,1167390.47
180452,450000.0,472543.9033333333
180454,5400.0,5390.066666666667
180457,5000.0,5000.4511111111115
180458,1099888.0,1132658.3333333333
180461,960000.0,793000.0
180469,480000.0,392195.31666666665
180470,3900.0,4736.48
180486,385000.0,422946.95666666667
180491,5400.0,4651.866666666667
180495,630000.0,608715.6166666667
180500,400000.0,470963.29
180502,270000.0,410182.3333333333
180505,5500.0,5304.527777777777
180508,1875000.0,1406965.71
180513,820000.0,799067.0266666666
180514,1950000.0,1777293.6398000002
180516,535000.0,497133.3677777777
180517,570000.0,554106.6433333333
180519,140000.0,199578.0
180527,437500.0,565229.4833333333
180529,375000.0,397513.5
180531,1700000.0,2093407.2066666668
180532,680000.0,695148.3433333334
180533,1285000.0,1150612.5
180537,385000.0,362673.86
180540,485000.0,474395.58
180543,1300000.0,1284486.4433333334
180545,497000.0,598311.4533333334
180549,1760000.0,1662844.0466666666
180552,6200.0,5720.623333333333
180554,460000.0,476892.3333333333
180557,585000.0,577887.8888888889
180561,645000.0,589722.95
180564,770777.0,852366.51
180572,140000.0,320272.75
180575,333000.0,325115.9666666667
180577,1100000.0,1044664.75
180579,550000.0,555356.91
180582,1895.0,2059.633333333333
180584,1890000.0,2341471.966666667
180591,155000.0,167495.99666666667
180595,673675.0,500938.19666666666
180600,1495.0,1902.6366666666668
180601,715000.0,730360.8966666666
180602,375000.0,387144.1666666667
180605,688000.0,794681.2566666667
180611,4600.0,4044.99
180613,705000.0,827459.16
180614,2800000.0,2303983.9066666667
180618,345000.0,307244.6666666667
180619,560000.0,460977.46
180620,3000000.0,2946658.1
180623,820000.0,797371.3333333334
180626,870000.0,884235.63
180627,599625.0,628711.12
180629,2505000.0,2311648.0033333334
180632,392000.0,384688.0333333333
180633,840000.0,938564.6233333333
180635,241000.0,288431.43333333335
180636,1222485.0,1221716.83
180637,525000.0,605224.3011111111
180639,1200000.0,1535669.9933333334
180642,479990.0,487233.2033333333
180643,592000.0,782598.25
180649,2280000.0,1650684.2666666666
180654,514000.0,483730.9666666667
180655,510000.0,457672.76
180656,910000.0,775002.35
180658,542864.0,570378.5733333334
180659,1200000.0,1311998.42
180660,2500.0,2091.3277777777776
180663,535706.0,543128.6633333333
180665,825000.0,900106.84
180668,1355000.0,1383768.7333333334
180671,900000.0,988703.35
180675,685000.0,724279.0
180681,300000.0,398421.0
180685,1240000.0,1131939.6666666667
180692,1105000.0,874125.0
180702,775500.0,730564.07
180707,355000.0,306210.32666666666
180708,1220000.0,1275877.0533333332
180715,1175000.0,1148935.75
180718,1287500.0,1376751.6
180719,750000.0,713848.6666666666
180721,1612500.0,1374384.1666666667
180723,830000.0,771741.6433333333
180727,325000.0,274502.3333333333
180731,2850.0,2925.144074074074
180740,460000.0,416891.3777777778
180742,860000.0,1277756.6933333334
180743,310000.0,285013.6666666667
180745,877000.0,644098.8033333333
180748,610000.0,228218.08
180752,3250.0,3433.32
180753,645000.0,720621.9866666667
180754,665000.0,631481.21
180755,2250000.0,1706641.4033333333
180756,1490000.0,1772074.7333333334
180763,1700.0,1691.7033333333334
180764,543862.0,538563.61
180765,120000.0,163470.66666666666
180767,875000.0,806035.6166666667
180771,329900.0,311621.68666666665
180773,719990.0,645686.6366666667
180779,1900000.0,1505858.2175
180781,699990.0,599310.9666666667
180782,603000.0,574282.6
180787,142000.0,198291.03366666668
180788,1350000.0,1331577.0
180796,585000.0,594481.6666666666
180799,450000.0,417162.2222222222
180806,670000.0,591380.5
180807,558330.0,535936.0066666667
180821,675000.0,541532.54
180837,1220000.0,1078778.0
180848,1879000.0,1623179.69
180850,590000.0,546608.9066666666
180851,470000.0,563471.9933333333
180858,1849000.0,1381452.0366666666
180859,930000.0,841852.3533333334
180860,1691.0,1696.6973333333335
180863,419000.0,364892.1666666667
180867,1650.0,1858.100873015873
180871,605000.0,558734.8666666667
180873,4000.0,3649.403333333333
180874,600000.0,580352.3333333334
180875,1780000.0,1461740.5866666667
180876,539900.0,475178.83666666667
180877,3720000.0,3888825.28
180878,2295.0,2451.8777777777777
180882,2875.0,3065.838333333333
180889,596000.0,588982.46
180894,4600.0,4268.9766666666665
180898,4300.0,4276.309523809524
180900,860000.0,1124262.7276333333
180901,10500.0,12629.983333333334
180902,675000.0,796689.2866666666
180905,795000.0,840642.7333333333
180909,1670000.0,1483600.0
180912,545000.0,501795.74666666664
180913,675000.0,689606.6666666666
180918,9500.0,12547.39
180920,185000.0,399560.58
180922,650000.0,688961.96
180924,2975.0,3495.133333333333
180925,1505000.0,1592339.01
180935,600000.0,683956.66
180937,799990.0,792466.4433333334
180941,509900.0,528097.9133333333
180942,1820000.0,2043201.62
180943,535000.0,516295.9
180944,1000000.0,1563803.83
180948,860000.0,753928.3333333334
180950,625000.0,556054.3133333334
180951,356000.0,1004222.8666666667
180952,3235000.0,1762194.75
180955,585500.0,626234.2333333333
180958,405000.0,508368.3466666667
180960,785000.0,718459.3133333334
180961,965000.0,1038552.1666666666
180962,730000.0,1034917.8333333334
180963,1795.0,12571.833333333334
180964,430000.0,484353.6666666667
180969,4250.0,4367.9766666666665
180972,1100000.0,976625.0
180975,470000.0,435540.98
180983,825000.0,887296.7466666667
180985,564046.0,522191.54
180989,589900.0,509973.99666666664
180991,549900.0,558311.77
180998,3555000.0,2658387.25
180999,1160000.0,1126516.46
181000,575000.0,602139.5933333334
181002,255000.0,266137.3333333333
181013,376000.0,329193.81666666665
181014,665000.0,625167.13
181016,775000.0,755704.5033333333
181019,3400000.0,2677791.9377777777
181020,430000.0,457087.89666666667
181022,4900.0,4933.1033333333335
181027,690000.0,596607.7166666667
181028,865000.0,812980.2066666667
181031,7399.0,7428.233333333334
181035,885000.0,845600.0
181044,570000.0,526470.2466666667
181046,923000.0,855450.6666666666
181049,490000.0,430251.29333333333
181051,1075000.0,1142169.68
181055,775000.0,762108.3266666667
181056,3200.0,4205.136666666666
181067,635000.0,564664.1666666666
181068,1815000.0,2161033.768866667
181069,1910000.0,1783274.5666666667
181072,4850.0,5404.128055555555
181073,1125000.0,1136811.85
181074,251000.0,234466.33333333334
181079,865000.0,942043.32
181080,489000.0,552105.8333333334
181081,600000.0,592222.8666666667
181087,1280500.0,1345465.99
181097,1703000.0,1446329.6266666667
181098,1400000.0,1189278.2633333334
181099,1680000.0,1723745.93
181104,1641000.0,1814410.8370333337
181108,2700.0,2825.766666666667
181112,5200.0,4800.377777777779
181115,2200.0,2905.065
181116,625000.0,653938.7
181121,2599.0,3007.58
181122,720000.0,727862.28
181123,620000.0,679962.69
181130,685000.0,807990.0
181132,1950.0,1944.7149404761901
181133,598000.0,539442.6033333334
181136,773500.0,676598.1533333333
181143,730000.0,769575.7466666667
181146,374000.0,400960.9633333333
181151,4800.0,4947.083333333333
181154,450000.0,414579.4733333333
181156,910000.0,890716.6666666666
181158,1130000.0,1248487.99
181160,500000.0,515602.41333333333
181161,3500.0,3716.1433333333334
181166,640000.0,619841.0
181167,540000.0,655033.9733333334
181168,475000.0,400770.54
181172,820000.0,739218.75
181174,2250000.0,1796276.9966666666
181182,1191000.0,1227798.33
181188,775000.0,759884.04
181189,745000.0,699816.6566666666
181194,345000.0,345339.0
181195,530000.0,524540.7366666667
181197,489000.0,397273.0
181204,4500000.0,2243961.546666667
181206,2450.0,2266.9933333333333
181209,675000.0,560548.04
181210,686000.0,691339.97
181214,2225000.0,2098304.61
181216,780000.0,803533.6266666667
181217,1052000.0,1065822.05
181219,1025000.0,846285.2966666666
181221,3795.0,3525.627222222222
181223,484990.0,455175.66333333333
181231,475000.0,417505.5833333333
181235,1355000.0,1258513.15
181240,540000.0,495317.80666666664
181242,275725.0,386572.31666666665
181246,990000.0,966904.5655555556
181247,1110000.0,938546.0
181252,905000.0,957359.9966666667
181260,1850.0,1923.0138888888891
181261,3664800.0,2954294.3439999996
181263,700000.0,657768.8333333334
181267,2025000.0,1923835.6666666667
181268,989998.0,1179000.3766666667
181271,659000.0,683780.2566666667
181279,650000.0,664136.3566666667
181280,563000.0,551629.6666666666
181281,832000.0,858573.1866666666
181282,820000.0,755341.6
181283,2500.0,8623.727777777778
181284,448000.0,439324.38
181288,630000.0,674706.9166666666
181289,579950.0,532835.6133333333
181297,825000.0,986642.2166666667
181300,1625000.0,1492412.34
181303,300000.0,401505.6666666667
181304,780000.0,694714.8
181305,870000.0,839127.0866666667
181314,2520000.0,2690667.6666666665
181320,4150.0,4336.126666666667
181321,2400000.0,1858922.3766666667
181322,280000.0,359332.6666666667
181326,3000.0,3221.0444444444447
181328,1930000.0,1667100.6666666667
181329,445000.0,469849.45
181331,566000.0,558473.3333333334
181332,985000.0,899930.46
181335,927500.0,927447.4504999999
181336,224900.0,372861.04333333333
181338,790000.0,798570.9666666667
181339,1484000.0,1269836.0366666666
181341,500000.0,723471.0266666666
181342,1690000.0,1515131.4733333334
181343,1415000.0,1395468.96
181350,199000.0,331347.6666666667
181353,1180000.0,1105604.1333333333
181356,465000.0,348958.3333333333
181359,775000.0,619972.0
181361,464000.0,415114.4733333333
181363,1000000.0,1226461.0066666666
181367,570000.0,562755.5666666667
181368,449000.0,447257.4633333333
181372,5500.0,4613.570277777778
181373,3575.0,3335.92
181374,955000.0,723444.2222222221
181375,400000.0,471090.59
181378,900000.0,837490.9
181382,1075000.0,1219816.7433333334
181383,4495.0,4678.775
181386,865000.0,676470.8333333334
181387,550000.0,600117.9633333334
181393,495000.0,530539.4444444444
181396,175000.0,301194.4666666667
181398,250000.0,704348.93
181399,395000.0,387272.63333333336
181404,3989.0,3201.4154444444443
181405,410000.0,379665.0833333333
181411,106000.0,260991.62666666668
181412,760000.0,820098.3333333334
181414,2200.0,2250.4378571428574
181421,2800000.0,2161595.5033333334
181424,3160000.0,2976901.72
181426,4000.0,3774.39
181427,1415000.0,1470449.1233333333
181430,455000.0,472559.62666666665
181431,456000.0,466919.5756666666
181439,592093.0,694590.3633333333
181440,1400000.0,1704760.2733333334
181441,450000.0,427521.1666666667
181443,251000.0,429447.0366666667
181445,899000.0,827147.6633333333
181454,1225000.0,1285944.3266666667
181456,820000.0,715223.6633333333
181458,2500000.0,2390266.1066666665
181459,425000.0,569219.9166666666
181460,2795.0,2694.05
181467,522500.0,526076.9333333333
181475,775000.0,744388.0
181479,3495.0,3649.2633333333333
181484,539990.0,564142.53
181485,1285000.0,1204623.3833333333
181487,1175000.0,1251968.9533333334
181495,887000.0,956150.6633333333
181497,2995.0,3191.957142857143
181500,505000.0,528893.4666666667
181505,137650.0,181429.33333333334
181506,23000.0,190169.81666666668
181507,884256.0,957172.51
181509,565000.0,492823.3333333333
181513,4875.0,5362.363333333334
181517,475000.0,382670.33
181524,450000.0,546153.111111111
181525,8000.0,4640.496666666667
181526,517500.0,502930.0733333333
181527,515900.0,556933.4533333334
181530,704000.0,815204.6
181531,1620000.0,1802925.08
181537,3550000.0,3301003.4591666665
181539,575000.0,653818.46
181542,1700000.0,1849120.1766666668
181545,1475000.0,1440707.4833333334
181547,715000.0,815163.0
181550,5250.0,4833.685555555555
181555,3580000.0,2324835.6633333336
181556,580000.0,602625.5566666666
181557,2500.0,3047.02
181558,610000.0,442826.19666666666
181562,850000.0,875961.6333333333
181563,449900.0,449042.31666666665
181565,507500.0,401592.44333333336
181569,1357000.0,1700349.8333333333
181570,275500.0,342675.50666666665
181572,3000.0,2164.056666666667
181575,1840000.0,1747668.3333333333
181578,3950.0,4614.215
181582,1258000.0,1260782.46
181590,435000.0,393877.3333333333
181594,415000.0,400228.00333333336
181600,545000.0,485950.88333333336
181605,2000.0,5210.923333333333
181612,599000.0,616044.6666666667
181618,490000.0,421242.36333333334
181619,5795.0,6413.227777777778
181620,828000.0,807364.2933333333
181621,1275000.0,1264524.1333333333
181624,1300000.0,1506500.0
181633,530000.0,678869.0366666666
181635,310500.0,414343.49333333335
181636,1300000.0,1270721.6166666667
181638,585000.0,497142.6666666667
181643,1370000.0,1304152.6666666667
181644,1200000.0,1181540.3
181645,730000.0,776357.3333333334
181647,2495.0,2909.505555555556
181648,3200.0,2964.0466666666666
181650,680000.0,617740.26
181657,1085000.0,903370.8833333333
181663,5250.0,7719.841066666668
181665,3725000.0,3647744.6666666665
181669,740000.0,661317.0666666667
181670,1200000.0,931436.5
181671,450000.0,427442.3333333333
181672,584900.0,528509.0
181674,580000.0,549450.62
181676,899990.0,892429.8
181679,760000.0,734876.8133333334
181680,1250000.0,1499053.8033333332
181682,620000.0,589501.5333333333
181685,755000.0,612955.2833333333
181690,1025000.0,1354918.22
181693,1620000.0,1374117.6966666668
181694,2900.0,3053.4933333333333
181696,285000.0,451979.33
181701,1899.0,1861.5380952380954
181702,770000.0,777200.8733333333
181704,660000.0,709629.13
181710,402000.0,404768.1666666667
181712,700000.0,707173.6933333334
181714,2200000.0,2389602.41
181719,3300.0,25282.399444444443
181721,1185000.0,1129016.3333333333
181723,2465000.0,2612139.8333333335
181724,4400.0,4967.836666666667
181725,6000.0,5540.216666666666
181726,465000.0,445859.11
181727,779000.0,805504.8333333334
181730,8250.0,7513.766666666666
181731,580000.0,688843.76
181732,3740000.0,3506453.44
181733,445000.0,531283.95
181734,825000.0,752593.6666666666
181736,650000.0,649007.3266666667
181742,2577374.0,2655720.5
181746,150000.0,270304.73333333334
181749,800000.0,920716.2566666667
181753,2650.0,2798.66
181760,6600.0,6894.043333333333
181761,6800.0,6260.516666666666
181762,850000.0,697509.3633333333
181765,5950.0,5155.156666666667
181767,6600000.0,5066725.183333334
181768,370000.0,344131.4633333333
181769,1895000.0,1837480.9266666668
181772,1649.0,1900.27
181777,1430000.0,1122903.6666666667
181780,4200.0,4869.15
181781,1635000.0,1428434.2666666666
181784,549000.0,479938.5
181786,3050000.0,2618837.99
181790,4950.0,4740.913333333333
181796,980000.0,1230517.8
181797,2700.0,2242.3552777777777
181798,3600.0,3486.528222222222
181799,787000.0,843562.12
181810,685000.0,688472.4366666666
181816,3700.0,3937.46
181819,700000.0,731634.5166666667
181821,5100.0,5446.956666666667
181822,875000.0,778567.86
181827,250000.0,264831.0
181828,5200.0,4704.61
181832,1172500.0,1740885.3533333333
181835,560000.0,635432.141111111
181842,265000.0,175275.43
181846,638000.0,690543.4033333333
181847,1750.0,2213.774824619825
181849,1700.0,1765.245574795575
181854,620000.0,614857.69
181856,305000.0,316033.0
181857,2000.0,1872.7533333333333
181858,3830000.0,4939412.666666667
181859,540000.0,556634.6566666666
181862,1110000.0,1392680.0
181867,1047500.0,843486.0
181872,735000.0,587849.0833333334
181873,740000.0,755019.9966666667
181874,750000.0,739571.9933333333
181875,399000.0,411065.23333333334
181876,2074000.0,2116371.8333333335
181878,500000.0,477307.6666666667
181881,446400.0,456829.33666666667
181882,260000.0,357393.5
181883,439000.0,530579.1666666666
181886,1275000.0,1597038.9333333333
181888,600000.0,595626.6366666667
181893,970000.0,1033995.357777778
181896,402000.0,370415.74333333335
181898,1165000.0,1117670.422
181899,215000.0,249893.33333333334
181902,22000.0,13321.997222222222
181903,5450.0,5521.95
181905,1660000.0,1545317.5833333333
181906,537000.0,583443.7966666666
181908,950000.0,1030435.0243333334
181909,637777.0,658770.6666666666
181912,550000.0,645083.3333333334
181917,7200.0,7001.583333333333
181921,630000.0,651709.0
181922,1240000.0,1246793.0744444444
181932,1026000.0,846866.9481
181935,300000.0,363691.3333333333
181940,810000.0,840627.2566666667
181941,7450.0,7835.783333333334
181942,4500.0,4815.382777777778
181943,750000.0,776623.64
181944,510000.0,609060.6633333333
181945,4100.0,4572.233333333334
181949,459000.0,438865.1666666667
181950,3500.0,3667.9822222222215
181951,350000.0,523044.5966666667
181956,849900.0,804778.0
181959,3900.0,4005.1133333333332
181962,795000.0,1294754.0233333334
181963,725000.0,590618.6866666666
181968,362000.0,317282.16333333333
181970,3800.0,3631.5508333333332
181971,90000.0,114882.25
181977,3700.0,4056.7966666666666
181978,2620000.0,2065792.8
181981,1650000.0,1950059.7233333334
181984,838000.0,807285.8333333334
181990,3195000.0,2632403.5566666666
181991,580000.0,590061.1266666666
181995,5300000.0,2506984.1666666665
182002,338000.0,316086.4166666667
182009,486000.0,525464.93
182010,2000.0,2076.9744244644253
182013,540000.0,494892.40444444446
182017,400000.0,699171.88
182021,690000.0,655867.92
182024,700000.0,666618.6666666666
182025,15995.0,11439.166666666666
182028,385000.0,446839.91333333333
182034,4000.0,6742.052222222223
182037,725000.0,723133.3333333334
182039,360000.0,486959.55333333334
182043,905000.0,908746.3
182050,350000.0,451387.5
182053,1975000.0,2061636.6666666667
182058,1137500.0,987879.3033333333
182060,459000.0,410425.375
182063,885000.0,897250.6633333333
182064,1099000.0,1664866.2166666666
182067,1400000.0,1297414.6666666667
182070,351000.0,408754.66333333333
182073,850000.0,1086691.3333333333
182075,5299000.0,5227266.616666666
182076,1600000.0,1384270.54
182077,715000.0,713051.2266666667
182079,475000.0,451949.63666666666
182082,950000.0,879663.0833333334
182085,2085000.0,2134279.1083333334
182088,3700.0,3425.13
182089,1360000.0,1607535.7333333334
182093,2700.0,2700.715
182096,2700.0,2702.4075
182102,405000.0,473172.16333333333
182103,399000.0,315309.2633333333
182104,2300000.0,2505322.8858333332
182106,515000.0,489903.2
182115,1585000.0,1307612.1666666667
182118,520000.0,494310.45666666667
182120,943000.0,887606.3
182123,452000.0,462305.8
182124,5300.0,5716.166666666667
182125,10850.0,21119.73111111111
182129,108000.0,194262.12555555554
182130,569900.0,555800.57
182131,1000000.0,759097.7733333333
182137,275000.0,447108.8777777778
182140,1185000.0,1292461.0
182141,675000.0,619860.33
182142,640000.0,605924.81
182145,1620000.0,1518628.3566666667
182147,3600.0,5533.576666666667
182148,2475000.0,1842885.1666666667
182150,828000.0,811646.6666666666
182151,6850.0,7880.72
182152,1095000.0,1326007.64
182153,235000.0,209010.66666666666
182157,440000.0,458670.0
182158,1375000.0,1013071.1166666667
182165,1600000.0,1819558.3366666667
182166,503000.0,547289.33
182169,1780000.0,1337123.0166666666
182171,360000.0,513049.6666666667
182172,1802500.0,1688998.4266666668
182173,450000.0,458013.60333333333
182179,500000.0,498038.2222222223
182180,6700.0,7304.893266666668
182186,460000.0,472521.4722222223
182187,1178500.0,1167811.6666666667
182191,1848888.0,2095123.8199
182193,3900.0,4033.48
182196,2655000.0,2305313.1933333334
182198,1800000.0,1461335.1
182202,979000.0,794274.9433333334
182203,1725000.0,1843935.6933333334
182207,665000.0,625499.89
182212,925000.0,991607.4266666666
182214,224000.0,306088.66399999993
182216,32500.0,151961.49666666667
182218,322000.0,326829.4666666667
182219,955000.0,1006601.5855555556
182220,400000.0,391164.58666666667
182232,1279000.0,1128851.7333333334
182233,580000.0,666558.5
182236,423000.0,427251.67333333334
182237,975000.0,1019506.2133333334
182238,2400.0,2394.278333333333
182241,515000.0,504115.185
182242,385000.0,298370.47
182243,570000.0,572338.4411111112
182248,1100000.0,1187762.0
182249,3700.0,4157.57
182251,580000.0,584076.72
182254,230000.0,244264.77666666667
182255,380000.0,287359.66
182256,995000.0,955307.8333333334
182262,900000.0,832576.97
182265,715000.0,767238.3333333334
182268,3600.0,2641.13
182269,940000.0,1043836.1333333333
182276,3500000.0,1851234.5833333333
182277,1175000.0,1049869.0633333332
182279,3750.0,3856.4933333333333
182283,634000.0,611981.6333333333
182286,484000.0,462276.4722222223
182287,1065000.0,1028263.3333333334
182297,4850.0,5124.403333333334
182298,925000.0,953096.5233333333
182299,5500000.0,4022471.0733333332
182300,1400000.0,889599.77
182301,5100.0,5756.7025
182305,280000.0,272501.6666666667
182307,1900000.0,1873919.6533333333
182309,1131000.0,1020548.3333333334
182310,1490000.0,1318325.3933333333
182311,840000.0,748008.2666666667
182313,1580000.0,1482234.37
182314,1245000.0,1129323.8966666667
182318,530000.0,529177.8933333333
182320,940000.0,1041996.6666666666
182323,850000.0,849845.09
182326,1062000.0,550001.2366666667
182333,305000.0,312784.38333333336
182336,800000.0,754552.1333333333
182337,575000.0,528701.1966666667
182338,2050000.0,2658016.3
182341,1250000.0,1308565.7233333334
182342,720000.0,1477938.7333333334
182347,684000.0,668827.97
182350,1375000.0,1294120.4233333333
182352,910000.0,850631.4866666667
182356,1105000.0,1122587.1566666667
182357,520000.0,542386.142222222
182358,6000.0,6026.13
182365,914000.0,905554.3333333334
182366,435000.0,716254.37
182372,600000.0,632581.9966666667
182375,525000.0,523579.63333333336
182376,9750.0,6458.393333333333
182388,474000.0,473795.6666666667
182389,650000.0,629970.9033333333
182392,375000.0,404857.7966666667
182393,705000.0,689465.3333333334
182394,3000.0,3207.7766666666666
182396,405000.0,412004.62333333335
182399,1360000.0,1263679.52
182401,1065000.0,1071666.5155555555
182403,1385000.0,1278140.3333333333
182404,625000.0,651824.83
182407,405000.0,378468.86111111107
182408,3900.0,3057.1938333333333
182411,640000.0,604568.0333333333
182413,640000.0,776423.3233333334
182417,200000.0,200727.23111111112
182420,1110000.0,952871.1566666666
182422,820000.0,854789.9933333333
182429,3000.0,2952.6266666666666
182430,593958.0,624958.65
182431,560000.0,554500.6266666667
182433,538500.0,592477.46
182438,1020000.0,1242751.0755555555
182441,415000.0,408989.1666666667
182442,725000.0,542398.13
182443,1800000.0,1982270.6333333333
182446,440000.0,450611.37666666665
182447,1235000.0,1240997.3333333333
182450,650000.0,660515.6333333333
182452,615694.0,609127.68
182453,620000.0,744526.0
182461,1361000.0,1135076.3333333333
182463,900000.0,874165.84
182465,635000.0,649397.3333333334
182470,1005000.0,943689.66
182473,1102000.0,1282647.2833333334
182474,1055000.0,1041509.5666666667
182478,3700.0,7189.86
182479,489000.0,592836.0
182480,1730000.0,1788391.0996
182481,580000.0,602736.0133333333
182482,408000.0,387881.6666666667
182483,1695000.0,1397954.8833333333
182484,1300000.0,1624333.06
182485,1899000.0,1645243.34
182488,1245000.0,1300190.1266666667
182489,1296205.0,1609769.66
182491,400000.0,459232.7833333333
182495,828000.0,877579.46
182496,180000.0,236832.49
182499,4500.0,9841.362222222224
182503,395000.0,449087.9733333333
182505,1300000.0,1329307.0166666666
182507,3500.0,3647.639777777778
182509,1630000.0,1828564.6266666667
182510,799000.0,740375.5833333334
182511,415000.0,392647.6666666667
182512,380000.0,353404.07
182513,525000.0,528783.1633333333
182519,925000.0,992588.0
182520,2088000.0,2122965.6166666667
182522,760000.0,814400.9033333333
182523,1010000.0,998105.6266666667
182524,1565000.0,1452432.2766666666
182528,625000.0,610423.1166666667
182529,1305000.0,1443763.2333333334
182530,735000.0,746351.6666666666
182543,289000.0,234053.11
182544,442000.0,407190.99
182552,247500.0,287272.0466666667
182554,540000.0,557285.1666666666
182555,1260000.0,1114451.2333333334
182556,455900.0,455404.07666666666
182557,1950000.0,1577106.805
182558,1285000.0,1301722.1666666667
182561,3500.0,3407.806666666667
182566,2750.0,2858.1183333333333
182569,705000.0,722625.9066666666
182570,1275530.0,1395715.6533333333
182574,869000.0,951001.7388888887
182575,1250000.0,826658.3233333334
182576,790000.0,780217.1666666666
182577,4500.0,4334.1
182578,1210000.0,1233694.0
182579,1110000.0,1156473.3233333332
182581,5200000.0,2843191.66
182584,2350.0,2190.931626984127
182587,737000.0,746855.6666666666
182595,1000025.0,1214983.3
182599,485000.0,474118.18666666665
182600,1883500.0,1445271.1966666668
182602,1650000.0,1146597.7066666668
182606,799900.0,968223.7733333333
182609,383000.0,366645.38333333336
182614,2000.0,2011.2633333333333
182621,4150.0,4040.4408333333336
182622,2900.0,2965.030333333333
182624,585000.0,576489.2333333333
182626,935000.0,584965.6666666666
182630,2300.0,2271.9333333333334
182635,1610000.0,1505304.8958666667
182643,449000.0,410979.6111111111
182649,454000.0,424809.66
182651,1735000.0,1433123.34
182654,13500000.0,5205801.816666666
182658,1325000.0,1256144.2933333332
182659,999000.0,901359.2455555556
182665,285000.0,312376.24666666664
182666,525000.0,551180.38
182667,1335000.0,1392211.2
182668,635000.0,764711.0277777779
182671,625080.0,595695.8266666667
182672,669000.0,865309.1333333333
182673,2650000.0,2215177.4433333334
182675,581000.0,653016.6366666667
182680,275000.0,271206.6666666667
182681,985000.0,927054.99
182684,1710000.0,1780777.4133333333
182690,2100.0,2015.934742063492
182693,910000.0,813309.2166666667
182694,2930000.0,2598981.05
182695,689000.0,662101.1333333333
182696,91000.0,158021.43333333332
182706,390000.0,395833.5
182707,526500.0,618761.3333333334
182708,2550000.0,1124447.9066666667
182712,1895.0,1778.16
182717,2750.0,2850.262222222222
182718,595000.0,648830.41
182724,305000.0,290463.6666666667
182726,885000.0,530042.96
182727,715000.0,770158.3333333334
182732,3600.0,3480.403333333333
182733,1420000.0,1201455.8133333332
182735,312500.0,335336.00333333336
182737,435000.0,440809.9633333333
182740,965000.0,1181982.8366666667
182742,699000.0,716775.25
182744,750000.0,806896.2866666666
182746,1500000.0,1337105.6733333333
182747,675000.0,744786.0133333333
182750,1125000.0,797242.43
182752,690000.0,856679.9
182754,1239933.0,1193383.3333333333
182757,2502000.0,2206764.1666666665
182758,335000.0,353987.84
182761,295000.0,366834.1277777778
182763,630000.0,630058.6966666667
182764,795000.0,873895.0
182767,2200.0,3972.950714285714
182768,4750.0,5143.733333333334
182771,730000.0,777452.3333333334
182774,300000.0,268749.6566666667
182775,765000.0,715594.75
182777,1600000.0,1787642.8433333333
182778,2200000.0,2116027.933333333
182779,340000.0,583174.0
182782,1785000.0,1645422.6666666667
182783,650000.0,660259.66
182784,350000.0,969785.2
182787,1908000.0,1954606.3933333333
182790,900000.0,1033517.9633333334
182792,6295.0,8755.773333333333
182793,1370000.0,1298474.9233333333
182801,553000.0,532910.9933333333
182807,2300.0,2161.1900793650793
182809,935000.0,1062277.8133333332
182812,3400.0,3718.8233333333333
182813,725000.0,488147.0966666667
182816,557777.0,595798.09
182819,1235000.0,1109536.2933333332
182821,2250.0,2774.22
182824,560000.0,549616.1666666666
182826,4892500.0,3702168.6333333333
182829,2600000.0,1999332.1998333335
182830,4800.0,5222.33
182833,415000.0,396040.30333333334
182834,1200000.0,944768.33
182838,649000.0,549052.523015873
182839,2395.0,3327.06
182841,2240000.0,2218134.9166666665
182842,380000.0,336147.0
182846,900000.0,934810.0
182850,430000.0,459996.74666666664
182851,3000.0,2800.8555555555554
182854,549900.0,612935.9733333334
182863,1005000.0,917382.21
182869,765000.0,778454.6233333333
182872,3800.0,10121.039365079365
182874,760000.0,780442.5
182877,1510000.0,1319414.33
182878,7585000.0,4059778.3333333335
182879,398000.0,291140.5
182880,2421000.0,2485943.7666666666
182885,667000.0,646325.96
182888,572000.0,562293.3333333334
182890,5300000.0,4076792.683333333
182892,7600000.0,5133774.483333333
182894,795000.0,673844.5316666666
182899,650000.0,644343.8133333334
182900,1375000.0,1310209.0833333333
182901,975000.0,1042487.1666666666
182903,1312000.0,1473325.6
182905,3300.0,3702.2833333333333
182911,510000.0,704106.2833333333
182913,1799000.0,1678619.1
182915,1675000.0,1933617.6933333334
182916,980000.0,894671.3147666667
182917,215000.0,252435.86666666667
182918,2700000.0,2474259.993333333
182920,614900.0,594807.8166666667
182928,1120000.0,1273976.7666666666
182930,555000.0,557942.1266666667
182931,489990.0,500679.0333333333
182937,313000.0,275856.5333333333
182945,2499.0,3296.401111111111
182948,300000.0,276247.6666666667
182949,575000.0,538447.7166666667
182952,7000.0,8250.54
182953,1420000.0,1314276.5833333333
182955,570000.0,466513.2
182956,480000.0,500022.87666666665
182958,730000.0,740518.3333333334
182959,800000.0,692273.5666666667
182960,725000.0,762107.9666666667
182961,4900.0,4925.776666666667
182968,2440000.0,1830673.65
182970,375000.0,278388.6666666667
182973,1430000.0,2119108.2933333335
182974,3015.0,3388.67
182978,670000.0,768696.0
182980,4600.0,4453.838333333333
182981,1785000.0,1652546.6633333333
182982,3300.0,3164.746111111111
182984,2900000.0,2056230.1733333333
182986,475000.0,483342.0966666667
182987,4500.0,3398.06
182989,1160000.0,1251474.14
182992,850000.0,1046743.0
182993,600000.0,555885.5033333333
182994,3000.0,3108.3416666666667
182999,702000.0,794098.05
183000,420000.0,492195.5
183003,925000.0,1764088.29
183007,565000.0,548991.42
183009,960000.0,1108040.9
183010,925000.0,1137718.2613333336
183011,1050000.0,1514696.6666666667
183018,1189000.0,1168155.6266666667
183019,1156000.0,1275515.22
183024,1370000.0,1386619.1333333333
183028,605000.0,560526.6433333333
183029,365000.0,547107.15
183031,1880000.0,1987095.4166666667
183032,15000.0,167777.00555555554
183040,1325000.0,1095897.7733333334
183043,1765000.0,2314401.946666667
183047,950000.0,1015646.25
183049,775000.0,603233.8133333334
183051,375000.0,409829.08
183053,1400000.0,713502.2666666667
183055,719000.0,674552.35
183056,435000.0,561389.14
183057,1200000.0,1763168.5866666667
183059,333000.0,335576.38666666666
183065,438000.0,720146.49
183067,18000.0,26370.45
183068,581000.0,553240.01
183074,445000.0,468707.8055555556
183078,470000.0,619288.91
183080,1600000.0,1256138.8433333333
183084,718000.0,1012991.1666666666
183087,567000.0,610832.0666666667
183092,540000.0,488608.9766666667
183097,1600000.0,1501335.1133333333
183098,888000.0,760995.95
183099,650000.0,635177.5666666667
183101,1795000.0,1547490.0
183103,3845000.0,2881695.0
183115,1575000.0,1498305.4966666666
183120,1350000.0,1758520.1333333333
183121,720000.0,718771.9744444445
183122,1749000.0,1896932.2583333333
183125,420000.0,408364.22
183127,790000.0,746715.8666666667
183128,625000.0,603938.3333333334
183129,645000.0,550334.7966666666
183130,6800.0,7161.241666666667
183132,510000.0,528510.3666666667
183135,450000.0,604919.9
183137,420000.0,406815.73333333334
183139,2000.0,2261.8111111111107
183141,1200000.0,946338.0366666666
183143,2500.0,2684.0537037037034
183145,749000.0,548250.6166666667
183146,585000.0,559150.6788888889
183148,875000.0,926880.6933333334
183150,729000.0,650825.36
183153,750000.0,746510.3266666667
183162,520000.0,629762.94
183163,435000.0,394541.6533333333
183164,160000.0,234605.66666666666
183168,6000.0,5434.533333333334
183169,515000.0,549560.1433333333
183171,12500.0,11259.2
183177,13500.0,11369.75
183178,1559000.0,1924399.9508333334
183180,3260000.0,3166273.1466666665
183181,900000.0,869466.2
183182,685000.0,834338.4033333333
183185,609000.0,581972.4166666666
183186,602000.0,578946.2266666667
183188,1490000.0,2016693.6666666667
183190,1050000.0,953711.7
183191,555000.0,717892.61
183196,570000.0,521893.1766666667
183198,335000.0,373039.6666666667
183201,415000.0,383385.5333333333
183202,1000000.0,1333930.3466666667
183209,890000.0,869157.6666666666
183210,459000.0,384100.5
183211,1050000.0,1022113.8
183212,655000.0,534098.5
183215,1120000.0,1505496.6666666667
183217,1280000.0,886226.15
183221,1060200.0,898446.0966666667
183222,1100000.0,1273790.4133333333
183226,598000.0,638410.0066666667
183227,800000.0,812924.0866666667
183230,10950.0,7283.804444444445
183231,481000.0,573482.5
183233,7212500.0,4824598.02
183240,800000.0,736871.2433333333
183241,810000.0,927540.0
183256,575000.0,508130.33666666667
183263,825000.0,893712.2533333333
183264,370000.0,348069.8333333333
183269,599000.0,486532.4733333333
183270,297500.0,298653.3333333333
183277,2500.0,2602.7744444444447
183279,850000.0,781482.2466666667
183280,1812500.0,1648894.2333333334
183283,850000.0,737895.0
183288,875000.0,988727.9166666666
183289,1100000.0,1066494.67
183290,6200.0,6184.903333333334
183291,980000.0,909618.3766666667
183301,2840000.0,2211098.9733
183303,2250.0,2218.5555555555557
183309,720000.0,707868.0033333333
183314,790000.0,780289.2533333333
183318,2075000.0,1697924.2975
183320,460000.0,346198.44
183321,620000.0,575152.13
183323,1220000.0,1236488.79
183324,1040000.0,916487.9066666666
183326,1580300.0,1367201.0133333334
183328,780000.0,728237.08
183333,535000.0,514408.0
183335,1980000.0,1682967.4766666666
183341,1525000.0,1742495.5033333334
183343,825000.0,830812.5633333334
183353,424000.0,415775.91333333333
183357,2412500.0,1635108.8466666667
183359,782400.0,749472.3333333334
183363,1372000.0,1280580.5176666668
183364,615000.0,761880.4766666667
183368,950000.0,824426.0266666666
183370,760000.0,851593.1466666666
183372,1330000.0,1115854.5633333332
183374,775000.0,651984.54
183378,700000.0,866776.33
183379,6500.0,7655.7588888888895
183380,919000.0,1151090.51
183384,17000.0,16850.075555555555
183386,1100000.0,998066.2
183390,410000.0,373698.9266666667
183394,785000.0,631189.0733333334
183397,663400.0,689748.28
183399,608000.0,688040.2666666667
183402,1750000.0,2244534.98
183404,925000.0,953318.3333333334
183406,1949900.0,1397286.2933333332
183412,925000.0,807154.4966666667
183418,455000.0,446407.86666666664
183421,443000.0,428061.5
183422,685000.0,651894.2333333333
183427,735000.0,761926.5888888888
183432,6495.0,7005.583333333333
183435,305000.0,478332.56666666665
183436,730000.0,820182.45
183442,1210000.0,1002676.7833333333
183443,2600000.0,3222148.683333333
183444,650000.0,687996.6633333333
183445,1225000.0,999374.0
183448,625000.0,575643.3333333334
183453,542136.0,531015.3533333334
183456,805000.0,963504.3733333333
183458,4000.0,9182.169444444446
183459,730000.0,639703.3333333334
183461,633605.0,586800.1266666667
183467,560799.0,576425.1766666666
183471,1150000.0,1351199.7466666666
183472,632000.0,1052812.2933333332
183473,825000.0,763025.6666666666
183475,685000.0,911946.2233333334
183477,695000.0,674989.0
183480,1100384.0,1468073.6944444445
183481,1335000.0,1305850.8666666667
183482,790000.0,817125.9444444445
183483,625000.0,636568.8555555557
183484,789000.0,812628.4633333334
183485,1624000.0,1974424.74
183489,799000.0,793716.3333333334
183493,429000.0,451946.31333333335
183494,1600000.0,1465941.5733333332
183495,735000.0,830687.935
183496,591400.0,649194.49
183499,662000.0,798122.9666666667
183501,299000.0,278999.6666666667
183504,564000.0,738030.5
183507,780000.0,849141.1666666666
183510,5100.0,4646.046666666667
183512,1390000.0,563629.4
183513,1395000.0,1413758.92
183516,3000.0,4250.401944444445
183517,180000.0,193434.66666666666
183521,315000.0,335691.85
183522,622500.0,766124.8033333333
183524,7102500.0,4746523.75
183527,85000.0,110816.33333333333
183528,1505000.0,1518293.3333333333
183531,875000.0,956249.6966666667
183533,2395.0,2627.061111111111
183537,1122000.0,1082298.2143333333
183544,1387500.0,1213218.7781666666
183546,820000.0,1089009.59
183549,499900.0,494940.04333333333
183550,897000.0,874480.2333333333
183553,435000.0,437787.86666666664
183554,1475000.0,1711480.6666666667
183557,565000.0,433599.6
183558,215000.0,229059.55
183560,2625000.0,2876766.3466666667
183572,647000.0,665638.5166666667
183575,1125000.0,1263402.8288888887
183580,2800.0,13997.753333333334
183581,410000.0,410666.0
183594,400000.0,466515.25
183596,750000.0,763887.08
183602,470000.0,389464.93333333335
183605,500000.0,506299.6666666667
183608,1550000.0,1786872.9733333334
183611,3095000.0,1925396.4266666668
183616,7895.0,6962.75
183623,1185000.0,1234637.96
183624,445000.0,611713.6466666666
183626,2645.0,2634.9755555555557
183632,3300.0,3615.9166666666665
183633,230000.0,248058.68333333332
183638,1150000.0,1163959.2666666666
183648,3500000.0,3415366.2466666666
183650,175000.0,246074.33333333334
183658,2500.0,1991.7004761904761
183659,1027500.0,926080.6666666666
183661,975000.0,778618.4366666666
183662,1333000.0,1407669.69
183664,875000.0,948536.3166666667
183669,540000.0,524566.3333333334
183671,26000.0,3528.62
183672,620000.0,762136.3833333333
183673,1288000.0,1278327.4666666666
183676,1139850.0,892713.2
183677,755000.0,847548.4133333333
183680,1077500.0,898161.6666666666
183681,450000.0,855454.0833333334
183682,5800.0,4965.445757575758
183684,635000.0,650482.5833333334
183687,3650000.0,4560856.346666667
183689,1050000.0,1085266.6866666668
183690,495000.0,502236.2777777778
183693,998000.0,1445903.3933333333
183694,4550000.0,3666425.433333333
183697,1150000.0,1505737.2433333334
183699,760000.0,766802.2466666667
183702,1705000.0,1674110.3333333333
183705,237500.0,279736.3
183706,2500000.0,1780678.7
183707,715000.0,636329.0933333334
183714,663000.0,594218.8333333334
183719,1774999.0,2134472.3455000003
183721,445000.0,445975.2833333333
183726,450000.0,589325.1466666666
183730,1100000.0,1424884.6666666667
183733,3800.0,3594.8566666666666
183735,765000.0,729016.5533333333
183737,265000.0,291773.4
183738,270000.0,482370.0833333333
183743,3995.0,3721.538777777778
183747,424000.0,402843.59
183749,560000.0,562645.3366666667
183751,4995.0,4993.780158730159
183755,1990000.0,2517329.46
183759,1600000.0,1369702.48
183762,240000.0,317908.58666666667
183765,315000.0,397978.61111111107
183767,875000.0,904471.5633333334
183768,1545.0,1616.1
183769,341900.0,256029.16666666666
183772,20000.0,17546.11111111111
183776,2600.0,3094.116666666667
183782,810000.0,704609.07
183785,1345000.0,1243067.6
183791,1995.0,2206.4
183794,560000.0,601519.8966666666
183797,2199.0,2500.304922222222
183798,360000.0,350712.19333333336
183803,390000.0,405425.32666666666
183805,452000.0,467499.25
183807,1285000.0,1144715.07
183808,1680000.0,1605751.8733333333
183809,1440000.0,1475805.7933333332
183810,1505000.0,1838968.0033333334
183818,440000.0,514838.26
183825,2350.0,2096.2697222222223
183828,2126000.0,1940843.5
183830,2450.0,2269.73
183831,3950000.0,3518049.933333333
183832,3500.0,3606.3716666666664
183835,1305000.0,993119.7566666667
183836,5465.0,5424.883333333333
183837,555000.0,511549.5933333333
183842,839000.0,1029373.89
183843,1625000.0,1605719.7133333334
183844,520000.0,443638.6666666667
183847,580000.0,864313.5666666667
183853,625000.0,831071.0
183856,1000000.0,905831.1433333333
183863,454000.0,376044.7966666667
183864,326000.0,501940.23
183865,5000.0,5349.216666666666
183868,963000.0,971406.58
183872,3100.0,2853.4166666666665
183874,429000.0,563135.4311111111
183875,855000.0,867945.0
183876,2700.0,3102.269866666667
183880,285000.0,317693.23333333334
183883,325000.0,317693.23333333334
183884,2500.0,3002.5777777777776
183887,700000.0,681833.8266666667
183889,5000.0,5011.683333333333
183890,1850.0,2114.463333333333
183891,515000.0,519910.428888889
183900,6300.0,6785.996666666667
183901,658000.0,579003.1433333333
183903,842000.0,899152.3033333333
183906,575000.0,576433.3333333334
183912,4999.0,6868.398888888889
183913,685000.0,826787.3333333334
183915,2080.0,2368.673333333333
183917,314900.0,314175.6666666667
183918,2345000.0,2409582.553333333
183919,505000.0,493687.0
183926,975000.0,955718.4366666666
183931,540000.0,532519.9433333334
183932,6500.0,4668.8788888888885
183933,532000.0,556961.05
183934,280000.0,312906.0733333333
183940,1000000.0,1195446.7929333334
183943,802000.0,831448.2266666667
183944,665000.0,734585.5033333333
183947,177000.0,264651.94666666666
183949,2075000.0,2087826.4566666668
183951,1235000.0,1062930.3333333333
183952,1310000.0,1266232.4933333334
183954,3200.0,3182.975
183956,1750000.0,2762033.0033333334
183957,265000.0,381458.31333333335
183960,920000.0,961679.4466666667
183961,1044850.0,1069887.9371666666
183965,520000.0,505353.5322222223
183968,390000.0,389880.0
183970,1450.0,1618.6272222222224
183972,839000.0,931006.6666666666
183977,1600000.0,1668044.05
183981,397000.0,432639.5833333333
183985,705000.0,735585.4466666667
183991,640000.0,497469.3433333333
183993,7500.0,6838.766666666666
183998,698000.0,637845.1233333333
184003,1250.0,1725.7377777777776
184004,1475000.0,1091263.3333333333
184013,250500.0,326669.82666666666
184014,920000.0,927909.02
184017,1299000.0,1298973.2633333334
184018,545000.0,509849.99666666664
184022,12000.0,9330.827777777778
184023,755000.0,791291.6666666666
184025,216000.0,242441.83
184028,830000.0,782115.97
184032,1800.0,1936.8998148148146
184038,630000.0,713136.3333333334
184045,750000.0,749032.1833333333
184054,515000.0,513808.2833333333
184057,750000.0,805271.2366666667
184064,405000.0,440939.48
184074,595000.0,579491.6333333333
184076,2835000.0,2696102.533333333
184079,495000.0,490485.99666666664
184081,656000.0,789725.9666666667
184088,880000.0,939945.4811111112
184098,1270000.0,1311540.2
184099,6200.0,6290.233333333334
184100,6500.0,7120.987222222223
184102,2120000.0,1668930.2533333334
184109,1050000.0,1214681.2266666666
184114,3995.0,3776.9
184115,1210000.0,891597.5533333333
184117,1995.0,2278.0133333333333
184120,850000.0,683885.5833333334
184122,677000.0,649744.7966666666
184128,2850.0,3370.7325
184129,555000.0,499206.3555555556
184130,745000.0,846515.7333333333
184132,2110000.0,1654180.6833333333
184133,2500.0,2985.661111111111
184136,825000.0,781392.76
184137,517000.0,630429.28
184138,605000.0,511620.88333333336
184141,509000.0,510938.57666666666
184144,1000000.0,1123184.24
184146,785000.0,692630.3166666667
184149,1030000.0,1082035.6533333333
184154,1350000.0,1198374.6666666667
184156,600000.0,563365.5
184157,980000.0,901410.95
184162,315000.0,343925.76666666666
184164,975000.0,870888.0411111111
184166,990000.0,1123459.56
184167,1050000.0,1180674.2166666666
184175,524000.0,532209.4733333334
184176,4000.0,3737.457222222222
184177,699000.0,644391.0366666666
184182,395000.0,325659.3819047619
184183,1390000.0,1349047.5033333334
184184,380000.0,397522.25666666665
184186,1453000.0,1259190.0966666667
184187,2125000.0,1810090.2918333332
184189,1325000.0,1274869.4166666667
184199,10500.0,12334.903888888888
184203,625000.0,743286.7233333334
184209,470000.0,389724.6666666667
184210,950000.0,1072439.6333333333
184214,1040000.0,1063829.057777778
184215,4350.0,4261.316666666667
184219,1150000.0,1356611.9233333333
184220,1065000.0,1071921.1666666667
184221,5750.0,5669.072222222222
184224,835000.0,860459.2933333333
184225,505000.0,546158.81
184227,650000.0,647423.0233333333
184228,580000.0,1107341.0333333334
184232,975000.0,973466.8333333334
184233,530000.0,479078.3333333333
184236,790000.0,794541.39
184240,1000000.0,1152565.27
184242,839999.0,859164.9966666667
184243,880000.0,959575.25
184247,957000.0,1025219.9966666667
184249,1094000.0,1116642.5733333332
184250,2845000.0,3124940.36
184253,730000.0,722243.0066666667
184255,865000.0,884145.8666666667
184259,3000.0,3244.8766666666666
184262,480000.0,708411.3333333334
184269,1274800.0,1196998.2933333332
184270,335000.0,333726.86
184271,665000.0,721486.0866666667
184274,3300.0,2778.991666666667
184275,2000.0,2140.207402116402
184276,1760000.0,1732076.4666666666
184277,630000.0,609512.84
184280,700000.0,1148548.81
184282,2690000.0,2524594.56
184283,694000.0,690463.1833333333
184285,6495.0,5314.4736111111115
184288,750000.0,806112.67
184290,1035000.0,899412.7766666666
184298,555000.0,590458.6766666666
184305,570000.0,761854.28
184306,5000.0,7175.066666666667
184310,1400000.0,1352169.8133333332
184315,920000.0,923782.8433333334
184317,442500.0,439589.55555555556
184318,885000.0,611667.8333333334
184322,1630000.0,2091696.6666666667
184324,418000.0,422986.63333333336
184327,929000.0,967390.2666666667
184328,1215000.0,1127772.6666666667
184330,660000.0,781052.3333333334
184332,6700.0,7857.610634920635
184334,660000.0,733738.9833333333
184336,645000.0,656809.1833333333
184341,160000.0,400068.0733333333
184343,540000.0,554574.86
184347,415000.0,428454.3333333333
184353,641950.0,607273.6833333333
184354,1300.0,5565.668
184356,2800.0,2502.465555555556
184357,1110000.0,1418447.5466666666
184358,730000.0,705443.2111111111
184363,929000.0,912558.5722222221
184364,2250000.0,1560204.6666666667
184366,665000.0,666469.05
184367,325000.0,383441.19
184372,1755000.0,2291538.33
184373,544000.0,575458.75
184374,2795.0,3221.3511111111106
184377,1380000.0,1569603.2466666666
184380,30000.0,27514.925
184384,860000.0,866333.6666666666
184388,1210000.0,1229293.96
184389,500000.0,445019.85
184391,679490.0,737164.0533333333
184393,1120000.0,1473655.35
184394,4800.0,4223.033333333334
184396,1240000.0,1102929.1866666668
184400,1900.0,3258.0066666666667
184403,595000.0,667815.9888888889
184406,755000.0,1008988.8266666667
184407,12000.0,7988.7266666666665
184409,1510000.0,1522714.53
184411,290000.0,326548.625
184413,670000.0,722669.49
184416,2150.0,2346.943095238095
184417,635000.0,597313.3333333334
184418,425000.0,414268.0
184420,539131.0,538015.6574603175
184426,900000.0,768257.68
184427,576752.0,571283.2133333334
184429,603919.0,596723.5933333334
184433,938000.0,977036.74
184434,775000.0,810210.39
184435,460000.0,616084.4133333333
184436,950000.0,921118.2
184437,474900.0,481014.6666666667
184442,913000.0,984608.8333333334
184446,4200000.0,3739930.453333333
184448,690000.0,744178.16
184449,1850000.0,1603011.4733333334
184450,2475000.0,2955445.16
184451,3800.0,3609.57
184454,855000.0,860466.7233333334
184458,310000.0,322187.57666666666
184463,1288000.0,1087739.6666666667
184468,3615.0,4661.506666666667
184471,580000.0,1463710.69
184475,710000.0,680548.96
184476,625000.0,708066.5
184482,472000.0,511224.4633333333
184483,505000.0,527350.0
184489,699000.0,699271.2833333333
184491,565000.0,586872.0166666667
184492,1600000.0,1316655.0555555557
184495,619000.0,738515.0
184497,719000.0,705118.0
184499,4250.0,3788.4533333333334
184500,835000.0,913287.95
184501,570000.0,670031.1633333333
184502,9000.0,5942.868055555555
184506,640000.0,815933.1833333333
184507,3750.0,2993.1366666666668
184508,510000.0,460208.13333333336
184510,485000.0,539926.6666666666
184512,1700.0,1819.4355555555558
184519,5000.0,4182.31
184522,777000.0,802131.6633333333
184526,385000.0,469510.58
184527,495000.0,635762.1166666667
184528,505000.0,643164.5266666666
184531,554000.0,545149.77
184533,16999.0,19220.593333333334
184534,265000.0,354378.69
184535,975000.0,1060168.21
184536,575000.0,554773.4444444444
184538,2640000.0,2679151.7133333334
184541,4000.0,4346.683333333333
184542,310000.0,333116.99
184549,1840000.0,2044658.5466666666
184551,1840000.0,1565579.0933333333
184552,1065000.0,1033251.6666666666
184553,556860.0,545238.79
184556,5200.0,4663.843333333333
184557,405000.0,473853.0
184562,888000.0,851552.48
184565,750000.0,813668.3333333334
184567,570000.0,682466.4933333333
184570,565000.0,787769.25
184572,380000.0,375456.26
184575,15990.0,15798.812222222223
184584,630000.0,637536.1266666667
184585,979000.0,1038150.7555555555
184586,1150000.0,952115.4833333333
184587,1261580.0,1294482.5
184590,745500.0,805121.3333333334
184592,1695900.0,1404887.46
184596,505000.0,531825.2366666667
184601,350000.0,332628.56333333335
184602,3000.0,2992.1688888888893
184603,1155000.0,936079.33
184605,1005000.0,843085.0066666667
184606,825000.0,708737.15
184610,865000.0,882117.7
184612,1050000.0,1281899.5
184616,1250000.0,2077744.9966666666
184621,556000.0,495928.93333333335
184624,1055000.0,1045696.3388888887
184625,630380.0,704378.69
184633,2750.0,2728.556666666667
184634,900000.0,1273241.0233333334
184638,550000.0,600183.08
184639,129900.0,279467.0833333333
184643,1250.0,1613.5044444444445
184644,725000.0,725668.33
184645,630000.0,645983.7911111112
184650,1370000.0,1342063.1533333333
184654,406500.0,395180.6666666667
184656,750000.0,761560.47
184658,11500.0,10788.637777777778
184660,5995.0,6126.5273809523815
184661,623000.0,685665.8633333333
184674,1350.0,1608.4076190476192
184679,1660000.0,2079829.7133333334
184680,726000.0,800798.1733333333
184682,1995.0,1877.96
184683,1650.0,2039.8255555555554
184685,129310.0,27583.238095238095
184686,327500.0,403994.6666666667
184687,3000000.0,2506236.053333333
184688,1875000.0,1963572.6333333333
184690,2671670.0,2541331.1933333334
184694,568649.0,577124.9366666666
184696,785000.0,874293.2744444443
184698,1520000.0,1511830.65
184701,1310000.0,1251059.8133333332
184702,565000.0,580775.9266666666
184704,855000.0,850464.0
184706,860000.0,854790.6033333334
184707,515000.0,470725.16333333333
184709,880000.0,732862.49
184713,4790.0,4348.913333333333
184714,5500.0,5425.18
184715,860000.0,807285.3833333333
184716,1225000.0,1329970.3333333333
184717,1155000.0,1064068.6466666667
184718,3400.0,3410.2311111111107
184722,485000.0,505428.63388888893
184724,2275000.0,2401369.3333333335
184726,680000.0,741741.5366666666
184730,1467000.0,1243127.1166666667
184733,890000.0,779031.6366666667
184735,720000.0,719881.6166666667
184738,3990.0,3665.0233333333335
184739,2325000.0,2065996.6666666667
184741,250000.0,226221.66666666666
184743,715000.0,673600.0766666667
184744,520000.0,493778.9166666667
184745,6500.0,7850.580555555555
184746,270000.0,423696.4444444445
184750,450000.0,470859.19666666666
184752,1505500.0,1233591.8333333333
184753,1575000.0,1315716.4176666664
184754,3950000.0,3716507.0833333335
184757,1312000.0,1223477.9966666666
184768,1585000.0,1577612.1533333333
184772,1750000.0,1585871.1266666667
184777,430000.0,327854.8933333333
184780,2450.0,3794.693333333333
184781,1385000.0,1134300.1833333333
184782,2800.0,3584.3333333333335
184789,1995000.0,1931705.7
184792,220000.0,180207.17666666667
184795,1200000.0,1385347.947777778
184802,460000.0,424988.66
184803,860000.0,878651.4666666667
184806,6500.0,7706.216666666666
184810,520000.0,723574.4966666667
184811,4350.0,3857.1666666666665
184814,399000.0,596071.83
184816,6230895.0,4666562.383333334
184821,650000.0,873809.4666666667
184824,720000.0,645491.0533333333
184827,1750000.0,2024670.1733333333
184830,1270000.0,1154686.465
184832,499990.0,489313.94
184833,660000.0,601862.6433333333
184834,1895000.0,1330408.3633333333
184836,1580000.0,1512629.0
184837,590000.0,622151.0
184850,1040000.0,1064650.5
184856,524000.0,521894.4066666667
184857,1700000.0,1345654.6166666667
184861,650000.0,562860.1666666666
184862,602999.0,797640.8766666667
184863,920000.0,981425.48
184864,6625.0,6400.093333333333
184865,319000.0,376491.54222222226
184868,9800.0,10495.23
184869,742000.0,706118.96
184875,4500000.0,3334118.1266666665
184879,1585000.0,2131946.0833333335
184880,1060000.0,1205906.25
184884,740000.0,730724.1466666666
184887,600000.0,641619.5
184889,690000.0,712230.05
184891,1272000.0,946322.9666666667
184893,765000.0,820039.2966666666
184894,330000.0,385382.6666666667
184897,1100000.0,1061799.1221999999
184898,1625000.0,1634306.6666666667
184899,695000.0,648562.2733333333
184900,320000.0,426079.64666666667
184901,4500.0,2274.7292063492064
184903,3700.0,4524.716666666666
184904,1320000.0,833759.4566666667
184915,2650.0,3258.8366666666666
184917,588000.0,614537.3333333334
184921,2500.0,2525.844444444444
184925,690000.0,700698.85
184926,252000.0,259949.49666666667
184936,1100000.0,1505737.2433333334
184937,432000.0,432951.86666666664
184943,850000.0,790236.6666666666
184945,1350000.0,1293205.6233333333
184946,485000.0,529076.6666666666
184948,395000.0,419348.17333333334
184956,740000.0,794240.9133333333
184959,580000.0,438954.5111111111
184963,2685000.0,3416102.2722222223
184965,1020000.0,1026913.8633333333
184966,4300.0,4028.241666666667
184967,345000.0,461511.9922222222
184973,467000.0,549315.0
184974,4350.0,6007.923333333333
184978,860000.0,984440.39
184980,1350000.0,1336949.0
184981,325000.0,359945.3
184986,802000.0,828156.2933333333
184988,25000.0,23940.0
184989,835000.0,843812.0
184997,2580.0,2909.846666666667
185000,480000.0,425199.6666666667
185002,1000000.0,981658.3333333334
185008,345000.0,355338.82666666666
185011,2475000.0,1988012.0833333333
185012,2880.0,3111.5833333333335
185015,758490.0,1026000.5566666666
185016,900000.0,951004.45
185017,557954.0,604571.9066666666
185018,400000.0,267573.0
185019,899000.0,819025.6666666666
185024,379000.0,367312.5
185025,3750.0,3273.58
185026,595000.0,610055.0866666667
185030,1160000.0,842586.6566666666
185032,2650000.0,2469086.9166666665
185036,600000.0,587306.4633333334
185039,355000.0,585624.38
185040,5000.0,5114.850833333333
185043,760000.0,751771.6666666666
185045,625000.0,671704.8033333333
185049,525000.0,545410.1666666666
185050,965000.0,815087.2133333334
185052,1485000.0,1666206.6833333333
185055,528000.0,703540.6266666667
185059,455000.0,452774.98333333334
185065,680000.0,735738.5366666666
185070,650000.0,576644.3733333333
185073,4500.0,4382.75
185074,650000.0,825913.5333333333
185077,475000.0,592760.6666666666
185081,706200.0,699428.1111111111
185086,3960000.0,4130636.23
185087,509990.0,525807.6266666667
185089,68000.0,868812.8833333333
185090,686000.0,652542.0
185095,1500000.0,1390247.0916666666
185097,225000.0,257827.74666666667
185098,395000.0,413253.3466666667
185099,245000.0,443737.6566666667
185100,1385000.0,1554925.2098000003
185101,1130000.0,904640.7
185109,1020000.0,1116922.5533333332
185113,535000.0,570986.0333333333
185119,657220.0,633923.9533333334
185121,1700.0,1653.53
185124,855000.0,841118.0
185127,780000.0,1138273.5666666667
185128,5500.0,6259.688866666666
185132,545000.0,706971.25
185133,611615.0,587690.19
185137,420000.0,438806.0
185138,1130000.0,934814.0833333334
185139,495000.0,504673.0466666667
185141,1499000.0,1327633.1166666667
185143,840000.0,836975.5833333334
185144,525000.0,539766.6666666666
185149,450000.0,414739.6666666667
185151,292400.0,324092.79
185156,275000.0,246378.52666666667
185157,10500000.0,3989944.433333333
185159,2450000.0,2248258.5966666667
185160,1250000.0,2091358.0966666667
185168,545000.0,574459.9966666667
185173,750000.0,685731.92
185174,2595.0,2947.9666666666667
185178,452000.0,352428.93666666665
185179,455000.0,549342.8
185180,1850000.0,1643914.5266666666
185187,2500.0,2316.6763492063496
185188,760000.0,693991.9966666667
185190,435000.0,499783.9633333333
185191,1590000.0,1176693.3366666667
185192,1050000.0,1231555.9833333334
185193,5000.0,4712.383333333333
185194,3850000.0,2688490.2866666666
185195,1610000.0,2190760.0
185196,407000.0,401378.5833333333
185197,1175000.0,1064646.0666666667
185204,775000.0,1058645.7233333334
185207,935000.0,908933.5633333334
185209,877000.0,853284.1933333334
185216,725000.0,839895.0
185219,1400000.0,2236769.8875
185221,149000.0,172154.61333333334
185224,345000.0,379027.7733333333
185227,1700000.0,1610585.0
185230,475000.0,504482.4066666667
185235,595000.0,749205.32
185237,565000.0,540108.4716666667
185239,875000.0,727026.6633333333
185242,879000.0,910746.3466666667
185244,840000.0,803169.6633333333
185246,620000.0,660213.3333333334
185247,1100000.0,980839.2266666667
185251,3400.0,3465.3633333333332
185256,494000.0,509708.775
185260,430000.0,340976.0
185262,475000.0,600026.5166666667
185270,785000.0,803667.1433333333
185276,510000.0,502760.6566666667
185283,410000.0,431998.66333333333
185285,1011000.0,776790.8766666667
185286,794000.0,850672.3066666666
185287,1090000.0,911646.1330000001
185290,5000.0,4816.816666666667
185292,1250000.0,1120523.1133333333
185295,810000.0,939172.3333333334
185298,1150000.0,1159655.2966666666
185299,2550.0,2968.1266666666666
185302,2500.0,2278.9796296296295
185304,420000.0,447127.92
185307,400000.0,393177.99666666664
185309,498900.0,492039.81333333335
185310,1070000.0,963667.4966666667
185311,1399000.0,1245817.8666666667
185312,485000.0,454881.8
185313,800000.0,783463.6666666666
185315,538900.0,522574.24333333335
185318,1275000.0,1224922.08
185319,1235000.0,1154724.25
185325,387000.0,416110.97
185327,413000.0,401250.3333333333
185328,1900000.0,2377037.8633333333
185332,1215000.0,1129653.7833333334
185333,395000.0,480922.7133333333
185336,215000.0,192791.33333333334
185337,899000.0,882266.6666666666
185340,390000.0,377507.64666666667
185347,784000.0,730556.47
185348,436000.0,445455.99666666664
185350,240000.0,223455.99333333335
185352,1299000.0,1230277.9266666668
185353,3400.0,3667.9966666666664
185360,535000.0,632990.9866666667
185361,315000.0,436051.3233333333
185364,800000.0,737787.61
185366,1545000.0,1421412.79
185367,435000.0,380976.99
185368,700000.0,708598.1066666667
185370,3300000.0,3582093.526666667
185374,962000.0,966237.7744444446
185375,770000.0,746685.6
185377,1354000.0,1181276.9633333334
185378,400000.0,655979.8
185382,875000.0,929229.08
185384,675000.0,625063.1666666666
185386,1860000.0,1556742.5133333334
185393,439000.0,710107.6333333333
185397,2480000.0,2222569.1133333333
185399,785000.0,707482.6666666666
185402,617000.0,566611.94
185404,2150.0,1893.7833333333333
185408,765000.0,745396.9966666667
185411,420000.0,467099.3333333333
185412,5650.0,6230.951111111111
185415,1550000.0,2322394.486666667
185416,518333.0,520362.39
185417,495000.0,493344.9666666667
185419,540000.0,945638.2
185421,515000.0,494309.72055555554
185424,580000.0,547841.2033333334
185425,700000.0,722236.76
185432,345000.0,331980.67333333334
185434,1150000.0,1297920.4
185437,465000.0,434406.93
185438,885000.0,899290.5333333333
185439,767500.0,758229.6666666666
185442,1025000.0,1231409.3966666667
185444,384000.0,362517.4666666667
185448,905000.0,882911.4166666666
185452,4800.0,4536.316666666667
185457,1250000.0,1542886.7033333334
185458,6900.0,8159.0633333333335
185459,1020000.0,1247650.0
185460,2350000.0,2370031.8
185468,332900.0,258543.64999999994
185469,550000.0,663436.3166666667
185470,859040.0,840350.1633333333
185479,4425000.0,4146863.453333333
185480,835000.0,1033477.4766666667
185482,232500.0,264942.6666666667
185483,2250000.0,1817597.95
185492,970000.0,1069020.0
185493,1199000.0,1257121.3333333333
185497,699000.0,690210.4666666667
185498,1800.0,1926.1095238095238
185503,5250.0,3996.9466666666667
185504,815000.0,820259.4566666667
185505,2520000.0,2886704.6933333334
185508,1125000.0,1002667.4566666667
185509,1060000.0,1102763.1933333334
185512,960000.0,1032125.8433333334
185513,4450000.0,4085295.2066666665
185514,1200000.0,1724916.08
185516,343000.0,453525.06666666665
185520,1950000.0,1689669.7133333334
185523,2700.0,2998.3333333333335
185525,662300.0,514698.1
185526,965000.0,904121.81
185527,605000.0,698801.6633333333
185529,910713.0,827450.7133333334
185532,540000.0,578118.35
185533,670000.0,712229.5933333334
185536,830000.0,801417.0633333334
185540,635000.0,693351.6333333333
185547,980000.0,1074424.4133333333
185548,790000.0,766310.5566666666
185550,17850.0,19511.53444444444
185553,1312500.0,1430155.0
185555,780000.0,850773.2
185558,710000.0,720329.9333333333
185559,2500.0,8607.078333333333
185561,375000.0,473834.2166666667
185564,529687.0,552475.2133333334
185566,524477.0,534274.51
185568,4000000.0,2545643.26
185570,506328.0,492091.67333333334
185572,1495000.0,2748180.528
185574,649000.0,618162.7377777777
185581,1070000.0,1339895.7333333334
185582,415000.0,446434.9666666667
185583,200000.0,237192.33333333334
185584,200000.0,213472.35
185585,250000.0,338189.41
185588,380000.0,449157.9866666667
185589,8200.0,7739.816666666667
185593,22500.0,16990.076666666668
185594,538000.0,556678.5488888889
185595,900000.0,1021999.17
185597,1205000.0,1070782.47
185599,520000.0,652986.5000000001
185602,1849984.0,1890559.4833333334
185607,295000.0,371541.23333333334
185611,810000.0,758668.6666666666
185612,1290000.0,1003583.9244444446
185613,1801096.0,1915782.7833333334
185614,465000.0,419546.0
185618,496500.0,559782.4133333333
185619,519000.0,502151.0
185621,515000.0,440770.1666666667
185624,35000.0,29013.85
185625,2145.0,2000.7377777777774
185628,589000.0,566117.3033333333
185639,2600000.0,2597826.316666667
185643,2750.0,2874.763333333333
185644,800000.0,779553.085
185647,435000.0,472995.2833333333
185663,525000.0,929169.7266666667
185667,785000.0,747755.6666666666
185668,729000.0,819972.8333333334
185671,1290000.0,1170745.96
185675,600000.0,632050.5166666667
185680,950000.0,1182170.6933333334
185687,245000.0,283435.03
185690,5500.0,5533.3
185691,760315.0,738579.8566666667
185692,450000.0,781641.3233333334
185694,528000.0,552829.7666666667
185696,11500.0,11664.127777777776
185701,2295000.0,1626090.0133333334
185703,2500.0,2690.2183333333332
185705,2650.0,2966.27
185706,585000.0,551206.2666666667
185709,85000.0,338098.63666666666
185710,465000.0,361659.0
185715,3700.0,3336.9966666666664
185720,1175000.0,1107420.4566666668
185727,225000.0,225940.7503333333
185729,1031000.0,1137427.1
185730,637000.0,552907.76
185738,525000.0,573163.3333333334
185740,1330000.0,1354675.4833333334
185742,501125.0,719468.57
185744,2750.0,3687.3933333333334
185745,499900.0,532754.3466666667
185746,675000.0,651670.54
185747,259000.0,292992.68333333335
185748,969000.0,814428.4633333334
185749,495000.0,491997.30388888885
185750,540000.0,480569.83888888883
185751,2100.0,2347.052444444444
185756,780000.0,882292.0866666667
185762,1079000.0,1054652.9566666668
185763,865000.0,708797.26
185765,1100000.0,1246526.51
185768,655000.0,786252.33
185769,2750.0,2395.56
185770,700000.0,700198.35
185771,350000.0,300147.0
185774,1250000.0,1201038.4233333333
185776,655000.0,775481.0
185777,2990.0,4072.185555555555
185780,3000.0,4277.143333333333
185781,4325000.0,4038457.13
185782,875000.0,1650727.06
185785,264950.0,282956.0
185791,745000.0,871914.99
185798,1100000.0,854655.5366666666
185799,305000.0,379284.99
185804,545000.0,509634.1666666667
185805,1660000.0,1686526.2433333334
185807,549131.0,534832.1041269841
185808,260000.0,454972.0833333333
185810,558000.0,535070.9666666667
185813,819900.0,777370.72
185817,829000.0,756902.0533333333
185818,2499990.0,1729069.9
185820,280000.0,306893.8333333333
185822,776000.0,1066919.6666666667
185824,7450.0,7695.86
185831,425000.0,436285.0
185837,1600.0,1752.1433333333334
185838,430000.0,480276.3333333333
185841,500000.0,476946.0
185842,1560000.0,1346641.4733333334
185846,385000.0,385358.1077777778
185850,1320000.0,1945253.8633333333
185853,494000.0,625261.6633333333
185857,537000.0,520172.16
185861,659000.0,879275.37
185862,665000.0,636896.7
185863,749000.0,705204.3566666667
185864,430000.0,394945.9866666667
185865,355000.0,389247.23333333334
185866,1090000.0,963603.6666666666
185868,1012000.0,873928.95
185869,580000.0,644826.2766666666
185870,427000.0,468356.45666666667
185872,250000.0,258299.85
185873,735000.0,665226.19
185877,540000.0,723025.4433333334
185878,1375000.0,1164537.0533333332
185881,1360000.0,1539754.44
185885,310000.0,203433.88
185886,675000.0,686463.75
185888,585000.0,845382.9933333333
185889,780000.0,748846.6333333333
185891,1100000.0,1192948.4666666666
185894,1030000.0,1082755.2533333334
185898,2500000.0,2362566.196666667
185899,950000.0,928877.7777777779
185904,1850000.0,1548517.6666666667
185909,995000.0,830882.61
185911,3250.0,3419.525292735043
185913,489000.0,561052.1033333334
185915,401000.0,338962.0466666667
185920,560900.0,521813.5133333333
185922,965000.0,1607809.8766666667
185926,1905000.0,2072901.1966666668
185927,4100.0,3680.63
185928,1370000.0,1727034.64
185931,420000.0,417792.55666666664
185935,950000.0,1018616.6666666666
185938,2150.0,2193.806666666667
185940,1000000.0,826061.3833333333
185941,170000.0,267206.43333333335
185944,750000.0,884916.0333333333
185946,2375000.0,2211922.7016666667
185947,1285000.0,1140586.4
185949,1530000.0,1329373.5166666666
185950,2250000.0,2003998.8333333333
185951,3350.0,3470.5
185953,545000.0,586333.8333333334
185954,5500.0,4007.0933333333332
185955,620000.0,561846.0433333333
185956,650000.0,668286.7333333333
185957,9300.0,7502.95
185959,3325000.0,1973370.39
185960,299000.0,397879.63
185962,505000.0,505831.6549999999
185964,2450000.0,2443964.8933333335
185965,3650000.0,4683577.397619048
185966,2018000.0,1655925.545
185967,399000.0,439575.12
185969,935000.0,1066414.8
185971,500000.0,485593.97
185973,1070000.0,984322.5266666666
185975,1725000.0,2083385.78
185977,2125000.0,2668965.9716666667
185983,2725000.0,2383650.5
185988,1000000.0,948038.2866666666
185990,875000.0,1159872.33
185991,10000.0,10302.186666666666
185996,7000.0,6330.966666666666
185998,720000.0,520782.2833333333
186003,45000.0,25523.083333333332
186005,262200.0,245533.83
186006,520000.0,628269.7933333333
186008,1650000.0,1574812.5933333333
186009,2800.0,3006.346666666667
186010,1250000.0,1008319.3676666667
186012,722500.0,706201.0266666666
186015,933500.0,949362.52
186017,2525.0,2738.766666666667
186019,675000.0,666427.72
186021,435000.0,467616.36666666664
186022,750000.0,733705.7533333333
186027,1950000.0,1449167.2896666666
186028,3150000.0,2843376.533333333
186029,525000.0,513704.99666666664
186030,415000.0,330334.8466666667
186031,2250.0,2229.556666666667
186036,787500.0,1148040.41
186043,2900.0,2358.488888888889
186048,2750.0,2537.2433333333333
186052,1150000.0,1135077.12
186059,1000000.0,2113095.8333333335
186066,490000.0,479130.0
186069,1779000.0,1651670.0166666666
186070,725000.0,719853.2166666667
186071,2150000.0,2568363.796666667
186072,865000.0,1252697.5366666666
186079,690000.0,586952.1233333333
186084,4525000.0,4356150.443333333
186086,500000.0,527340.8333333334
186090,3450.0,5860.3902777777785
186096,1601000.0,1777065.6366666667
186097,590000.0,565379.4966666667
186098,4800000.0,4312449.356666666
186101,470000.0,484753.8834444445
186102,53000.0,147449.79333333333
186103,749500.0,636514.97
186104,289275.0,280237.4033333333
186109,2900.0,3068.0355555555557
186110,3330000.0,3544661.216666667
186111,1968000.0,2134321.8277777773
186112,560000.0,575714.5933333334
186113,595000.0,454500.91
186114,625000.0,570354.9733333334
186117,714000.0,694203.3866666667
186120,550000.0,595604.1066666667
186121,209000.0,234359.47666666665
186122,2587500.0,2178120.7448333334
186124,660000.0,800475.0
186126,525000.0,649275.4933333333
186127,1410000.0,1268690.9866666666
186128,1190800.0,1014240.5433333333
186130,420000.0,418125.3333333333
186134,40000.0,456682.7288666667
186135,950000.0,867173.1533333333
186136,1900.0,2283.0510333333336
186137,2250.0,2892.9622222222224
186141,400000.0,415927.3333333333
186149,531900.0,412755.49666666664
186150,505000.0,553679.91
186153,7000000.0,4207818.33
186157,1249000.0,1018186.5533333333
186158,1125000.0,1542199.8333333333
186159,5661935.5,2372531.4485
186162,975000.0,1306878.45
186163,1840000.0,1741301.9966666666
186168,415900.0,532716.0
186169,238000.0,268391.48333333334
186172,1210000.0,947215.9933333333
186173,1137500.0,880701.1666666666
186175,780000.0,777401.1533333333
186177,3235000.0,3052400.83
186178,429000.0,389411.68666666665
186180,655000.0,770342.3133333334
186181,141500.0,308257.9111111111
186182,4700.0,5118.072222222222
186183,990780.0,1158242.6666666667
186185,630232.0,587748.49
186196,1075000.0,1067050.15
186197,980000.0,987542.8533333334
186200,562900.0,579072.6066666667
186201,600000.0,815148.5833333334
186202,2700000.0,2982741.4133333336
186203,580000.0,650697.85
186204,2450000.0,1817718.2866666666
186206,1665000.0,1386668.07
186215,330000.0,328709.7166666667
186217,3750.0,3747.0633333333335
186219,10000.0,9924.55
186221,400000.0,448429.18
186225,400000.0,411721.6666666667
186226,2800.0,2699.0633333333335
186228,849000.0,1151662.6833333333
186229,416000.0,394915.7619047619
186230,499000.0,531381.7366666667
186233,645000.0,513612.66333333333
186234,522000.0,581469.985
186236,2175000.0,1661904.96
186240,5600.0,5444.866666666667
186243,530000.0,483281.3333333333
186245,492500.0,548890.948
186247,230000.0,480217.16333333333
186254,650000.0,659759.2433333333
186255,333000.0,311360.25
186257,350000.0,301605.29333333333
186258,307500.0,224926.46333333335
186259,2900.0,3192.983333333333
186262,550000.0,668889.4285714285
186263,630000.0,732544.0133333333
186264,850000.0,850784.8333333334
186267,2600.0,2394.713333333333
186268,862000.0,1101477.3766666667
186272,3625000.0,3173577.1255555553
186273,965000.0,874596.7266666667
186274,705000.0,703970.1333333333
186275,341500.0,397922.6
186276,685000.0,647452.4
186278,435000.0,443115.0
186281,715000.0,705185.9866666667
186286,857000.0,813594.7333333333
186289,609000.0,614780.6666666666
186290,2250000.0,1546165.3033333332
186291,342000.0,298060.29
186292,1245000.0,1583508.6614333333
186298,1535000.0,1644640.92
186302,625000.0,618229.61
186306,2350.0,2139.779422799423
186307,1500.0,2599.545
186308,510000.0,510216.7055555555
186309,440000.0,518135.24
186310,860000.0,937603.6666666666
186311,1155000.0,1082523.04
186313,300000.0,253280.48333333334
186317,320000.0,318626.3333333333
186319,3000.0,3404.9583333333335
186320,700000.0,1132363.0833333333
186321,1400000.0,1644711.1948333334
186322,652000.0,599538.7966666666
186324,470000.0,477003.7166666667
186325,7995.0,6179.443333333334
186329,2050.0,2088.971581196581
186331,839000.0,789572.1644444445
186333,6500.0,11773.666666666666
186334,585000.0,646558.05
186336,1700000.0,2022170.8366
186337,790000.0,736467.8833333333
186340,1283000.0,1042928.3573333335
186344,5295000.0,2847799.921111111
186346,760000.0,657584.94
186347,460000.0,545059.1533333333
186348,1330000.0,1174130.99
186353,2275000.0,1895572.8233333332
186355,419000.0,697349.5566666666
186357,650000.0,371273.0
186361,1498000.0,2090221.3366666667
186362,399900.0,343142.3
186363,670000.0,762201.51
186366,633000.0,674847.2777777779
186368,1800000.0,1776453.51
186370,1050000.0,1131475.33
186372,426000.0,477489.42
186373,1670000.0,3300405.5233333334
186376,307500.0,387621.0
186382,3100.0,2710.7766666666666
186383,505000.0,522318.99333333335
186384,1395000.0,1419512.3
186387,685000.0,689460.6166666667
186388,214000.0,189904.44444444444
186389,1615000.0,2135623.7466666666
186399,620000.0,667374.3333333334
186401,485000.0,520128.47
186402,2100.0,2500.304922222222
186404,775000.0,758847.7566666667
186405,2700.0,3297.056666666667
186409,6000.0,3923.536666666667
186411,16500.0,19103.574444444446
186413,199000.0,122555.0
186418,3500.0,3946.040333333334
186420,807500.0,858163.0
186423,9500.0,15812.051904761905
186424,350000.0,430286.7166666667
186428,4300.0,5649.126666666667
186433,372000.0,398240.4166666667
186436,535000.0,512095.9666666667
186441,3850.0,3834.2111111111117
186447,304999.0,320876.3333333333
186448,5150.0,6253.65
186449,19995.0,19272.576666666668
186450,425000.0,439759.29333333333
186451,400000.0,374733.37333333335
186452,825.0,1680.2011111111108
186453,605000.0,603782.3266666667
186457,473000.0,480716.2233333333
186459,450000.0,478580.8433333333
186464,735000.0,895088.1133333333
186465,2350.0,2481.81
186468,745000.0,868898.71
186470,635000.0,626213.75
186472,1935000.0,1842568.4066666667
186477,2250000.0,2645989.9391666665
186479,1580000.0,1361314.53
186481,1600.0,2004.8988888888891
186486,1100000.0,1732863.2366666666
186487,500000.0,585101.3333333334
186488,1614000.0,1942425.9333333333
186490,2300.0,2190.1764682539683
186495,2100.0,2190.95
186496,87000.0,195731.47666666665
186499,330000.0,356289.26
186500,465000.0,517646.31333333335
186507,2300000.0,2710988.16
186508,1600000.0,1394324.16
186509,1383000.0,1417410.9333333333
186512,4900.0,5698.953333333333
186514,2495000.0,2314042.52
186519,5700.0,5122.243333333333
186520,2350.0,3133.04
186521,4850000.0,2624116.6033333335
186526,263000.0,445421.6666666667
186527,765000.0,755653.35
186529,460000.0,429491.4033333333
186533,980000.0,1207575.1633333333
186535,1130000.0,924589.9333333333
186546,1375000.0,1440322.06
186548,295000.0,293585.5466666667
186549,7495.0,8956.4
186550,556364.0,562436.1466666666
186551,1000000.0,1351664.2533333334
186553,1300000.0,1866179.0766666667
186554,440000.0,533283.0133333333
186555,1999900.0,1440615.4
186556,38000.0,99155.97666666667
186557,850000.0,733217.1833333333
186562,630000.0,622540.2
186563,1150000.0,1268898.83
186566,565000.0,472708.3333333333
186569,465000.0,474169.5933333333
186570,4000.0,4880.311111111112
186571,1156000.0,1161982.2933333332
186573,529000.0,874302.13
186576,18950.0,12799.954444444445
186577,592000.0,624759.9133333333
186579,735000.0,707649.59
186580,775000.0,809148.3333333334
186582,315000.0,419650.73333333334
186585,400000.0,435055.65
186589,185000.0,255413.09333333332
186592,510000.0,516115.1666666667
186593,1750000.0,1942979.4196
186596,1925000.0,1847291.6633333333
186597,705000.0,958583.7366666667
186600,449000.0,429946.6666666667
186604,2400000.0,2501404.1333333333
186615,400000.0,411392.99
186617,350000.0,410523.0
186618,6000000.0,5585932.366666666
186619,2435000.0,1390928.38
186622,1167000.0,1255244.8016666668
186625,310000.0,426888.49666666664
186631,560000.0,541832.0533333333
186633,555000.0,651205.24
186637,1050000.0,985267.8766666667
186638,952500.0,1103205.3233333332
186644,1665000.0,2954074.36
186648,555000.0,601666.1666666666
186653,1010000.0,725734.8333333334
186654,1872000.0,1801247.9966666666
186657,835000.0,871065.4833333333
186658,1640000.0,2070891.5833333333
186662,4550000.0,3438898.0166666666
186666,313000.0,275441.8233333333
186670,640000.0,640644.1666666666
186672,8000.0,9447.906666666666
186678,610000.0,769422.93
186680,634999.0,482905.35
186682,370000.0,399874.9666666667
186686,750000.0,692338.8333333334
186687,1350000.0,2220839.21
186689,635000.0,797263.4733333334
186690,300000.0,307384.8333333333
186692,765000.0,864202.6333333333
186694,2400.0,2314.370277777778
186701,2050000.0,1994380.6433333333
186702,515000.0,468423.6666666667
186705,770000.0,889681.64
186707,620000.0,626007.21
186709,489000.0,530320.93
186716,2288000.0,2452488.3333333335
186717,1700000.0,1487934.6266666667
186720,526500.0,516933.42
186721,390000.0,352178.3333333333
186723,2360000.0,2857282.21
186724,148375.0,539939.5833333334
186727,16000.0,20454.582539682542
186734,1000000.0,1156415.5166666666
186738,4200.0,4090.16
186739,650000.0,808161.83
186752,80000.0,252273.31
186755,2225.0,2264.5237037037036
186758,890000.0,1010724.6666666666
186759,724000.0,693081.0333333333
186762,3000.0,2921.1489666666666
186765,2200.0,2500.837777777778
186768,240000.0,218591.48333333334
186770,429000.0,442822.54
186771,205000.0,567648.7
186772,10000.0,11867.378333333334
186774,910000.0,907204.0833333334
186776,877000.0,757963.7933333333
186778,445000.0,436621.4
186779,3800.0,3575.5758994709004
186781,12900000.0,5009885.133333334
186783,680000.0,728456.9933333333
186784,475000.0,382214.6666666667
186785,3600000.0,3524731.08
186786,1160000.0,1168403.3633333333
186790,3231882.0,3023410.3433333333
186791,460000.0,1992509.9433333334
186792,60000.0,256309.38
186794,445000.0,566607.2
186796,265000.0,342975.22222222225
186797,80000.0,213270.55
186799,254000.0,289335.95238095237
186800,2775.0,3614.22
186801,192000.0,263311.4533333333
186802,2000000.0,1259587.1333333333
186803,835000.0,887558.0555555555
186808,1398000.0,1315924.6533333333
186809,570000.0,657939.4966666667
186810,3300.0,3824.83
186811,4887500.0,4441271.556666667
186812,465000.0,462899.7733333333
186819,2450000.0,2072240.0
186821,716000.0,666806.0766666667
186823,595000.0,658368.3333333334
186826,285000.0,338847.4766666667
186828,962000.0,947994.9533333334
186830,1710000.0,2015510.0333333334
186834,295900.0,515541.2
186836,1800000.0,2239553.8666666667
186841,3100.0,3307.6583333333333
186844,830000.0,910708.2966666666
186851,1050000.0,1050286.8933333333
186852,970000.0,982342.6666666666
186853,1920000.0,1969956.4866666666
186855,2330000.0,1771431.7533333334
186857,700000.0,664588.8133333334
186859,700000.0,696560.1966666667
186863,620000.0,578621.3666666667
186865,380000.0,383927.25666666665
186867,850000.0,934039.4666666667
186871,489000.0,471046.15944444446
186879,1749.0,1934.7566666666667
186882,575000.0,630254.1033333334
186884,125000.0,215002.0
186885,2995.0,3624.0666666666666
186887,3300.0,3737.690555555555
186888,810000.0,866632.8966666666
186890,629500.0,655554.8
186894,1899990.0,1872378.35
186895,2800.0,2810.068055555556
186898,930000.0,505739.49666666664
186901,6995.0,6984.263333333333
186902,540000.0,568387.46
186911,735000.0,715926.7066666667
186913,535000.0,462411.84
186915,2250.0,2581.713333333333
186917,505000.0,608327.7333333333
186918,400000.0,409156.94666666666
186919,2075000.0,1599477.2833333334
186921,795000.0,752923.7825396823
186923,435000.0,548373.8033333333
186924,3200.0,3376.193333333333
186925,2000.0,1942.3985714285716
186928,35000.0,6862.983333333334
186931,1385000.0,1216924.8366666667
186933,427000.0,589425.85
186935,810000.0,894756.17
186944,935000.0,1128322.7533333334
186945,2695.0,2909.5633333333335
186947,2720000.0,3161293.6233333335
186948,475000.0,558946.6566666666
186950,655000.0,490812.3333333333
186953,1925000.0,2532682.647
186958,6495.0,5716.74
186961,6200.0,6308.024166666667
186964,905000.0,1209611.3333333333
186967,777000.0,911856.3333333334
186969,525000.0,385876.0933333333
186970,2660000.0,2395702.9166666665
186975,4250000.0,4037887.5766666667
186979,370000.0,415476.00333333336
186980,1690000.0,1680790.646388889
186982,9500.0,8578.788866666668
186983,700000.0,804395.2
186985,170000.0,155607.5
186991,542500.0,623616.6666666666
186993,360000.0,396523.9166666667
186994,3600.0,3775.016666666667
186996,374000.0,343878.2166666667
187002,2180000.0,2181899.2666666666
187003,375000.0,430660.19666666666
187008,4525.0,4403.99
187009,775000.0,827089.9333333333
187014,155000.0,241628.01333333334
187015,2995.0,2829.1344444444444
187019,3380.0,3318.463333333333
187026,1620000.0,1699978.05
187027,610000.0,534714.0633333334
187035,1650.0,1901.844603174604
187036,1430000.0,1376982.8566666667
187039,464000.0,480757.7166666667
187041,3750.0,3324.7044444444446
187045,700000.0,865208.9433333334
187048,850000.0,797446.6666666666
187051,5700.0,5895.803333333333
187052,318000.0,473949.4633333333
187055,480000.0,459404.6666666667
187056,435500.0,442855.41333333333
187059,575000.0,503421.5
187060,6750.0,7970.1658333333335
187061,649000.0,631105.5633333334
187064,575000.0,454117.2866666667
187065,660000.0,384604.0
187067,325000.0,396853.49666666664
187075,278500.0,338536.3333333333
187078,557500.0,555210.29
187079,280000.0,348894.69666666666
187080,1025000.0,1492092.8029999998
187081,599000.0,558567.9766666667
187083,233000.0,810345.33
187088,3950000.0,4235462.05
187089,192000.0,259210.49
187090,2675.0,3029.229444444444
187091,600000.0,643525.3833333333
187099,557500.0,583623.9490476191
187102,470000.0,499969.52
187103,229000.0,264307.06
187105,1405000.0,1396401.0
187109,510000.0,590141.528888889
187110,530000.0,494862.12333333335
187111,467990.0,467251.5966666667
187112,434990.0,433972.76666666666
187113,1600000.0,1394374.4633333334
187114,1807500.0,1460276.3033333332
187115,970000.0,834354.0466666666
187116,900000.0,850366.7
187120,645000.0,658588.6690476191
187121,537500.0,590088.5833333334
187124,605000.0,725211.4166666666
187126,485000.0,395169.15079365077
187127,586500.0,771102.25
187128,1650000.0,1813537.9733333334
187131,1775000.0,2156526.29
187133,1790369.0,2052510.3625
187136,635000.0,681860.2266666667
187140,6600.0,6578.481071428571
187143,4700.0,5149.8358333333335
187144,948000.0,876415.5
187148,1950000.0,1863975.7033333334
187150,760000.0,790981.0766666667
187151,2600.0,2807.957142857143
187153,3115000.0,1894837.6033333333
187154,440000.0,413934.6666666667
187160,710000.0,627065.6666666666
187161,514900.0,558717.9444444444
187167,225000.0,280827.32666666666
187176,5400000.0,3964476.2866666666
187177,960000.0,781451.6933333334
187179,3250.0,3063.55
187180,380000.0,390934.29333333333
187181,445000.0,413750.3
187183,540000.0,594213.675
187189,515000.0,479239.0
187192,1375000.0,1477261.3333333333
187193,1800000.0,1781005.0666666667
187194,895000.0,640790.7033333334
187195,545000.0,583398.6833333333
187199,685000.0,763501.86
187203,505000.0,549805.94
187204,395000.0,420481.88
187207,899000.0,860280.5666666667
187210,1200000.0,1347495.4666666666
187213,882000.0,1030282.59
187214,435000.0,447063.6666666667
187215,836000.0,993804.6466666666
187216,565168.0,534347.54
187218,530000.0,560714.4266666666
187219,775000.0,788080.7866666666
187221,369000.0,364299.4666666667
187222,675000.0,777431.3022222222
187223,1739000.0,1830639.1
187224,609990.0,583246.0633333334
187230,202000.0,234366.99666666667
187232,645000.0,599743.6866666666
187233,535000.0,576685.5666666667
187235,3155000.0,3333928.222222222
187237,3000.0,7297.246666666667
187240,1385000.0,1241307.61
187242,10000.0,9119.906666666666
187250,417000.0,356570.8333333333
187251,2450000.0,1660693.7766666666
187252,500000.0,568883.3333333334
187254,1110000.0,1214062.1233333333
187255,370000.0,330883.25
187256,399000.0,319039.8333333333
187259,1700000.0,1330836.0
187260,271000.0,262062.84333333332
187262,277500.0,280054.41
187264,118000.0,145630.0
187266,2195.0,2364.6666666666665
187268,445000.0,432311.2966666667
187271,599000.0,534748.1666666666
187278,800000.0,733700.7233333334
187281,660000.0,779947.8833333333
187282,412000.0,451504.95666666667
187286,720000.0,749288.3333333334
187288,2000000.0,2160737.5366666666
187292,715000.0,679688.3233333334
187294,2025000.0,1829294.0
187297,2599000.0,2269329.72
187298,650000.0,587075.7744444443
187299,6000.0,6396.886666666666
187300,2325000.0,1759545.8433333333
187302,452000.0,317832.18844444444
187303,650000.0,648999.7333333333
187304,2700000.0,2163562.716666667
187306,3300.0,3486.038888888889
187308,420000.0,568455.65
187311,2700.0,2721.583888888889
187312,410000.0,416284.0
187314,550000.0,528184.4577777777
187315,589000.0,568311.3333333334
187317,820000.0,817307.64
187321,1400000.0,1537009.2533333334
187322,529500.0,473853.54333333333
187325,760000.0,750230.1066666667
187328,350000.0,332870.64666666667
187333,251500.0,351164.33
187334,95000.0,199933.22857142857
187343,1275000.0,1336217.0381666666
187345,699000.0,635013.3666666667
187349,945000.0,505865.1666666667
187350,440000.0,460842.66333333333
187352,4800.0,4863.833333333333
187354,400000.0,395651.0
187355,615000.0,644547.47
187356,3100.0,3275.16
187363,645000.0,721424.23
187366,625000.0,611238.17
187369,592700.0,549525.8
187370,3748000.0,3736623.5933333333
187371,289000.0,249304.2
187374,477000.0,581244.1666666666
187375,7525000.0,3192813.3333333335
187379,905000.0,977020.618888889
187380,1200000.0,1244045.29
187382,1315000.0,1553247.0333333334
187384,1850000.0,1582704.2093444446
187388,879000.0,884080.5466666666
187389,5500000.0,5000188.15
187393,970000.0,1170413.5533333332
187397,282000.0,277619.49333333335
187398,241000.0,216364.90666666668
187399,10300.0,13071.87
187404,2050.0,2691.189325396825
187407,1500000.0,3291188.56
187408,9500.0,10608.069722222222
187410,49500.0,160972.49333333335
187412,345000.0,374019.7
187417,2000000.0,1733344.3666666667
187418,1750000.0,1831454.3166666667
187424,165000.0,297147.49666666664
187426,300000.0,351437.20666666667
187427,139105.0,169465.97666666665
187435,860000.0,951299.89
187436,720000.0,843083.75
187437,1820000.0,1764647.6833333333
187438,350000.0,503558.0158730159
187439,2000.0,2141.0830952380957
187440,310000.0,291496.94333333336
187441,699000.0,706653.0566666666
187442,1430000.0,1148796.9833333334
187443,860000.0,969738.78
187446,5750.0,6348.8
187447,175000.0,209430.2
187451,1291000.0,992207.81
187452,365000.0,471221.67
187454,285000.0,201332.44333333333
187457,2250.0,2449.801111111111
187459,935000.0,953728.01
187460,240000.0,363801.1666666667
187462,715000.0,761330.7266666667
187464,420000.0,509488.03
187467,882372.0,866587.9933333333
187468,755000.0,699222.6833333333
187471,1345000.0,1365830.5233333334
187474,165000.0,398866.3333333333
187475,389000.0,380972.2766666667
187480,890000.0,962024.61
187481,3500.0,3458.43
187483,2400000.0,2542647.1333333333
187484,135000.0,161634.33333333334
187486,350000.0,418361.22
187487,391000.0,369842.5
187489,840000.0,1150420.54
187490,925000.0,1059180.5566666666
187495,7000.0,6626.816666666667
187496,650000.0,790997.6666666666
187497,2200000.0,3427623.986666667
187499,240000.0,264372.0966666667
187501,595000.0,580686.7266666667
187503,100000.0,161311.99666666667
187504,266000.0,254701.11666666667
187506,232500.0,217992.03333333333
187509,420000.0,390526.3566666667
187513,1000000.0,1026612.7214333334
187515,489200.0,517863.03
187516,2275.0,2606.1583333333333
187517,1060000.0,1096600.75
187518,485000.0,291455.6666666667
187519,630000.0,738859.34
187520,1340000.0,1197610.46
187525,950000.0,1034290.2666666667
187527,979000.0,1224065.82
187529,1188000.0,1313701.1533333333
187530,1300000.0,1207723.6666666667
187533,1275000.0,1429501.0
187540,373000.0,435292.19
187543,380000.0,412557.3233333333
187549,565000.0,660950.3333333334
187553,1340000.0,1536031.88
187554,670000.0,859587.896111111
187558,495000.0,444120.0
187560,425000.0,438918.44333333336
187561,585000.0,940762.1233333333
187564,889900.0,806267.0666666667
187565,799000.0,842235.46
187569,450000.0,542311.0644444444
187574,375000.0,611294.9833333333
187579,3400.0,3497.1833333333334
187582,725000.0,788340.3333333334
187583,435000.0,493930.0
187587,1004000.0,1187778.9333333333
187590,435000.0,410206.4555555556
187592,4025000.0,3434476.6244444447
187595,2915000.0,2874648.533333333
187597,629500.0,481887.6666666667
187599,540000.0,784181.3733333333
187600,405000.0,613142.9466666667
187601,849500.0,719753.0666666667
187606,810000.0,929536.8366666667
187608,689000.0,586421.8333333334
187610,400000.0,529773.45
187611,519990.0,495952.6066666667
187612,580000.0,537039.6666666666
187616,2200.0,2697.66
187617,5750000.0,4155226.6666666665
187618,655000.0,651192.5633333334
187620,960000.0,1028800.0066666667
187621,699000.0,928446.1833333333
187622,915000.0,1121184.4933333334
187626,370000.0,413169.3333333333
187627,749000.0,801771.4922222223
187628,2795.0,2737.6222222222223
187630,1140000.0,1042233.4133333333
187631,82000.0,275573.76
187632,265000.0,292694.2133333333
187634,1900000.0,2640279.01
187635,465000.0,1023687.78
187637,11475000.0,4861703.333333333
187638,545400.0,532589.0566666666
187640,820000.0,768060.0
187643,410000.0,412407.9733333333
187645,1140000.0,1032334.9133333333
187646,1050000.0,1286754.7266666666
187649,8000.0,7913.1
187655,300000.0,348832.64
187657,3700.0,4279.537777777778
187661,855000.0,845495.9966666667
187664,385000.0,389106.91866666666
187667,300000.0,426281.6666666667
187668,749999.0,820002.1
187674,868000.0,528933.5
187677,645000.0,608376.3333333334
187680,455000.0,489385.6
187687,474900.0,508139.3333333333
187689,283000.0,270425.1566666667
187690,410000.0,542885.58
187692,665000.0,678397.8533333334
187695,7105000.0,4023472.1233333335
187697,355000.0,320686.9633333333
187698,850000.0,913765.8833333333
187701,425000.0,475234.0
187704,312000.0,410401.9066666667
187706,1445000.0,1963963.3333333333
187709,595000.0,625588.3333333334
187711,239000.0,215109.0
187712,460000.0,485430.0233333333
187713,3400000.0,3993671.8133333335
187715,310000.0,405749.23333333334
187716,999000.0,1031398.2888888888
187717,2130000.0,1999165.3333333333
187718,460000.0,484893.73
187721,415000.0,411684.49
187724,372000.0,384749.6666666667
187726,125000.0,174777.11111111112
187729,185000.0,332289.7366666667
187730,489000.0,492920.37333333335
187733,1269000.0,1572214.2533333334
187734,725000.0,810150.64
187735,1825000.0,2089536.0833333333
187739,2800000.0,3207999.8777777776
187741,1870000.0,1494201.5533333332
187742,725000.0,1087008.469
187746,1460000.0,1695150.0766666667
187747,945000.0,871073.14
187749,3779000.0,3488682.4433333334
187751,465000.0,440777.13333333336
187754,2200.0,2194.0880952380953
187756,305000.0,272269.23333333334
187757,580000.0,577040.6333333333
187759,740000.0,683903.6666666666
187761,159000.0,166480.0
187773,1700000.0,1669893.3333333333
187775,745000.0,1370037.4290666669
187779,1750.0,1864.5892063492063
187784,529900.0,568815.2244444445
187785,3000.0,3152.57
187790,825000.0,805819.0
187791,880355.0,590992.27
187792,800000.0,753331.4433333334
187793,1009958.0,675417.9266666666
187795,1089000.0,774995.0
187797,275000.0,253861.06666666668
187798,1109434.0,643989.23
187805,220000.0,292611.51666666666
187807,580000.0,1020790.9966666667
187811,620000.0,641721.6466666666
187812,610000.0,419893.3333333333
187817,390000.0,496236.11666666664
187818,350000.0,431898.7205555556
187822,410000.0,448273.1666666667
187824,3325000.0,2997757.3766666665
187825,1275000.0,1495475.8911111113
187829,373000.0,420561.3333333333
187830,345000.0,391923.89
187833,998000.0,1003410.88
187836,610000.0,493899.067
187848,545000.0,540383.9666666667
187849,560000.0,715418.3333333334
187851,599000.0,780653.9333333333
187855,1300000.0,1287713.3433333333
187857,1210000.0,1338595.2566666666
187859,1550000.0,1238073.0
187860,365000.0,555191.2333333333
187861,390000.0,353458.6666666667
187863,2700.0,2735.781388888889
187866,1290000.0,1536506.0466666666
187868,335000.0,457193.9444444444
187870,2000000.0,2622201.0
187871,586820.0,582083.6833333333
187878,2500.0,1947.3416666666667
187879,530000.0,600010.1133333333
187880,3500.0,3532.238055555555
187881,335000.0,410906.9166666667
187883,320000.0,367169.6666666667
187886,1650.0,1995.8792063492062
187888,307000.0,360881.3
187890,440000.0,459920.90311111114
187893,375000.0,367576.33
187897,4495.0,4600.774444444445
187901,475000.0,595926.74
187903,1060000.0,1178066.6666666667
187906,449000.0,560071.3266666667
187911,1655000.0,2006526.2
187912,640000.0,594727.1266666667
187915,675000.0,639375.2666666667
187917,674990.0,779349.44
187918,1250000.0,1333259.15
187922,1495.0,1752.5177777777778
187923,785000.0,720577.3333333334
187927,4070.0,3818.15
187931,399900.0,360162.82666666666
187932,3999975.0,4240600.79
187933,1655000.0,1965396.41
187935,2120000.0,2576439.65
187936,660000.0,797034.4266666666
187937,1425000.0,1148503.58
187938,515000.0,571342.7466666667
187939,825000.0,803432.11
187940,577990.0,576059.7366666667
187944,480000.0,582661.9966666667
187945,225000.0,222276.65333333332
187948,180500.0,159823.26666666666
187949,3750000.0,2864585.6666666665
187951,505000.0,334614.28111111117
187953,5100000.0,4382108.823333333
187956,395000.0,396148.33
187958,570000.0,701420.1033333334
187959,579000.0,600220.6233333333
187961,808000.0,1049792.11
187962,555000.0,620825.58
187964,1524000.0,1575053.64
187966,1295000.0,1281142.3533333333
187967,580000.0,656770.0233333333
187968,650000.0,774649.1
187970,1147500.0,1016784.1733333333
187971,2600.0,3013.27
187972,370300.0,414888.4266666667
187974,3100000.0,2892098.29
187976,1250.0,1789.234814814815
187977,3470000.0,3292644.918888889
187980,590000.0,730320.26
187982,1770000.0,1535531.5
187984,3000.0,3124.71
187986,1060000.0,1698493.02
187987,326000.0,258061.17666666667
187988,442000.0,449093.8
187990,1750.0,1751.0183333333334
187994,330000.0,391094.16
187996,445000.0,311928.22
187999,3500.0,3426.2105555555554
188001,1125000.0,1768966.7666666666
188002,475000.0,544148.4733333334
188004,680000.0,873892.8333333334
188005,1360000.0,1740040.53
188006,1700000.0,1504053.2166666666
188007,475000.0,545185.8333333334
188008,1535450.0,1879497.3266666667
188014,599000.0,738079.4633333334
188021,315000.0,281262.99666666664
188022,1250000.0,1276658.1933333334
188028,917300.0,1159257.8
188029,2700000.0,2087710.5333333334
188031,4045.0,4147.15
188032,705000.0,700483.19
188035,4475.0,4510.3850505050505
188036,710000.0,618180.5033333333
188037,540000.0,577017.83
188038,665000.0,750011.8833333333
188042,775000.0,1472215.16
188048,350000.0,273919.5
188057,698296.0,727085.07
188058,925000.0,1372774.8666666667
188063,574900.0,588609.3333333334
188065,3950.0,4261.593333333333
188068,4800.0,3208.2433333333333
188070,995000.0,727557.9333333333
188073,402000.0,413034.89
188074,705000.0,877556.2
188075,3900.0,4805.1322222222225
188076,505990.0,494991.68666666665
188078,330000.0,380607.62333333335
188080,5890000.0,5456958.805555555
188086,141888.0,188942.53333333333
188088,46000.0,75344.47666666667
188092,499000.0,469915.46
188094,5500.0,3409.25
188095,429900.0,477891.7166666667
188096,289000.0,476799.36333333334
188099,2600000.0,3597787.1366666667
188100,580000.0,491938.93666666665
188101,910000.0,1079086.8966666667
188106,604500.0,948073.9
188108,2699000.0,2603631.0733333332
188109,610000.0,608198.7466666667
188110,2250.0,2097.9566666666665
188112,440000.0,442072.7833333333
188114,11500000.0,5010707.246666667
188116,2900.0,2873.0066666666667
188121,765000.0,683325.3333333334
188125,450000.0,438319.82
188126,1300000.0,1464794.1733333333
188127,3200.0,4081.233333333333
188129,750000.0,902547.3333333334
188130,650000.0,600453.7333333333
188132,3650.0,3538.591111111112
188133,680000.0,865822.6233333333
188135,1595.0,1680.84
188136,402000.0,393216.7133333333
188139,1750000.0,1869926.25
188140,385000.0,506712.2
188141,270000.0,364904.7
188143,737500.0,385453.3333333333
188144,699000.0,653293.9
188148,1199000.0,1015714.6633333333
188149,290000.0,389752.88333333336
188150,1750000.0,2402745.785833333
188151,499000.0,481642.05666666664
188153,565000.0,504587.14666666667
188154,565000.0,594572.4866666667
188156,270000.0,403607.99666666664
188157,265000.0,278908.15
188160,555000.0,813782.59
188162,4750.0,5065.98
188163,535000.0,378838.6666666667
188165,1100000.0,1055502.7666666666
188166,2200.0,1931.977857142857
188167,675000.0,734479.7333333333
188168,9600000.0,4935932.72
188169,32000.0,99142.0
188172,575000.0,697624.44
188173,780000.0,766079.3233333334
188174,1487500.0,1528330.8766666667
188176,680000.0,657007.3333333334
188178,1400.0,1646.4233333333334
188179,445000.0,394578.84
188181,1550000.0,2289049.0833333335
188183,2350.0,2939.286666666667
188185,420000.0,409552.2
188188,950000.0,1197172.7766666666
188190,980000.0,1157786.5733333332
188193,1232000.0,1441641.5538333333
188194,195000.0,276210.5966666667
188197,890000.0,937021.48
188199,365000.0,444392.2
188207,560000.0,499022.0733333333
188208,538900.0,542746.69
188210,720000.0,706983.3333333334
188212,645000.0,690807.0083333333
188213,525000.0,545020.38
188214,290000.0,326690.6666666667
188216,435000.0,402816.6666666667
188223,556000.0,568397.4433333334
188224,1160000.0,1200173.3333333333
188226,612000.0,669118.8333333334
188227,1800000.0,807511.0
188232,850000.0,605848.6833333333
188233,760000.0,586020.6166666667
188234,90000.0,196932.34666666668
188236,550000.0,648979.2866666666
188243,2300000.0,4357671.24
188244,569486.0,573467.46
188248,390000.0,541457.1155555556
188251,480000.0,502978.33
188256,480000.0,643684.1416666667
188259,2850.0,2758.707777777778
188260,1450000.0,1752050.0
188261,460000.0,458991.6433333333
188262,575000.0,527969.3333333334
188264,890000.0,2668960.0
188265,6800.0,6647.133333333333
188268,122000.0,164833.66333333333
188269,775000.0,595156.2
188270,569413.0,605174.35
188275,2750.0,2764.751190476191
188276,7250.0,6558.237777777777
188277,1136000.0,1245469.2566666666
188278,428000.0,448223.5
188279,760000.0,915796.6666666666
188280,1199000.0,1905158.2766666666
188281,1100000.0,922899.3
188283,950000.0,757751.23
188284,490000.0,672559.7333333333
188285,296500.0,285865.0
188288,899000.0,879657.25
188294,585000.0,558462.1666666666
188296,22000.0,14814.528333333334
188299,111000.0,245216.12666666668
188300,702500.0,770542.8
188313,321000.0,325192.31666666665
188317,1900000.0,1799845.4833333334
188319,400000.0,457858.3333333333
188321,4350000.0,4225409.916666667
188322,5000.0,4037.2409523809524
188323,849000.0,647266.4666666667
188328,700000.0,760619.2
188333,410000.0,507640.76666666666
188335,1950000.0,1998177.1533333333
188336,4500.0,4763.666666666667
188338,478000.0,477641.76666666666
188339,2525000.0,2599748.1066666665
188340,1149000.0,1059233.3333333333
188343,533900.0,515077.52
188345,694900.0,676226.9533333334
188346,8200000.0,5070769.016666667
188349,2800000.0,2358020.2933333335
188350,700000.0,617876.2
188351,2200.0,1903.9366666666667
188355,440000.0,477814.23
188357,685000.0,663510.2633333333
188358,685000.0,713393.6533333333
188359,220000.0,235360.68333333332
188362,629990.0,616258.6833333333
188364,900000.0,827750.6866666666
188365,19950000.0,4222555.0
188367,335000.0,389106.99666666664
188368,1230000.0,918827.5155555556
188371,925000.0,585464.66
188373,3995.0,4646.919444444444
188374,900000.0,950285.1666666666
188375,225000.0,387110.6666666667
188377,451500.0,456868.31666666665
188380,390000.0,393561.3333333333
188383,300000.0,342259.17
188386,350000.0,525142.51
188387,560000.0,707804.25
188388,235000.0,250601.3
188391,475000.0,397734.7033333333
188392,2750000.0,2102594.9133333336
188396,625000.0,541752.7766666666
188397,239000.0,257640.0
188399,585000.0,540164.5066666667
188403,620000.0,626414.5
188405,511500.0,845878.08
188408,363600.0,418999.99333333335
188410,520000.0,452887.9866666667
188411,535000.0,701879.97
188412,880000.0,921704.4633333334
188414,6000000.0,4108135.256666667
188418,429000.0,435418.0
188423,273000.0,267305.9166666667
188424,1725000.0,1684095.6733333333
188425,815000.0,1039656.2222222221
188426,279500.0,419370.22
188429,889000.0,851998.29
188431,205000.0,232342.66666666666
188435,780000.0,866932.0
188436,1035000.0,1025690.3666666667
188441,875000.0,756160.3266666667
188442,485000.0,514834.1666666667
188444,905000.0,1015078.82
188448,440206.0,502104.4377777777
188454,853000.0,848659.07
188455,485000.0,380283.68
188456,385000.0,276772.81
188458,575000.0,601835.6066666667
188460,415000.0,459357.1
188461,1040000.0,920986.9733333334
188464,489000.0,503378.3333333333
188468,541000.0,585714.6933333334
188472,1550000.0,1122624.5533333332
188473,835000.0,709343.0
188474,247432.0,237255.66333333333
188475,4400.0,4267.733333333334
188477,390000.0,470586.79833333334
188478,350000.0,388473.99666666664
188481,147115.0,178851.33333333334
188483,525000.0,517648.43333333335
188485,2400000.0,1938463.4666666666
188487,520000.0,413734.23333333334
188490,580.0,575005.5
188491,489000.0,632736.4666666667
188498,205000.0,235914.94666666666
188500,815000.0,633255.4933333333
188501,1695.0,1769.0248888888884
188502,1850.0,2041.7544444444445
188503,559000.0,671436.2466666667
188508,650000.0,653209.2866666666
188509,285000.0,522542.9066666667
188510,350000.0,353990.37333333335
188512,360000.0,374169.0
188513,390000.0,487941.9166666667
188515,585000.0,624660.3533333334
188516,1203000.0,1484021.6933333334
188517,490000.0,596612.0
188519,1657000.0,1227609.7962
188520,1750000.0,1471853.9366666668
188525,865000.0,943709.4533333334
188528,599000.0,747962.2133333334
188529,855000.0,841415.41
188532,883500.0,998889.3333333334
188533,562000.0,546803.0133333333
188535,385000.0,347823.45666666667
188536,455000.0,442042.4866666667
188539,550000.0,661690.9233333333
188540,410000.0,422520.80333333334
188541,420000.0,796800.3866666667
188542,275000.0,298568.36666666664
188543,2100.0,1907.219523809524
188546,460000.0,530236.2477777778
188547,1498000.0,1555813.1766666668
188549,628000.0,701203.3333333334
188550,905000.0,944150.6666666666
188552,970000.0,926315.3566666667
188555,5150000.0,2759756.6
188556,420000.0,437499.2766666667
188557,250000.0,253621.6
188558,280000.0,265242.6666666667
188559,1450000.0,1738151.1266666667
188563,418000.0,397693.3233333333
188566,2300.0,2198.1233333333334
188567,1120000.0,1371386.9083333334
188570,425000.0,301422.25666666665
188573,660000.0,447268.99
188575,495000.0,550735.9813333333
188577,1950.0,1895.0372222222225
188578,515000.0,520434.2122222223
188581,473000.0,601675.3266666667
188584,275000.0,380178.18
188589,369000.0,443220.87333333335
188590,10000000.0,4012760.546666667
188593,2500000.0,1988526.2166666666
188600,329900.0,393817.7033333333
188602,730000.0,1085557.5
188603,108750.0,157278.83333333334
188606,535000.0,746875.2833333333
188607,1750000.0,1998491.7533333334
188611,2400.0,2266.1887012987013
188613,323500.0,403887.67
188614,210000.0,190408.99333333335
188615,485000.0,618357.7533333333
188616,175000.0,256656.66666666666
188621,465000.0,477887.38888888893
188623,140000.0,243308.32666666666
188632,310000.0,386011.6
188633,495000.0,368269.02
188634,1230000.0,1123902.3333333333
188635,310000.0,367350.18666666665
188637,554400.0,635598.95
188639,534900.0,588891.6
188640,1970000.0,2056095.7966666666
188644,29500.0,24449.050000000003
188645,435000.0,464594.405
188646,510000.0,495147.6666666667
188654,935000.0,1344325.5933333333
188658,795000.0,1398028.7229333334
188661,295000.0,385523.63333333336
188663,1800000.0,1874300.4066666667
188664,392700.0,399173.69333333336
188667,386250.0,475927.5
188668,450000.0,388838.0
188670,380000.0,374155.18
188672,405000.0,436403.8906904762
188673,120000.0,218811.55666666667
188675,300000.0,293286.5
188676,725000.0,772026.6
188678,480000.0,446369.49666666664
188682,1170000.0,1003800.3333333334
188683,892991.0,955049.6722222221
188686,552000.0,707522.0833333334
188687,2500.0,2702.1466666666665
188689,3300000.0,1971777.58
188695,355000.0,372161.66
188696,3200000.0,3048266.1133333333
188697,835000.0,871618.6666666666
188698,1535000.0,2036223.34
188699,340000.0,289947.63333333336
188700,940000.0,1048118.1766666666
188701,3600000.0,2745089.379166667
188703,3195.0,2852.723888888889
188705,3501200.0,3971458.283333333
188708,35000.0,112902.2
188715,337000.0,342453.0
188716,2600.0,3514.0388888888892
188717,993500.0,1357896.295
188720,330000.0,408421.4733333333
188722,585000.0,498426.61666666664
188724,450000.0,476798.3333333333
188729,931000.0,663311.57
188730,650000.0,620014.59
188734,24500000.0,4922608.933333334
188735,1285000.0,1423226.95
188736,480000.0,488975.0
188739,860000.0,1211921.05
188741,435000.0,471917.61333333334
188747,1175000.0,1391861.6666666667
188754,564900.0,563007.3626666667
188758,499000.0,508336.77
188759,205000.0,125011.49666666667
188761,2050.0,2066.974444444444
188762,700000.0,755050.1466666666
188765,135000.0,141438.0
188768,255000.0,331555.36333333334
188769,530000.0,427193.86777777784
188771,300000.0,451973.1666666667
188772,1170000.0,1536285.86
188773,565000.0,667947.7
188774,320000.0,413374.14666666667
188776,850000.0,904441.3633333333
188779,3397687.0,3233566.243333333
188780,425000.0,446991.12333333335
188781,375000.0,482203.9047222223
188782,453000.0,430783.1666666667
188786,280000.0,504723.8333333333
188787,1250000.0,1362205.3133333332
188788,565000.0,553718.0933333334
188789,1600000.0,1529726.4833333334
188790,520000.0,772951.84
188791,406000.0,467563.3333333333
188793,5995000.0,4748802.71
188797,2500.0,2229.4607142857144
188801,525000.0,498618.4444444444
188802,1200000.0,1839768.0633333332
188803,54000.0,122176.16666666667
188804,1200000.0,1500210.9833333334
188805,314000.0,323130.49666666664
188806,472500.0,530371.8266666667
188808,250000.0,269482.7966666667
188810,450000.0,356197.5
188812,180000.0,306776.6533333333
188814,280000.0,256631.66333333333
188817,328000.0,361214.75333333336
188818,535000.0,567923.1666666666
188822,155000.0,203185.21033333335
188823,317000.0,306699.8333333333
188827,3700.0,3001.632222222222
188828,1680.0,1921.0197222222225
188829,2900.0,3242.651111111111
188832,220507.35,318705.63222222216
188836,300000.0,472909.0
188837,2800.0,1982.2522222222221
188838,260000.0,182722.5
188839,40000.0,143908.66666666666
188840,865000.0,814215.4433333334
188841,4000.0,7353.562222222224
188842,127500.0,240276.49666666667
188843,595000.0,1254704.1666666667
188844,3000000.0,1623534.1333333333
