,Actual,Predicted
172329,4100.0,4308.645555555556
172330,2250000.0,2088217.6166666667
172331,950000.0,965523.7933333333
172332,245000.0,267506.42
172333,1175000.0,1229604.8533333333
172334,12202020.0,4476787.656666666
172335,340000.0,392860.19333333336
172336,392500.0,381338.78
172337,900000.0,1035481.6566666666
172338,865000.0,824360.83
172339,1075000.0,1468200.0
172340,2300000.0,3050571.0366666666
172341,999999.0,937306.2533333333
172342,620000.0,646635.4166666666
172343,2900000.0,2369363.2533333334
172344,4300.0,4873.9
172345,499000.0,532779.8966666666
172346,600500.0,832853.6666666666
172347,960000.0,1277012.6666666667
172348,825000.0,1116534.6866666668
172349,2280000.0,2323626.233333334
172350,1250000.0,1463517.8333333333
172351,1198000.0,1329721.3966666667
172352,392500.0,508649.13
172353,4500.0,4073.0633333333335
172354,1600000.0,1802069.7866666666
172355,1196000.0,857442.4166666666
172356,1680000.0,1712832.3533333333
172357,2350000.0,2627579.8266666667
172358,412000.0,346064.3333333333
172359,2000.0,2794.043888888889
172360,2305000.0,2205591.2549333335
172361,1320000.0,1542780.0
172362,3150.0,2610.4411111111112
172363,2950.0,2786.7733333333335
172364,900000.0,939324.0266666666
172365,7500.0,6047.772857142857
172366,1655000.0,1072069.0
172367,670000.0,673028.1733333333
172368,1100000.0,1096664.9633333334
172369,1382000.0,1829443.44
172370,450000.0,594433.9966666667
172371,710000.0,968306.1666666666
172372,1700000.0,1735352.58
172373,550000.0,588682.58
172374,245000.0,300493.63333333336
172375,8100000.0,3927004.0
172376,1850000.0,1262572.5433333332
172377,3650000.0,2409471.4196
172378,1000000.0,1315232.02
172379,3700000.0,3603055.3366666664
172380,1800.0,3087.3866666666668
172381,9100000.0,4729121.2
172382,780000.0,857320.5711111111
172383,2795.0,2142.769444444444
172384,4000000.0,2789399.2
172385,1015000.0,1459971.41
172386,1775000.0,1577540.4666666666
172387,640000.0,650899.3766666667
172388,6150000.0,4645913.733333333
172389,2400000.0,1959357.8333333333
172390,4200.0,4486.846666666666
172391,2190000.0,1829138.0
172392,2600.0,2658.9608333333335
172393,570000.0,569889.5766666667
172394,10800.0,7840.733333333334
172395,7400000.0,4915875.0
172396,2300.0,2465.7166666666667
172397,3600.0,3619.45
172398,510000.0,741527.7
172399,1125000.0,1210296.8333333333
172400,4500.0,4381.966666666666
172401,2000000.0,1427699.1166666667
172402,975000.0,1445395.9966666666
172403,620000.0,597522.6066666667
172404,24000.0,13159.528015873015
172405,1750000.0,1710238.2858333334
172406,764500.0,708097.11
172407,658000.0,767212.0
172408,370800.0,371291.42222222226
172409,820000.0,1094189.1966666668
172410,7000.0,6017.705555555556
172411,940000.0,949127.5466666666
172412,4200000.0,3956040.0933333333
172413,390000.0,513789.32666666666
172414,4000.0,3863.0611111111116
172415,3200.0,3046.1
172416,751000.0,752404.65
172417,1425000.0,1753446.4866666666
172418,1850.0,2175.6366666666668
172419,19000000.0,4942531.783333333
172420,880000.0,927097.63
172421,1995.0,2335.4
172422,855000.0,1169065.8166666667
172423,870000.0,886432.95
172424,6500.0,5932.953333333333
172425,1995.0,1765.4579365079362
172426,1300000.0,1500151.7833333334
172427,600000.0,570370.78
172428,225000.0,326020.49333333335
172429,4100.0,3836.853055555556
172430,2500000.0,2284347.8633333333
172431,770000.0,759382.6266666667
172432,3000000.0,2679555.4
172433,1325000.0,1221767.18
172434,2995.0,2855.6267000000003
172435,5500000.0,3601225.62
172436,3300.0,3252.82
172437,5995.0,6663.795555555555
172438,2550.0,3030.055555555555
172439,1800.0,1998.2378915343916
172440,832393.0,1179985.37
172441,2200.0,2326.923333333333
172442,2500.0,2654.371111111111
172443,1950.0,2091.81
172444,3000.0,3010.99
172445,2500.0,2716.0916666666667
172446,3125000.0,2551062.76
172447,600000.0,685550.4444444444
172448,4950.0,4931.716666666666
172449,1175.0,1834.6344444444442
172450,3423.0,3691.1011111111115
172451,3850.0,4453.488333333333
172452,2700.0,3237.7411111111114
172453,1369000.0,1278519.9666666666
172454,4450.0,3886.346111111111
172455,5600000.0,4488526.296666667
172456,1795.0,1839.8516666666667
172457,625000.0,1067044.6066666667
172458,2400.0,2733.03
172459,6375.0,5750.5888888888885
172460,2250.0,1971.2333333333333
172461,2700.0,3133.733333333333
172462,1250000.0,1418474.3266666667
172463,5550.0,5301.326666666667
172464,6500.0,7081.4222222222215
172465,3500.0,3587.9733333333334
172466,1712500.0,1482266.84
172467,6900.0,10907.116666666667
172468,5595.0,5571.366666666667
172469,5000.0,4306.688888888889
172470,3800.0,4132.772222222222
172471,4000.0,4205.196666666667
172472,5500.0,5532.38
172473,6825000.0,2749707.3866666667
172474,1500.0,1699.4655555555555
172475,1850000.0,1462466.7762666666
172476,7250.0,6658.643333333333
172477,3400.0,3681.151111111111
172478,3000000.0,2879667.3333333335
172479,1995.0,2364.2155555555555
172480,1999.0,1915.3119444444446
172481,950000.0,836614.388888889
172482,3050.0,3391.7444444444445
172483,725.0,1710.9922222222222
172484,4500.0,4499.2
172485,680000.0,691466.6866666666
172486,2500.0,2646.4608333333335
172487,3500.0,2883.730119047619
172488,3395000.0,3277739.533333333
172489,2845.0,2905.5833333333335
172490,382200.0,622705.0533333333
172491,5500.0,4998.9
172492,2500.0,2105.3425
172493,17500.0,15755.038888888887
172494,4600.0,4026.14
172495,1310000.0,1421718.5266666666
172496,2775.0,2535.5961111111114
172497,3300000.0,2393589.379166667
172498,4900.0,5088.743333333333
172499,3600.0,4471.373333333333
172500,905000.0,1115935.0066666666
172501,2973750.0,2260851.6666666665
172502,3450.0,3649.84
172503,5200.0,7200.653333333334
172504,4750.0,4674.507777777778
172505,10500.0,7453.77111111111
172506,1000000.0,1188085.4
172507,3800.0,4031.133333333333
172508,3750.0,4010.4566666666665
172509,2000.0,2012.363888888889
172510,2350000.0,2070220.0
172511,6400.0,5806.5055555555555
172512,7800.0,6427.61
172513,850000.0,809402.46
172514,2695.0,2810.2438888888887
172515,2000.0,2300.155
172516,1772000.0,1830855.8333333333
172517,2595.0,2743.64
172518,4050.0,3851.86
172519,4950.0,4578.596666666666
172520,6050.0,6872.949206349206
172521,510000.0,521141.00333333336
172522,2890.0,2530.520555555556
172523,4500.0,5059.779166666666
172524,3700.0,3880.556666666667
172525,3790.0,3100.17
172526,1589000.0,1809118.7333333334
172527,1025000.0,1249591.6166666667
172528,4300.0,4376.3103174603175
172529,3300.0,3141.076666666667
172530,2675.0,3151.462777777778
172531,1800.0,2640.016666666667
172532,3275.0,3671.29
172533,1850.0,1872.0644444444442
172534,2400.0,3056.7166666666667
172535,1800000.0,1539330.1233333333
172536,2800.0,2861.27
172537,4380.0,4003.5333333333333
172538,3700.0,3144.2155555555555
172539,3600.0,4338.0055555555555
172540,4700.0,4755.393333333333
172541,2599.0,4028.8761111111107
172542,575000.0,500314.0333333333
172543,2397.0,2295.3566666666666
172544,255000.0,369570.8233333333
172545,816000.0,761566.7866666666
172546,255000.0,341587.5
172547,1480000.0,1579442.2566666666
172548,3100000.0,1978027.36
172549,2900.0,5257.823333333334
172550,3400.0,3382.13
172551,1100000.0,1245421.3911111113
172552,4000.0,5311.116666666667
172553,2895.0,2763.9333333333334
172554,3095.0,3213.1633333333334
172555,3395.0,3753.3911111111115
172556,1695.0,1610.535925925926
172557,610000.0,577334.3333333334
172558,1695.0,1798.3199230399232
172559,1260000.0,1491574.9966666666
172560,6300.0,6369.4
172561,7500.0,7173.393333333333
172562,11000.0,12792.794433333334
172563,297213.0,338514.96
172564,2675000.0,2620914.4633333334
172565,2720.0,3010.5611111111107
172566,1700000.0,1404973.722222222
172567,2450.0,2374.4466161616165
172568,4200.0,4063.0777777777785
172569,3200.0,3010.195555555556
172570,850000.0,616889.58
172571,4300.0,4275.6611111111115
172572,4400.0,18566.0
172573,2499000.0,2584030.9433333334
172574,820000.0,881760.65
172575,1050000.0,816670.9066666666
172576,5200.0,5014.15
172577,5200.0,5280.08
172578,3100.0,3144.5753968253966
172579,4400.0,4151.296666666667
172580,4500.0,3900.76
172581,1425000.0,1828077.0166666666
172582,3595.0,3563.200793650794
172583,3495.0,3561.4648148148135
172584,3400.0,4250.995833333333
172585,4500.0,4108.166666666667
172586,887000.0,680675.65
172587,980000.0,1044542.8333333334
172588,4350.0,4450.046666666667
172589,4000.0,3970.733333333333
172590,3100.0,3499.275
172591,3585.0,3369.8433333333332
172592,5300.0,5214.272222222222
172593,6650.0,6109.3
172594,3850.0,3721.3166666666666
172595,3650000.0,2828363.1233333335
172596,27500000.0,4071140.4088888885
172597,6700.0,4464.64
172598,2295.0,1890.7033333333334
172599,614000.0,724581.9666666667
172600,1050000.0,1100270.8333333333
172601,1875.0,1964.1333333333334
172602,14800.0,27658.681111111106
172603,45000.0,238063.14
172604,3895.0,3904.7833333333333
172605,3400.0,3516.858333333333
172606,2950.0,3151.9055555555556
172607,4800.0,4714.03
172608,4900.0,5375.45
172609,3200.0,2689.9247222222225
172610,6200000.0,4246825.593333334
172611,2350.0,2119.9383333333335
172612,1950.0,1823.1111111111109
172613,5000.0,4992.21
172614,1600000.0,1627602.31
172615,1875000.0,1800742.42
172616,2350.0,2256.0133333333333
172617,6500.0,6209.526388888889
172618,6000.0,7203.891666666666
172619,12900000.0,3704003.1733333333
172620,4325.0,3990.383333333333
172621,2950.0,3053.942380952381
172622,25000.0,18896.6
172623,4900.0,5527.546666666667
172624,3450000.0,3150166.5866666664
172625,1775000.0,1917148.2
172626,2900.0,2772.2966666666666
172627,3850.0,4122.251111111112
172628,6500.0,6195.583333333333
172629,3512500.0,2360072.0
172630,3050000.0,3280133.4166666665
172631,3400000.0,2347774.4029333335
172632,690000.0,791046.24
172633,650000.0,1872436.1666666667
172634,3100.0,2929.7766666666666
172635,3600.0,3642.3966666666665
172636,1990.0,1971.1526058201057
172637,750000.0,859729.0
172638,4400000.0,3254852.6166666667
172639,10000.0,8440.463333333333
172640,11500.0,10660.123333333333
172641,185000.0,333181.39
172642,6200.0,26701.85
172643,6950.0,6805.848412698412
172644,4350.0,4464.28
172645,2800000.0,2310532.216666667
172646,6000.0,5011.933333333333
172647,900000.0,1138227.2066666668
172648,3800.0,3570.5627777777777
172649,325000.0,403465.66
172650,330000.0,475650.16
172651,2800.0,2962.34
172652,2910000.0,1725453.67
172653,3000.0,3264.286666666667
172654,6400.0,6648.4
172655,4400.0,4217.066666666667
172656,1300.0,1752.843888888889
172657,4000.0,3229.9255555555555
172658,3300.0,3284.0333333333333
172659,4575.0,4752.565
172660,5000.0,4506.133333333333
172661,2350.0,2375.4166666666665
172662,3300.0,4118.483333333334
172663,3600.0,3293.2466666666664
172664,1200000.0,1280496.1533333333
172665,3100.0,3058.5666666666666
172666,3250.0,3670.8522222222223
172667,1225000.0,1047995.78
172668,2900.0,3102.2
172669,6100.0,5639.666666666667
172670,4000.0,4189.048888888889
172671,4250.0,4180.223333333333
172672,3100.0,2846.8999999999996
172673,6995.0,6633.953333333333
172674,3900.0,3818.35
172675,2980.0,2784.502222222222
172676,9500.0,14236.334444444446
172677,4000.0,4022.4666666666667
172678,4600.0,4766.286809523809
172679,5250.0,5092.98
172680,10000.0,8129.933333333333
172681,3600.0,3697.22
172682,3850.0,3694.094444444444
172683,4000.0,4099.366666666667
172684,1500.0,1860.89
172685,6500.0,5194.516666666666
172686,5500.0,5474.78
172687,3400.0,3375.2
172688,6250.0,6920.363333333334
172689,8000.0,8938.891666666666
172690,3125.0,3588.0666666666666
172691,920000.0,1073964.1666666667
172692,3300.0,3280.97
172693,3200.0,3308.883333333333
172694,3500.0,3158.5
172695,536500.0,532263.4333333333
172696,5000.0,4781.833333333333
172697,4600.0,4255.3
172698,470000.0,560667.0166666667
172699,17000.0,13510.92857142857
172700,17000.0,11832.67111111111
172701,7500.0,8050.158333333334
172702,10500.0,9690.03888888889
172703,3800.0,3726.91
172704,4800.0,4543.705555555555
172705,4500.0,5410.256666666667
172706,5500.0,5536.683333333333
172707,2500.0,2052.9155555555553
172708,3500.0,3184.05
172709,1785000.0,2165160.6366666667
172710,5200.0,5500.17
172711,3200.0,8345.526666666667
172712,2500000.0,2785252.1433333335
172713,530000.0,548858.52
172714,3500.0,3518.5116666666668
172715,1350000.0,1484442.74
172716,7000.0,7435.816666666667
172717,3500.0,3420.8166666666666
172718,8300.0,8672.98
172719,8500.0,7994.876666666667
172720,460000.0,435415.90333333326
172721,561000.0,482243.85
172722,7000.0,6985.016666666666
172723,4500.0,4487.868333333333
172724,2835.0,2943.2633333333333
172725,1675000.0,1624219.96
172726,3250.0,3756.45
172727,3100.0,2889.69
172728,7500.0,7591.383333333333
172729,3300.0,2745.7288888888893
172730,5950.0,6545.6
172731,3600.0,3826.8433333333332
172732,995000.0,1503382.6466666667
172733,3600.0,3871.4822222222224
172734,12000000.0,4755312.253333333
172735,4000.0,3794.4866666666667
172736,925000.0,959023.8888888888
172737,805000.0,813563.9733333334
172738,3450.0,3467.1044444444447
172739,4200.0,4171.007777777778
172740,4400.0,4612.81
172741,2795.0,2707.35
172742,359900.0,325611.34
172743,12000.0,8365.41388888889
172744,6200.0,5709.55
172745,410000.0,419977.76666666666
172746,2895.0,16546.31
172747,1675000.0,1619652.1
172748,386500.0,354372.2222222222
172749,385000.0,490354.9844444445
172750,5200.0,5252.653333333334
172751,5300.0,4908.95
172752,2300.0,2201.227777777778
172753,7475.0,13222.602777777778
172754,2400.0,2711.0277777777774
172755,655000.0,633108.0333333333
172756,2595.0,2710.6703174603176
172757,1700000.0,1666062.375
172758,1775000.0,1833420.0
172759,4650.0,4930.183333333333
172760,5500.0,6130.456666666667
172761,775000.0,891792.4133333333
172762,3500.0,4217.756666666667
172763,3420000.0,3313552.09
172764,6200.0,6319.666666666667
172765,5000.0,4322.77
172766,1900000.0,2123753.3133333335
172767,1625000.0,1521553.0533333332
172768,1769000.0,1439761.8733333333
172769,4700.0,4277.386666666666
172770,3320000.0,2718482.9166666665
172771,3900.0,4062.733333333333
172772,3800.0,3607.7888888888892
172773,3700.0,3847.15
172774,5000.0,6009.775
172775,440000.0,906238.25
172776,2500.0,2846.03
172777,722000.0,741041.111111111
172778,1000.0,1722.3009656084655
172779,3200.0,3139.752
172780,8400.0,9966.177766666668
172781,5200.0,5095.5633333333335
172782,1612000.0,1823255.83
172783,4995000.0,3500450.9266666668
172784,5900.0,8433.156349206349
172785,3600.0,4352.053333333333
172786,1450000.0,1365885.2066666668
172787,3200.0,3464.3766666666666
172788,3500.0,3303.554166666667
172789,7500.0,7832.594433333334
172790,455000.0,468003.72
172791,995000.0,1175865.0
172792,815000.0,818850.5133333333
172793,3595.0,3385.6866666666665
172794,850000.0,785652.04
172795,1100000.0,837676.1666666666
172796,670000.0,512255.2444444445
172797,880000.0,851828.3333333334
172798,698000.0,791972.0666666667
172799,640000.0,679262.2733333333
172800,725000.0,660952.2333333333
172801,2400000.0,1571103.7266666666
172802,3300.0,3667.616666666667
172803,3000.0,3330.733333333333
172804,2500000.0,1222385.4933333334
172805,4350.0,4385.494365079365
172806,2900.0,2628.670833333333
172807,1375000.0,1804924.5443000002
172808,19000.0,11148.436666666666
172809,840000.0,944616.3466666667
172810,4900.0,4743.961666666667
172811,1200000.0,1961097.13
172812,302000.0,592956.3533333334
172813,1335000.0,1376185.3722222222
172814,2800.0,2896.63
172815,1940000.0,1572497.42
172816,5500.0,5894.635555555556
172817,2600.0,2814.8433333333332
172818,2549000.0,1975868.0166666666
172819,3300.0,3102.85
172820,625000.0,529396.9633333334
172821,1449000.0,1342546.6666666667
172822,4500.0,4526.013333333333
172823,950000.0,974472.3833333333
172824,930000.0,804677.62
172825,680000.0,700159.63
172826,950000.0,1461340.55
172827,4500.0,4558.713333333333
172828,1275000.0,1228372.7633333334
172829,1030000.0,1531251.53
172830,3250.0,3350.285555555555
172831,4550.0,4482.675
172832,1300000.0,1424872.2
172833,3800.0,3949.7507936507945
172834,1200000.0,1407769.68
172835,3800.0,3622.133333333333
172836,2750.0,2482.2688888888893
172837,300000.0,682206.1833333333
172838,5700.0,5995.93
172839,3200.0,3174.693333333333
172840,230000.0,350547.37
172841,3550.0,3657.903333333333
172842,190000.0,272529.87333333335
172843,6500.0,6907.1466666666665
172844,5500.0,5012.066666666667
172845,6500.0,4198.433333333333
172846,4000.0,3698.8333333333335
172847,1700.0,1894.9630952380955
172848,3600.0,3695.6233333333334
172849,2500.0,2775.3675
172850,640000.0,540958.75
172851,3850.0,3385.133333333333
172852,5500.0,5428.367777777778
172853,2000000.0,1587311.8033333332
172854,1280000.0,1172205.1433333333
172855,869000.0,709207.1533333333
172856,853000.0,998339.9433333334
172857,4250000.0,2344217.0
172858,1974000.0,1805602.91
172859,4500.0,4712.916666666667
172860,460000.0,810344.8766666667
172861,2800.0,2844.471666666667
172862,1300000.0,1282772.1633333333
172863,1175000.0,1343155.4048
172864,640000.0,733053.5522222222
172865,3950000.0,2307352.5233333334
172866,9000.0,5478.84
172867,2700.0,2365.5577777777776
172868,3650.0,3570.4133333333334
172869,5200.0,5042.796666666667
172870,6300.0,5782.63
172871,1660000.0,1342788.8633333333
172872,460000.0,528994.1533333333
172873,910000.0,956348.05
172874,4250000.0,1876738.65
172875,3450.0,4749.95
172876,4000.0,4161.183333333333
172877,1500000.0,1225227.96
172878,5700.0,4922.2266666666665
172879,1775000.0,1480224.1666666667
172880,3850000.0,3265086.028888889
172881,1800.0,3996.34
172882,4250.0,4492.816666666667
172883,675000.0,460835.1693666667
172884,1025000.0,873661.6666666666
172885,6300.0,5509.277777777778
172886,5700.0,5700.318888888889
172887,2600.0,2871.85
172888,1185000.0,1092802.7933333332
172889,1750000.0,1301348.9566666668
172890,3300.0,3594.2
172891,9000.0,10592.17
172892,800000.0,743487.6266666667
172893,2500.0,2524.765
172894,6650.0,5525.22
172895,1360000.0,1408831.14
172896,2600.0,2402.3966666666665
172897,1500.0,2108.298888888889
172898,9850.0,10118.445555555554
172899,9000.0,6076.583333333333
172900,415000.0,569843.8266666667
172901,1150000.0,1164304.4233333333
172902,5700.0,4988.096666666666
172903,3000.0,3981.48
172904,213000.0,536782.87
172905,3000.0,2988.923333333333
172906,6500.0,6198.16
172907,1950000.0,1295238.3333333333
172908,6000.0,4880.567222222223
172909,469000.0,491404.44666666666
172910,6200.0,5760.3966666666665
172911,2525000.0,1941304.2566666666
172912,1850000.0,1789075.33
172913,2800000.0,1409652.09
172914,4200.0,4338.675
172915,4295.0,4146.833333333333
172916,1995.0,2334.6
172917,4200.0,8318.74888888889
172918,3210000.0,2903141.8364999993
172919,1800.0,4469.253333333333
172920,7150000.0,3567997.0033333334
172921,2470.0,2606.74
172922,1225000.0,1079481.6666666667
172923,1300000.0,1893905.43
172924,550000.0,667084.1466666666
172925,2500.0,3570.883333333333
172926,2950.0,3137.0277777777774
172927,2700.0,2696.5325
172928,910000.0,972389.1566666666
172929,4500.0,4622.248611111112
172930,877800.0,982988.2833333333
172931,3250.0,3058.823888888889
172932,1625000.0,1928263.3125
172933,8500.0,9227.183333333332
172934,4500.0,4939.2535714285705
172935,825000.0,820378.07
172936,3500.0,3683.9927777777784
172937,8000.0,7165.258333333333
172938,530000.0,343718.0
172939,1650.0,1731.7855555555557
172940,3200.0,3217.0794444444446
172941,199849.0,299893.56666666665
172942,6700.0,6940.473333333333
172943,2300.0,2428.9777777777776
172944,12700.0,11091.342222222223
172945,2795.0,2428.6461111111107
172946,510000.0,981336.0733333334
172947,239000.0,284595.67333333334
172948,245000.0,331666.88333333336
172949,1350.0,1884.9748015873017
172950,2750000.0,2591383.9244444445
172951,4700.0,4519.3625
172952,1400000.0,984386.6666666666
172953,4000.0,4091.125555555555
172954,3375.0,3133.9266666666667
172955,2200.0,2263.786666666667
172956,3700.0,3496.3088888888883
172957,395000.0,586313.7333333333
172958,8500.0,9126.46111111111
172959,1150000.0,1320164.6477777776
172960,25000.0,18219.583333333332
172961,7125000.0,4973316.726666667
172962,2600.0,2844.5333333333333
172963,1250.0,1840.6194444444443
172964,3000.0,2919.1809523809525
172965,4300.0,4290.09
172966,4300.0,4404.486111111111
172967,6000.0,6375.793333333333
172968,5050.0,5130.291111111112
172969,359000.0,382618.13333333336
172970,4600.0,4017.7733333333335
172971,2600.0,2187.5514814814815
172972,2950.0,2962.5066666666667
172973,5500.0,4771.043333333333
172974,3800.0,3882.2233333333334
172975,2500.0,2741.278333333333
172976,2225000.0,2722238.1433333335
172977,3400.0,3430.1716666666666
172978,3650.0,3676.17
172979,1385000.0,1347403.3266666667
172980,2395.0,2581.7833333333333
172981,3600.0,3457.266666666667
172982,555500.0,593463.3333333334
172983,1650000.0,1637653.8333333333
172984,3000.0,3398.6833333333334
172985,3495.0,3072.7655555555552
172986,3100.0,3480.7561111111113
172987,4700.0,5118.10996031746
172988,6000.0,6097.256666666667
172989,5400.0,4834.166666666666
172990,779000.0,539921.3044444445
172991,2695.0,2764.57
172992,3500.0,3664.9225
172993,430000.0,340681.3333333333
172994,850000.0,756674.8
172995,4450.0,4183.566666666667
172996,3299.0,2798.9566666666665
172997,680000.0,754911.03
172998,4000.0,3681.306666666667
172999,4800.0,4694.333333333333
173000,940000.0,1079352.3233333332
173001,2995.0,3645.2766666666666
173002,980000.0,1075719.08
173003,6250.0,6442.24
173004,525000.0,556173.3333333334
173005,2400.0,2056.7177777777774
173006,1850.0,2378.3633333333332
173007,3000.0,3477.588888888889
173008,2700.0,2445.076666666667
173009,16900.0,16285.526666666667
173010,605000.0,475732.8011111111
173011,5000.0,4262.525
173012,3750.0,3484.9488888888886
173013,3795.0,4008.3
173014,2200.0,1908.69
173015,9200.0,7132.426666666666
173016,2825050.0,2270023.4833333334
173017,3700.0,3179.983333333333
173018,7500.0,8741.79
173019,2495.0,2462.94
173020,5700.0,5804.0633333333335
173021,1600.0,1948.7111111111112
173022,860000.0,967239.7744444446
173023,840000.0,956735.94
173024,4000.0,3829.0333333333333
173025,3430000.0,2461615.783333333
173026,2450000.0,2725299.026666667
173027,1850000.0,1763704.2766666666
173028,6500.0,5801.656666666667
173029,2700.0,2344.85
173030,3100.0,3354.9066666666668
173031,3895.0,3933.2833333333333
173032,2200.0,1992.3
173033,5500.0,5540.783333333334
173034,2950.0,2580.7944444444443
173035,5500.0,5026.03
173036,3500.0,3662.3333333333335
173037,5600.0,21496.653333333332
173038,480000.0,670640.5
173039,632000.0,643999.5766666667
173040,450000.0,556987.3733333333
173041,2900.0,3363.599722222222
173042,2000.0,2587.7102777777777
173043,420000.0,461225.99333333335
173044,4500.0,4082.78
173045,4100.0,4384.4111111111115
173046,6100.0,9762.02746031746
173047,6300.0,5913.9
173048,5000.0,4209.963333333333
173049,6150.0,5276.23
173050,4000.0,4427.593333333333
173051,7000.0,6222.61
173052,3500.0,3589.11
173053,4400.0,4583.660555555557
173054,6200.0,7266.7
173055,4900.0,4947.983333333334
173056,655000.0,621821.8333333334
173057,11500.0,13661.846666666666
173058,9500.0,8618.178888888888
173059,4600.0,4545.133333333333
173060,4700.0,4301.334444444444
173061,6000.0,6151.433333333333
173062,4025000.0,3080094.28
173063,225898.0,375294.25
173064,3300.0,3363.7633333333333
173065,3500.0,3960.616666666667
173066,4500.0,4513.026666666667
173067,3500.0,3571.8333333333335
173068,3200.0,3085.16
173069,3195.0,3473.133333333333
173070,25500.0,23412.89460317459
173071,1325.0,2799.6455555555553
173072,4500.0,3847.01
173073,5500.0,5640.172222222222
173074,5600.0,5672.9
173075,5100.0,4623.283333333334
173076,2600.0,2743.931666666667
173077,2100.0,2123.785
173078,2500.0,2279.7435333333337
173079,5700.0,5016.877777777778
173080,3500.0,3479.6667
173081,4200.0,4184.833333333333
173082,2895.0,3273.5496031746034
173083,725000.0,724203.49
173084,3725.0,3731.7633333333333
173085,545571.0,468625.00666666665
173086,5100.0,5025.966666666666
173087,2200.0,2392.6494444444443
173088,4000.0,4027.3433333333332
173089,36693.55,76958.33333333333
173090,4200.0,4025.2833333333333
173091,3250.0,3607.2633333333333
173092,7000.0,6278.941666666667
173093,2650.0,2991.955
173094,3000.0,3240.1033333333335
173095,2800.0,3919.204444444444
173096,640000.0,716216.1655555555
173097,885000.0,846784.8833333333
173098,2075000.0,2162951.922933333
173099,3800.0,3672.84
173100,12000.0,8338.17111111111
173101,14000.0,10424.416666666666
173102,3850.0,4120.316666666667
173103,12000.0,5637.766666666666
173104,2850.0,3074.655
173105,3600.0,3643.93
173106,1400000.0,1069122.4733333334
173107,1900.0,2080.983333333333
173108,2500.0,2564.7966666666666
173109,3930.0,4599.703333333333
173110,138306.45,245490.18
173111,535000.0,476125.2222222222
173112,1775000.0,1654391.34
173113,1195.0,1699.6244444444446
173114,2450.0,2587.0233333333335
173115,330000.0,413175.70222222223
173116,2900.0,2208.579305555556
173117,3695.0,3800.3533333333335
173118,2850.0,2730.1222222222223
173119,4295.0,7530.198888888888
173120,3950.0,4081.96
173121,482500.0,441509.2166666667
173122,950000.0,947122.5066666667
173123,1920000.0,1177817.0333333334
173124,5500.0,6210.713333333333
173125,2300.0,2405.3433333333332
173126,2463000.0,2430911.1933333334
173127,4250.0,6365.321111111111
173128,335000.0,509489.9166666667
173129,4000.0,4650.384444444444
173130,5500.0,5268.093333333333
173131,5500.0,4367.313888888888
173132,2895.0,3634.894444444444
173133,7800.0,7693.433333333333
173134,585000.0,674088.43
173135,570000.0,541660.6433333333
173136,2200.0,4355.242222222222
173137,415500.0,525334.1833333333
173138,1625000.0,1774938.2133333334
173139,5200.0,5139.876190476191
173140,5500.0,6513.777766666667
173141,5500.0,57214.957777777774
173142,670000.0,451684.9
173143,820000.0,808361.0466666666
173144,6200.0,6855.9511111111115
173145,525000.0,771739.9833333333
173146,4850.0,4901.683333333333
173147,3500.0,3518.95
173148,420000.0,318957.99666666664
173149,1500000.0,1276680.8333333333
173150,1250000.0,1180528.0533333332
173151,848000.0,648779.41
173152,14995.0,10366.183333333332
173153,1174000.0,1373154.1266666667
173154,212000.0,302053.7311111111
173155,2000.0,2341.9966666666664
173156,4950.0,4757.252222222222
173157,20000.0,20463.58888888889
173158,2850.0,2649.284444444444
173159,2725000.0,2002720.6933333334
173160,399000.0,400730.22222222225
173161,2350000.0,1918007.4033333333
173162,775000.0,793044.5366666666
173163,12000.0,12288.676666666666
173164,285000.0,388399.05555555556
173165,1650.0,1966.5585333333336
173166,710000.0,767942.88
173167,1240000.0,1184698.5
173168,1600000.0,1310553.34
173169,5500.0,48565.583333333336
173170,1800.0,2711.616666666667
173171,4500.0,4669.916666666667
173172,2995.0,3153.6433333333334
173173,310000.0,417962.55666666664
173174,2300.0,2030.2275396825396
173175,3250.0,3040.6477777777777
173176,2450.0,2185.09123015873
173177,2995.0,3251.903333333333
173178,2200.0,2062.5444444444443
173179,2650.0,3084.786666666667
173180,1350000.0,1131323.888888889
173181,729000.0,760517.2633333333
173182,7950.0,5900.8533333333335
173183,775000.0,1334860.0566666666
173184,3225.0,3159.02
173185,4100.0,5033.626666666667
173186,5200.0,4434.746388888889
173187,763000.0,723721.8333333334
173188,7750.0,6768.883333333333
173189,1415000.0,2473618.4066666667
173190,4295.0,3614.9333333333334
173191,6500.0,6214.467777777778
173192,5100.0,4935.516666666666
173193,860000.0,1202147.4866666666
173194,3800.0,3568.5833333333335
173195,4400.0,4592.513888888889
173196,1526000.0,1628653.4266666668
173197,500000.0,805295.5433333333
173198,3500.0,3436.6966666666667
173199,3400.0,3885.465
173200,1000.0,1770.8355555555559
173201,3750.0,3219.766666666667
173202,730000.0,717636.01
173203,3650.0,3458.885484126986
173204,401650.0,857691.2833333333
173205,1184720.0,1190355.1133333333
173206,4695.0,5651.49
173207,450000.0,588116.22
173208,4998.0,5013.188888888888
173209,6000.0,5706.866666666667
173210,850000.0,675893.0
173211,525000.0,572567.15
173212,872000.0,1028701.5033333333
173213,3500.0,3798.2466666666664
173214,1595000.0,1417854.3733333333
173215,2250.0,2414.7233333333334
173216,5600.0,136088.65
173217,3300.0,3414.625
173218,1607000.0,1469397.4766666666
173219,3400.0,3594.5
173220,4500.0,5209.47
173221,1740000.0,1527683.4233333333
173222,3880.0,3893.0333333333333
173223,1455000.0,1454611.3333333333
173224,3500.0,3682.690555555556
173225,5500.0,5152.694444444444
173226,2650.0,2732.9955555555553
173227,675000.0,828216.67
173228,3800.0,3144.1305555555555
173229,4900.0,4590.566666666667
173230,1550000.0,1553786.7133333334
173231,3995.0,4200.796666666667
173232,689000.0,573025.7733333333
173233,1400000.0,1302151.2333333334
173234,5850.0,5244.823333333334
173235,16500.0,17124.4
173236,5500.0,5311.13
173237,1443000.0,1183317.26
173238,4900.0,5316.783333333334
173239,665000.0,573364.7733333333
173240,1150000.0,1101688.6066666667
173241,270000.0,279670.05
173242,3950.0,3929.4666666666667
173243,2895.0,3029.88
173244,3500.0,132843.14333333334
173245,3350.0,14920.316666666668
173246,1710000.0,2147648.0
173247,3700.0,3825.983333333333
173248,1050000.0,1058658.72
173249,740000.0,741084.4666666667
173250,2495.0,2700.3618666666666
173251,815000.0,813706.68
173252,881000.0,832419.4944444444
173253,2500.0,2656.1233333333334
173254,775000.0,724071.89
173255,2850.0,6105.383333333333
173256,880000.0,1138208.9033333333
173257,4000.0,4042.165555555556
173258,3600.0,3999.9533333333334
173259,5500.0,5064.816666666667
173260,2245000.0,1837415.15
173261,4300.0,3675.6002999999996
173262,1500000.0,1204452.03
173263,2200.0,2273.9911111111114
173264,3400.0,3732.1511111111117
173265,1100000.0,864388.7055555555
173266,900000.0,926333.1566666666
173267,1100000.0,1095889.0133333334
173268,1252000.0,1435059.3433333333
173269,835000.0,794658.2366666667
173270,1670000.0,1897133.28
173271,1980000.0,1946721.6666666667
173272,875000.0,814027.2266666667
173273,1200000.0,1143569.4833333334
173274,4000.0,4166.528333333334
173275,6000.0,5659.423333333333
173276,2400.0,2116.0311111111114
173277,910000.0,953536.5648333335
173278,7250.0,6510.166666666667
173279,600000.0,619298.1833333333
173280,1200000.0,1251596.8333333333
173281,1240000.0,966290.64
173282,1825.0,1791.5744444444442
173283,560000.0,574917.9133333333
173284,2900000.0,2172344.4633333334
173285,550000.0,648710.8333333334
173286,605000.0,614667.738888889
173287,3800.0,4365.4766666666665
173288,2000000.0,2099406.91
173289,465000.0,557453.8633333333
173290,730000.0,692748.088888889
173291,4300.0,4197.543333333333
173292,4300.0,4285.46
173293,1080000.0,1159324.01
173294,900000.0,881721.0133333333
173295,3400.0,15629.035555555554
173296,888000.0,815060.26
173297,660000.0,747287.5433333333
173298,910000.0,1252430.4666666666
173299,1450000.0,2356764.8
173300,6500.0,5647.184444444444
173301,3500.0,4519.576666666667
173302,6700.0,6203.04
173303,4850.0,4401.796666666667
173304,3040000.0,3399720.46
173305,4950.0,5630.933333333333
173306,5000.0,5835.61111111111
173307,3450.0,601966.9755555555
173308,4050.0,5232.01
173309,1401000.0,1338732.06
173310,3500.0,3867.19
173311,1115000.0,983128.3333333334
173312,1700.0,1760.5594444444446
173313,3500.0,3822.11
173314,3800.0,4039.6266666666666
173315,3200.0,2470.73
173316,4430692.0,3009727.7866666666
173317,9000.0,9088.305555555555
173318,710000.0,803610.5
173319,665000.0,780153.8133333334
173320,6200.0,8329.533333333333
173321,1250000.0,1202753.14
173322,750000.0,708426.3912931513
173323,2425.0,3128.658888888889
173324,1210000.0,898031.78
173325,2800.0,2621.8422222222225
173326,730000.0,664859.5187222038
173327,2700.0,2793.2833333333333
173328,1850000.0,1478931.6666666667
173329,2990.0,2869.8033333333333
173330,2795.0,2822.5244444444443
173331,7200.0,10249.646666666667
173332,4700.0,4646.876666666667
173333,3700.0,3532.4370000000004
173334,479000.0,510473.35
173335,2500.0,2621.1705555555554
173336,4600.0,4237.526666666667
173337,3500.0,2690.484366666667
173338,1350000.0,2017170.2233333334
173339,3000000.0,2643065.12
173340,570000.0,451014.13666666666
173341,1925000.0,1774498.6433333333
173342,650000.0,807792.28
173343,1000000.0,906992.3266666667
173344,4000.0,4367.1
173345,1168000.0,1138564.2377777777
173346,8750.0,11085.41
173347,940000.0,935530.19
173348,575000.0,641317.4166666666
173349,3800.0,3556.4811111111107
173350,3800.0,4392.946190476191
173351,5400.0,5203.998888888889
173352,2650000.0,2205406.25
173353,3200.0,3468.7766666666666
173354,5880.0,7015.407777777778
173355,2695.0,2789.866666666667
173356,6800.0,6108.44
173357,1441000.0,1473821.236666667
173358,4850.0,4524.68
173359,270000.0,228060.42666666667
173360,2500.0,2297.2141666666666
173361,2050000.0,2190648.6666666665
173362,2295.0,2065.139166666667
173363,2295.0,2185.6378787878784
173364,1825.0,1881.6572222222226
173365,881275.0,891417.4444444445
173366,450000.0,552065.2533333333
173367,1245000.0,1484503.2933333332
173368,2175000.0,1815713.19
173369,1420000.0,1422245.5
173370,2600.0,2486.8777777777777
173371,2300000.0,1884747.1066666667
173372,1525000.0,1258888.5
173373,150000.0,251472.86
173374,2140000.0,1827689.5
173375,1700000.0,2299309.7266666666
173376,1210000.0,1154780.6266666667
173377,7500.0,10769.4375
173378,27000.0,13757.626666666667
173379,4330.0,134679.19333333333
173380,3195.0,3079.6133333333332
173381,4200.0,4310.1194444444445
173382,2950.0,3651.877777777778
173383,8000.0,10705.120833333332
173384,1000000.0,1073465.3622222224
173385,5750.0,6004.826666666667
173386,4300.0,5060.812222222222
173387,930000.0,903200.0
173388,1350000.0,1529790.1833333333
173389,2400.0,2452.766666666667
173390,7900.0,6822.58
173391,1500000.0,1417696.1833333333
173392,1400.0,1837.7199999999996
173393,1160000.0,1223771.3333333333
173394,618000.0,939337.1633333333
173395,3600.0,4299.5
173396,435000.0,414542.56666666665
173397,1035000.0,1202402.93
173398,951000.0,1155951.9533333334
173399,1495.0,2047.4234920634924
173400,2525000.0,2082564.0133333334
173401,5495.0,5269.833333333333
173402,4695.0,3687.766666666667
173403,5700.0,5827.49
173404,2100.0,2373.750555555556
173405,3700.0,3411.2733333333335
173406,2250.0,2482.49
173407,3500.0,4168.15
173408,6000.0,5863.26
173409,750000.0,1030905.008888889
173410,3200.0,2278.48
173411,820000.0,711319.76
173412,380000.0,371265.6666666667
173413,975000.0,900528.3333333334
173414,2200.0,2500.9333333333334
173415,3000.0,2987.6966666666667
173416,3300.0,4411.033333333334
173417,3500.0,3749.78
173418,3775000.0,2238325.9233333333
173419,6400.0,5629.366666666667
173420,2400.0,2272.1652000000004
173421,2975.0,3805.18
173422,4000.0,3285.415555555556
173423,375000.0,358431.5
173424,2375000.0,2270238.2666666666
173425,1200000.0,1504292.9833333334
173426,800000.0,788289.25
173427,7300.0,8070.167777777779
173428,620000.0,655252.5
173429,279000.0,262840.0333333333
173430,2088.0,2012.3370740740738
173431,510000.0,446691.0
173432,2150.0,2237.112777777778
173433,665000.0,590647.69
173434,945000.0,877759.16
173435,438200.0,447083.5333333333
173436,2900.0,3155.6833333333334
173437,1850.0,1960.7922222222226
173438,430000.0,535658.5555555555
173439,850000.0,1804785.45
173440,460000.0,422314.9733333333
173441,3665.0,3978.653333333333
173442,4900.0,4787.463333333333
173443,589000.0,522362.59
173444,283000.0,284544.7266666667
173445,4100.0,4315.18
173446,6200.0,5906.672222222222
173447,2500.0,2275.57
173448,2700.0,3813.4811111111107
173449,5500.0,5035.683333333333
173450,4700.0,6075.955555555555
173451,2900.0,3304.366666666667
173452,3100.0,3043.661111111111
173453,389000.0,375259.6666666667
173454,1995.0,1975.1158080808082
173455,4000.0,3236.55
173456,4200.0,4469.334444444444
173457,255000.0,408914.6666666667
173458,5995.0,5839.253333333333
173459,2600.0,2336.20126984127
173460,606800.0,678078.3333333334
173461,4400.0,4343.996666666667
173462,2295.0,2103.2233333333334
173463,1060000.0,1252969.1833333333
173464,690000.0,658611.1666666666
173465,4200.0,4537.045833333334
173466,1825000.0,1602031.0433333332
173467,5600.0,5428.5055555555555
173468,279000.0,399713.99833333335
173469,9500.0,7972.796666666667
173470,5900.0,5439.561111111111
173471,820000.0,928266.59
173472,4500.0,9701.666666666666
173473,3600.0,4216.71
173474,1000000.0,1343172.1166666667
173475,1950.0,2112.1
173476,325000.0,362060.5833333333
173477,3000000.0,3100629.4
173478,3100.0,4810.54
173479,6250.0,5873.21
173480,2900.0,3225.3577777777773
173481,1436460.0,1741590.1833333333
173482,1600.0,2044.5866666666666
173483,235000.0,329049.8333333333
173484,3200.0,3285.8117424242423
173485,665990.0,658315.9666666667
173486,855000.0,912492.9966666667
173487,1292000.0,1749861.0
173488,535000.0,675494.3544444445
173489,3200.0,3226.9166666666665
173490,3800.0,4323.176666666666
173491,840000.0,921880.7933333333
173492,890000.0,858419.6666666666
173493,3100.0,3278.730555555555
173494,7000.0,6446.738888888888
173495,1400000.0,1303792.9833333334
173496,2950.0,3172.3233333333333
173497,3500.0,2760.08
173498,3500.0,3676.6566666666668
173499,1025000.0,1403980.1733333333
173500,2800.0,2663.8733333333334
173501,2800.0,3024.16
173502,737500.0,611581.7833333333
173503,3600000.0,3216595.8433333333
173504,625650.0,601582.9722222221
173505,2800.0,2725.8966666666665
173506,1520000.0,1587619.0266666666
173507,1999.0,2076.2744444444443
173508,1920000.0,2113116.9033333333
173509,6200.0,5834.096666666666
173510,352000.0,365090.43666666665
173511,750000.0,1005663.7133333334
173512,2700.0,3168.383333333333
173513,380000.0,445663.25666666665
173514,1950.0,2478.0222222222224
173515,47500.0,174895.66
173516,3600.0,3514.883333333333
173517,5700.0,5416.355555555556
173518,8200.0,8207.101666666667
173519,2150.0,2268.9566666666665
173520,6500.0,6445.55
173521,2200.0,2961.5333333333333
173522,6995.0,6280.78
173523,1480000.0,1651115.0445666667
173524,6500.0,7153.366666666667
173525,3800.0,4216.126666666667
173526,3505000.0,2998916.1166666667
173527,608000.0,667975.0
173528,650000.0,723091.1833333333
173529,4000.0,3953.016666666667
173530,899000.0,783023.2666666667
173531,3740000.0,2792496.4633333334
173532,970000.0,1182772.6666666667
173533,2450.0,2428.1783333333333
173534,5890.0,5847.256666666667
173535,900000.0,1254753.222222222
173536,3650.0,3371.16
173537,3500.0,3281.2266666666665
173538,470000.0,416475.16555555555
173539,820000.0,939708.1933333334
173540,3200.0,3225.4
173541,915000.0,1177697.2133333334
173542,617000.0,712871.1533333333
173543,1795.0,2099.726111111111
173544,3995.0,3032.31
173545,950000.0,1184867.3866666667
173546,6000.0,5735.355555555556
173547,1650.0,2210.866666666667
173548,3400.0,3777.594444444444
173549,649000.0,774964.8166666667
173550,1975000.0,1899764.5066666666
173551,4900.0,4682.573333333334
173552,3997.0,4293.091666666666
173553,4150.0,4172.626666666667
173554,536000.0,507358.3333333333
173555,3600.0,3504.54
173556,1054300.0,945208.8433333334
173557,4500.0,4430.863333333334
173558,250000.0,332340.83
173559,5800.0,5516.03
173560,2750.0,2596.6855555555553
173561,625000.0,808786.08
173562,940000.0,1048556.6366666667
173563,6300.0,5278.59
173564,785000.0,702297.0233333333
173565,3075000.0,2529194.21
173566,2900.0,3012.7927777777777
173567,5195.0,5417.833333333333
173568,3395.0,3402.317777777778
173569,4500000.0,3416121.8533333335
173570,10500.0,10463.025555555556
173571,5600.0,5799.293333333333
173572,3600.0,3904.12
173573,7500.0,6960.585533333334
173574,475000.0,738557.0033333333
173575,860000.0,810364.33
173576,2200.0,2338.42
173577,2155000.0,1929352.98
173578,2450.0,2613.016666666667
173579,4500.0,5171.75
173580,832000.0,796369.6266666667
173581,2285.0,2127.443333333333
173582,750000.0,684951.8333333334
173583,3800.0,3104.65
173584,2500000.0,1647531.12
173585,1350000.0,1525454.1666666667
173586,1300000.0,764429.4166666666
173587,1850.0,2010.5204761904765
173588,429000.0,395810.44333333336
173589,800000.0,911198.75
173590,3750.0,3434.302222222222
173591,640000.0,770173.4866666667
173592,394000.0,524101.9266666667
173593,1311000.0,1260448.5433333332
173594,4500.0,4479.848888888889
173595,1222000.0,1207943.8066666666
173596,2600000.0,1116836.81
173597,3800.0,3895.1666666666665
173598,970000.0,896043.72
173599,2100.0,2416.866666666667
173600,3700.0,3438.867777777778
173601,4900.0,4456.566666666667
173602,5800.0,4577.704444444445
173603,5495.0,4569.27
173604,5500.0,5634.256666666667
173605,3795.0,3788.7766666666666
173606,3193000.0,1567076.8385
173607,3950.0,4007.1622222222227
173608,5100.0,4963.073333333334
173609,2000.0,2047.427777777778
173610,2950.0,3136.8576222222227
173611,5100.0,4346.046666666667
173612,450000.0,587194.06
173613,750000.0,698532.6633333333
173614,410000.0,385432.8
173615,1650.0,1948.2823015873014
173616,3895.0,4537.446666666667
173617,3800.0,3371.21
173618,6598.0,5904.166666666667
173619,375000.0,332211.25
173620,5000.0,5090.7
173621,1680000.0,1758601.2633333334
173622,4500.0,4246.748888888889
173623,479000.0,775647.4333333333
173624,4000.0,4965.491111111111
173625,2500.0,4160.666666666667
173626,4500.0,4598.826666666667
173627,3950000.0,2983714.3966666665
173628,1995.0,2397.844444444444
173629,2195.0,2574.284166666667
173630,3700.0,3435.58
173631,470000.0,1700629.4044444445
173632,2945.0,5493.526666666667
173633,9000.0,8766.929166666667
173634,2715.0,2587.5102666666667
173635,6000.0,5351.085555555555
173636,2400.0,1947.7809259259259
173637,765000.0,708175.6166666667
173638,6995.0,23498.766666666666
173639,431500.0,504095.81
173640,2550.0,2723.7366666666667
173641,2368000.0,2233834.06
173642,4350.0,4882.126666666667
173643,5445.0,6759.876666666667
173644,2800.0,3124.4866666666667
173645,3053.0,3159.4766666666665
173646,10000.0,13921.24888888889
173647,5150.0,5668.0
173648,8500.0,6516.39
173649,2035.0,1966.5466666666666
173650,1220000.0,1255948.46
173651,3200.0,3342.2233333333334
173652,340000.0,501572.38666666666
173653,1815000.0,1463625.2133333334
173654,3800.0,4971.365
173655,505000.0,580197.231111111
173656,6500.0,7911.620714285714
173657,3200.0,3397.6966666666667
173658,2495.0,2674.806666666667
173659,1400000.0,1859249.6666666667
173660,700000.0,692408.9652
173661,2400.0,2797.766666666667
173662,449500.0,521706.7133333333
173663,3500.0,3733.75
173664,775000.0,769441.3333333334
173665,695000.0,674202.2
173666,4300.0,4202.283333333334
173667,1740000.0,2236996.9433333334
173668,343537.0,184417.33333333334
173669,6500.0,7404.658333333334
173670,24700.0,82571.33
173671,769000.0,905293.2166666667
173672,2700.0,2970.45
173673,1195000.0,1157557.777777778
173674,3700.0,3746.1388888888882
173675,625000.0,579059.6333333333
173676,550000.0,573703.2866666666
173677,771000.0,780641.9966666667
173678,420000.0,388758.2766666667
173679,1667500.0,1763504.3166666667
173680,1800.0,2162.07
173681,4000.0,4696.824166666667
173682,2250000.0,2252531.0733333332
173683,5000.0,5041.183333333333
173684,5995.0,6834.877380952381
173685,510000.0,522788.45666666667
173686,2500.0,3153.5466666666666
173687,4800.0,4515.648148148149
173688,4500.0,4334.71
173689,6300.0,6819.867857142856
173690,4000.0,4076.8733333333334
173691,1250000.0,1244513.7048
173692,771000.0,731995.3333333334
173693,3300.0,3006.78
173694,3195000.0,2836155.8333333335
173695,4600.0,4911.71
173696,4800.0,3732.2933333333335
173697,26000.0,25676.555555555555
173698,265000.0,230657.51
173699,4000.0,3353.8222222222225
173700,1510000.0,1370920.8333333333
173701,7750.0,6975.78
173702,1820.0,2035.7325
173703,1950000.0,2280574.1266666665
173704,5200.0,4858.066666666667
173705,3400.0,3209.7833333333333
173706,10000.0,6553.96507936508
173707,2200.0,2178.11
173708,9000.0,8085.933333333333
173709,6500.0,6529.8966666666665
173710,3600.0,3325.9333333333334
173711,3000.0,2894.8075396825398
173712,1220000.0,1239499.0
173713,4300.0,4340.283333333334
173714,1165000.0,1281736.0166666666
173715,1575000.0,1745253.3466666667
173716,6200.0,5776.24
173717,3800.0,4209.23
173718,4500.0,5804.1466666666665
173719,8300.0,9055.405555555557
173720,3850.0,3626.0833333333335
173721,1250000.0,1043166.3166666667
173722,5500.0,4857.45
173723,1370000.0,1358707.9966666666
173724,5000.0,4378.683333333333
173725,425000.0,573860.6666666666
173726,1350.0,4026.596666666667
173727,8500.0,7288.933333333333
173728,3900.0,3682.9567777777775
173729,2190000.0,2136652.111111111
173730,5000.0,4693.8
173731,7000.0,4118.8966666666665
173732,4500.0,4376.3103174603175
173733,600000.0,711363.3333333334
173734,688000.0,685750.1
173735,2800.0,3440.445555555555
173736,2550.0,2356.76
173737,5000.0,4603.85
173738,675000.0,643172.7333333333
173739,6250.0,53706.50555555555
173740,225000.0,289580.48
173741,3450.0,2776.5383333333334
173742,3850.0,3786.105
173743,4300.0,4439.95
173744,3200.0,3464.088888888889
173745,555000.0,550091.92
173746,2800.0,2813.483333333333
173747,2105000.0,1844553.15
173748,775000.0,601961.3533333334
173749,5200.0,5444.333333333333
173750,2700.0,2154.8333333333335
173751,2500.0,2685.913333333334
173752,3800.0,166816.42666666667
173753,1775000.0,1547804.81
173754,1650000.0,1562447.25
173755,1034550.0,1254249.2
173756,3700.0,3506.673333333333
173757,364000.0,382206.62
173758,2700.0,2780.9166666666665
173759,1067500.0,1004153.4133333333
173760,4900.0,4268.418148148148
173761,1700000.0,1631857.5866666667
173762,2700.0,3035.2933333333335
173763,2650.0,2673.6222222222223
173764,3650.0,5144.345555555555
173765,3500.0,3344.85
173766,5600.0,4804.83
173767,2900000.0,2543486.4166666665
173768,315000.0,274050.4866666667
173769,1800.0,3481.2266666666665
173770,7500.0,5774.8966666666665
173771,4800.0,4208.75
173772,4500.0,5372.566666666667
173773,2990.0,2908.98
173774,395000.0,349057.53699999995
173775,11500.0,11840.646666666667
173776,644000.0,687684.51
173777,3200.0,3359.5
173778,590000.0,643242.8133333334
173779,1850000.0,1669694.1866666668
173780,799000.0,835853.888888889
173781,14000.0,10039.95
173782,6300.0,7210.3
173783,3200.0,3565.8433333333332
173784,5100.0,4874.507777777778
173785,661000.0,836142.33
173786,515000.0,534915.6177777778
173787,146000.0,273025.37333333335
173788,4500.0,4229.363333333334
173789,1350000.0,1450595.7633333334
173790,1350.0,2225.321746031746
173791,585000.0,826138.9866666667
173792,1576000.0,1738307.36
173793,5000.0,4375.966666666666
173794,3600.0,3323.6344444444444
173795,925000.0,1038437.7266666667
173796,4000.0,3884.1433333333334
173797,545000.0,488904.70666666667
173798,885000.0,499438.91333333333
173799,2350000.0,2272175.1366666667
173800,2800.0,2981.326666666667
173801,7500.0,6391.08
173802,2775.0,2364.9649603174603
173803,725000.0,772752.96
173804,7000.0,5911.516666666666
173805,6300.0,5927.1211111111115
173806,1842000.0,1445354.8233333332
173807,880000.0,937995.0
173808,3600.0,3925.4933333333333
173809,2550.0,2106.3781944444445
173810,699900.0,641657.2066666667
173811,5050.0,5261.43
173812,4500.0,4380.626666666667
173813,3300000.0,2340018.3996
173814,345000.0,310638.33
173815,800000.0,949880.98
173816,2560000.0,2288889.9833333334
173817,685000.0,657368.0666666667
173818,960000.0,828802.3333333334
173819,800000.0,923740.3
173820,1180000.0,1227649.7733333334
173821,2000.0,1918.419126984127
173822,4600.0,5347.5
173823,335000.0,387528.6433333333
173824,1000000.0,908001.5466666666
173825,3150000.0,2359929.6733333333
173826,2595.0,3004.3233333333333
173827,4600.0,4552.26
173828,980000.0,1203549.1666666667
173829,2000.0,3641.8716666666664
173830,2650.0,2627.6388888888887
173831,2350.0,2609.0533333333333
173832,2300000.0,3286610.29
173833,1700000.0,1159859.0233333334
173834,2975.0,2904.1077777777778
173835,3600.0,3599.75
173836,3700.0,3504.61
173837,4800.0,4995.3133333333335
173838,1360000.0,1268297.2666666666
173839,844000.0,716823.67
173840,1160000.0,1006591.8088888888
173841,5700.0,5616.8
173842,2350000.0,2169743.453333333
173843,3700.0,3877.3866666666668
173844,2550.0,2335.3
173845,930000.0,732708.1033333334
173846,2150.0,2328.5466666666666
173847,2250.0,2158.431666666667
173848,721000.0,676873.3388888888
173849,1355050.0,1577960.4166666667
173850,1460000.0,1899625.3
173851,3000.0,3520.7633333333333
173852,1411000.0,1124503.1933333334
173853,710000.0,810407.9966666667
173854,3750.0,3917.693333333333
173855,2400.0,2263.2433333333333
173856,4200.0,3805.26
173857,336000.0,443953.6666666667
173858,5300.0,4749.015
173859,2400.0,2275.6296031746033
173860,750000.0,679272.3333333334
173861,289000.0,280588.5
173862,4000.0,3240.2233333333334
173863,728000.0,655062.3333333334
173864,900000.0,897112.98
173865,1160000.0,1241308.22
173866,2400.0,2098.4688888888886
173867,785000.0,751251.9966666667
173868,163250.0,223285.01
173869,2350000.0,2273393.8133333335
173870,205000.0,477413.0833333333
173871,1355000.0,1108770.1266666667
173872,2225000.0,2384049.3766666665
173873,4450.0,4707.743333333333
173874,1725000.0,1446746.1033333333
173875,1640000.0,2608208.453333333
173876,2000.0,2639.471666666667
173877,600000.0,605256.86
173878,633000.0,720280.17
173879,710000.0,586013.7466666667
173880,1375000.0,1134554.22
173881,1277000.0,1252694.6066666667
173882,4500.0,4426.916666666667
173883,445000.0,400599.0346666667
173884,3000.0,3027.4872222222225
173885,2200.0,2715.5
173886,4000.0,3613.2722222222224
173887,1380000.0,1395000.0566666666
173888,15000.0,14938.99111111111
173889,980000.0,1022252.4
173890,9000.0,15334.99
173891,895000.0,1040013.3333333334
173892,7950.0,6696.166666666667
173893,5000.0,5222.074444444445
173894,5600.0,4880.638888888889
173895,2170000.0,1607299.1333333333
173896,3700.0,3207.8683333333333
173897,3400000.0,2057870.1433333333
173898,390000.0,388743.61666666664
173899,360000.0,522863.12333333335
173900,1255000.0,1203288.32
173901,450000.0,449626.4285714286
173902,1167000.0,1088045.35
173903,4000.0,3978.213333333333
173904,2110000.0,2128462.05
173905,4100.0,3751.4933333333333
173906,849999.0,776488.5533333333
173907,961000.0,984095.8433333334
173908,3300.0,3384.6316666666667
173909,8000.0,7212.48111111111
173910,930000.0,881222.9666666667
173911,480000.0,344545.1666666667
173912,4400.0,4648.9
173913,1910000.0,1854298.5845333333
173914,317000.0,371428.33
173915,717000.0,672747.94
173916,4380000.0,4034053.4833333334
173917,520000.0,512397.3333333333
173918,780000.0,791477.41
173919,4990.0,5342.8711
173920,800000.0,818789.5166666667
173921,570000.0,701251.7066666667
173922,1280000.0,1303561.32
173923,590000.0,791156.98
173924,875000.0,743853.1433333333
173925,3000.0,3062.233333333333
173926,1390000.0,1348500.6666666667
173927,1080000.0,1085255.6733333333
173928,2900.0,3399.3933333333334
173929,1200000.0,1109072.4966666666
173930,740000.0,781451.61
173931,670000.0,619152.9166666666
173932,1285000.0,1065516.4566666668
173933,977000.0,877886.6666666666
173934,790500.0,826104.7666666667
173935,2360000.0,1940354.44
173936,300000.0,299632.95
173937,2600.0,2384.698733333333
173938,1308000.0,1345460.8166666667
173939,3300.0,3242.27
173940,5800.0,5528.471428571429
173941,1400000.0,1078056.2666666666
173942,3500.0,3836.894444444444
173943,375000.0,581013.83
173944,1970000.0,1817342.2933333332
173945,3500.0,3450.25
173946,939000.0,911835.0
173947,1117000.0,1003819.66
173948,3900.0,3672.8
173949,325000.0,382493.1666666667
173950,790000.0,798204.2
173951,965000.0,935278.3333333334
173952,1960100.0,1695155.78
173953,615000.0,612360.0
173954,3725.0,3667.7833333333333
173955,3500.0,2980.3555555555554
173956,1500000.0,1455394.3333333333
173957,1476899.0,1228289.9433333334
173958,770000.0,955323.6933333334
173959,3500.0,3839.1833333333334
173960,370000.0,459546.54333333333
173961,1510000.0,1379366.6666666667
173962,1320000.0,2036850.8833333333
173963,1350000.0,1447621.5
173964,1242500.0,1722160.0
173965,570000.0,605984.1633333333
173966,600000.0,618551.3133333334
173967,1466000.0,1342667.56
173968,3750.0,3476.4166666666665
173969,3200.0,3665.3566666666666
173970,1650.0,1842.783439153439
173971,385000.0,424822.5933333333
173972,336000.0,382674.66
173973,3200.0,2622.5377777777776
173974,1325000.0,1190951.2
173975,525000.0,509895.3333333333
173976,16250.0,17609.87888888889
173977,4000000.0,3743.4666666666667
173978,689000.0,734999.0
173979,1228000.0,1067303.75
173980,3500.0,3416.69
173981,3099.0,3375.1233333333334
173982,1780.0,2061.2
173983,3985000.0,3923058.3133333335
173984,4500.0,3531.5111111111114
173985,887373.0,813338.69
173986,1775000.0,1482603.3366666667
173987,2295.0,2233.74
173988,4600000.0,2919546.0866666664
173989,1915000.0,1372316.3
173990,1700.0,7074.113333333334
173991,4150.0,3815.5433333333335
173992,1449900.0,1325966.46
173993,860000.0,799829.8
173994,900000.0,836616.6666666666
173995,850000.0,991838.96
173996,1495.0,1918.1752777777779
173997,710000.0,893456.66
173998,1020000.0,1000336.8733333333
173999,3300.0,3247.8866666666668
174000,1750.0,2022.352222222222
174001,4000.0,2967.2622222222226
174002,1300000.0,1029885.3733333333
174003,1950.0,2368.5327777777775
174004,3030000.0,2524019.1466666665
174005,1505000.0,1133086.3466666667
174006,1850000.0,1689912.3466666667
174007,515000.0,532851.8973333335
174008,2950.0,3599.6125
174009,2397.0,2370.346666666667
174010,7100.0,7923.383333333333
174011,2695.0,2712.7466666666664
174012,362500.0,456631.83666666667
174013,648000.0,604563.6633333333
174014,4100.0,3792.11
174015,729000.0,663847.72
174016,1050000.0,745552.7166666667
174017,775000.0,865237.6133333333
174018,2900.0,2671.132222222222
174019,4650.0,4352.116666666667
174020,1266888.0,1281978.0333333334
174021,3500.0,4252.666666666667
174022,8500.0,7840.983333333334
174023,1260000.0,1447016.96
174024,3750.0,3796.8366666666666
174025,3600.0,4689.056666666666
174026,4315000.0,3249513.16
174027,2700.0,2573.9211111111113
174028,2300.0,2644.2466666666664
174029,4100.0,3816.981333333333
174030,1057000.0,1303992.5166666666
174031,2700.0,2965.9966666666664
174032,2950000.0,2952963.453333333
174033,641000.0,631117.1788888889
174034,5400.0,5061.343333333333
174035,4850.0,4979.06
174036,4295.0,3972.121111111111
174037,7000.0,6531.046666666667
174038,1860000.0,1765637.1999666668
174039,585000.0,623464.6266666667
174040,715000.0,776018.8533333334
174041,1500.0,2680.326666666667
174042,775000.0,709143.03
174043,740000.0,884669.0433333333
174044,3500.0,2774.2166666666667
174045,2100000.0,1970124.0933333333
174046,4275.0,3793.85
174047,545000.0,801136.6333333333
174048,2995.0,3135.7516666666666
174049,1280000.0,1551131.8733333333
174050,2095000.0,1693083.7333333334
174051,2400.0,2241.9266666666667
174052,4150.0,4227.591666666666
174053,880000.0,697266.7833333333
174054,1105000.0,1270731.2
174055,399000.0,296950.1666666667
174056,3800.0,3801.535555555555
174057,1428000.0,1332658.7966666666
174058,6000.0,5078.673333333333
174059,1900.0,2094.5787777777778
174060,7995.0,8760.404166666667
174061,2600.0,2601.5133333333333
174062,6500.0,6288.408333333334
174063,1230000.0,1188672.24
174064,7000.0,6969.211111111112
174065,4200.0,4007.7883333333334
174066,850000.0,815336.6666666666
174067,802500.0,726141.57
174068,4700.0,6320.73
174069,4500.0,4769.5
174070,1060000.0,844793.7133333334
174071,2399000.0,2601797.566666667
174072,660000.0,527480.3333333334
174073,2550000.0,2998187.183333333
174074,570000.0,608686.6166666667
174075,1350000.0,1450451.1166666667
174076,3100.0,3054.8616666666667
174077,6250.0,5701.3133333333335
174078,500000.0,513139.6666666667
174079,5450.0,4801.75
174080,545000.0,512642.1544444444
174081,880000.0,908611.78
174082,765000.0,665092.49
174083,7500.0,57572.22
174084,8000.0,6391.373333333333
174085,465000.0,514572.06666666665
174086,1110000.0,966641.2133333334
174087,445000.0,487129.3333333333
174088,3975.0,3953.866666666667
174089,698000.0,730518.3333333334
174090,670000.0,652973.1666666666
174091,760000.0,792419.1077777777
174092,6600.0,3616.733333333333
174093,870000.0,812990.0
174094,3750.0,3599.766666666667
174095,1400000.0,1220802.85
174096,2000000.0,1792992.7429333334
174097,933000.0,997664.04
174098,1210000.0,993132.58
174099,5000.0,5268.044444444445
174100,635000.0,587942.498888889
174101,6200.0,8348.743333333334
174102,6995.0,6620.243333333333
174103,1600000.0,1598618.9566666668
174104,4500.0,4537.453333333333
174105,5650.0,6186.56
174106,1065000.0,984884.2333333333
174107,3200.0,3144.4666666666667
174108,5000.0,71197.25
174109,960000.0,911867.4333333333
174110,875000.0,1137516.4566666668
174111,4300.0,4196.766666666666
174112,1320000.0,1565190.1666666667
174113,5500.0,8990.041666666666
174114,5790.0,5518.433333333333
174115,835000.0,754955.2666666667
174116,1055000.0,994572.27
174117,1900.0,2284.9058333333332
174118,5895.0,5345.13
174119,3450.0,3280.56
174120,1250000.0,1004822.4155555556
174121,2895.0,3014.2044444444446
174122,390000.0,428518.15
174123,660000.0,661698.3833333333
174124,1860000.0,1860639.8333333333
174125,4800.0,4936.016666666667
174126,585000.0,555376.26
174127,1050000.0,1121870.0433333332
174128,3600.0,3366.1833333333334
174129,3200.0,6002.903333333334
174130,720000.0,938677.7433333333
174131,7600.0,6345.483333333334
174132,4350.0,4397.433333333333
174133,3995.0,4162.9608
174134,6300.0,6157.433333333333
174135,780000.0,819140.0166666667
174136,2200.0,2740.4511111111115
174137,6495.0,6842.683333333333
174138,3200.0,2832.7038888888887
174139,825000.0,777455.9066666666
174140,818000.0,946649.7933333333
174141,4200.0,4274.377777777779
174142,890000.0,906060.0666666667
174143,1120000.0,1185194.6
174144,225000.0,276609.5
174145,2200.0,1998.3390873015874
174146,2795.0,2919.516666666667
174147,2195.0,2228.483888888889
174148,420000.0,522533.33
174149,3500.0,3107.61
174150,4250.0,4178.516666666666
174151,3315000.0,3663881.4233333333
174152,7000.0,6837.006944444445
174153,3099.0,3011.01
174154,2600.0,2947.6049999999996
174155,5500.0,4680.4075
174156,580000.0,525824.8833333333
174157,738000.0,798487.56
174158,1563000.0,1602317.94
174159,385000.0,485719.4
174160,3500.0,3017.0261111111113
174161,3300.0,3221.9772222222223
174162,7000.0,6198.426666666666
174163,4850.0,5140.623333333333
174164,1230000.0,1016479.9266666666
174165,720000.0,660568.3544444444
174166,2950.0,2858.0833333333335
174167,3200.0,3254.135555555556
174168,1625.0,1696.568650793651
174169,655000.0,623097.1066666667
174170,4000.0,3626.91
174171,4400.0,3859.4766666666665
174172,4600.0,4536.077777777778
174173,4500.0,4698.366666666667
174174,299000.0,147892.55555555556
174175,16900.0,18039.53777777778
174176,595000.0,542629.33
174177,1200000.0,585620.2466666667
174178,4995.0,5271.66
174179,732000.0,750706.6666666666
174180,3400.0,270019.07
174181,449000.0,501725.0933333333
174182,11000.0,6715.366666666667
174183,2795.0,2739.8
174184,1265000.0,1636513.31
174185,1100000.0,1007533.96
174186,2795.0,2739.8
174187,1590000.0,1509338.3333333333
174188,540000.0,523419.43222222227
174189,720000.0,635970.25
174190,1695.0,1750.5831507871214
174191,366000.0,455212.66333333333
174192,3295.0,3502.7916666666665
174193,525000.0,534477.6266666667
174194,1050000.0,1167876.73
174195,609900.0,586047.3666666667
174196,3895.0,4172.746666666667
174197,1795.0,1787.1694444444445
174198,1600.0,1975.2944444444443
174199,730000.0,688325.5833333334
174200,3395.0,3829.1033333333335
174201,435000.0,417862.9733333333
174202,940000.0,964178.6333333333
174203,655000.0,663286.4
174204,16800.0,12462.45
174205,2195.0,2170.874046509047
174206,2195.0,2120.331996441239
174207,2395.0,2355.4157620157607
174208,510000.0,520457.8333333333
174209,920000.0,800575.4166666666
174210,425000.0,604228.3533333334
174211,880000.0,861690.8133333334
174212,2175.0,1863.6780555555554
174213,4200.0,4403.6
174214,6200.0,6614.165
174215,4800.0,4689.765
174216,2850.0,2797.5833333333335
174217,750000.0,873547.6944444445
174218,3650.0,3447.6722222222224
174219,1000000.0,1042547.6433333333
174220,4950.0,5505.9111111111115
174221,1280500.0,1106853.6233333333
174222,855000.0,1063451.141111111
174223,981000.0,999433.3666666667
174224,4000.0,3691.0127777777775
174225,4500.0,21081.966666666667
174226,1695.0,1712.5329594479597
174227,2195.0,2298.317857142857
174228,1995.0,2192.555555555555
174229,2295.0,2401.9022222222225
174230,2295.0,2318.644444444444
174231,4995.0,4751.666666666667
174232,1695.0,1690.6123015873015
174233,1595.0,1646.508975098975
174234,1595.0,1671.4669191919193
174235,7300.0,8062.85888888889
174236,1595.0,1683.76379737365
174237,1995.0,2113.6582732082734
174238,855000.0,942550.8466666667
174239,1995.0,2136.90440644323
174240,1595.0,1798.3199230399232
174241,3600.0,3350.75
174242,1595.0,1694.8520445839565
174243,1965000.0,1957712.98
174244,1895.0,2053.712902837903
174245,2195.0,2197.016666666667
174246,888000.0,738329.2866666666
174247,1595.0,1610.535925925926
174248,3100.0,3071.304444444444
174249,2695.0,2752.2099206349203
174250,1495.0,1695.7992063492063
174251,1095000.0,1037345.1666666666
174252,3450.0,3995.6077777777773
174253,2295.0,2328.6738095238093
174254,2695.0,2751.8140211640207
174255,850000.0,898786.4666666667
174256,2695.0,2761.218253968252
174257,2295.0,2355.659829059829
174258,1550000.0,1218425.33
174259,2157500.0,2033983.488888889
174260,3500.0,3753.2577777777774
174261,1995.0,2032.7388888888888
174262,1995.0,2096.9744486994496
174263,955400.0,1005010.34
174264,2095.0,2054.7798941798937
174265,2095.0,2202.302207792208
174266,1995.0,1863.2993265993264
174267,1895.0,2007.5676887926886
174268,1500.0,1858.135
174269,2958800.0,2436817.546666667
174270,4995.0,4745.28
174271,1300000.0,1538255.82
174272,4200.0,4110.8966666666665
174273,4900.0,4518.557777777778
174274,2300000.0,2310719.6033333335
174275,3500.0,3735.443333333333
174276,2500.0,2988.6233333333334
174277,500000.0,512609.99666666664
174278,1756000.0,1391902.2133333334
174279,880000.0,822998.0033333333
174280,2230000.0,1689867.76
174281,1450000.0,1242764.9966666666
174282,2300.0,2283.4125428571424
174283,5950.0,5847.633333333333
174284,349000.0,326768.5833333333
174285,550000.0,552685.9666666667
174286,520000.0,510882.92
174287,3832000.0,3363733.0566666666
174288,820000.0,975578.1566666666
174289,2145.0,3125.4183333333335
174290,1100000.0,831681.33
174291,3795.0,4092.883333333333
174292,949000.0,861878.8866666667
174293,1048000.0,1084069.1566666667
174294,4300.0,5037.064133333333
174295,1111000.0,1079084.6666666667
174296,6250.0,6609.908333333334
174297,4700.0,4372.21
174298,5000.0,4630.32111111111
174299,1500000.0,1476542.9833333334
174300,900000.0,910118.9466666667
174301,701000.0,706890.9433333334
174302,5800.0,148870.51666666666
174303,7000.0,5973.093333333333
174304,4550.0,4499.3133333333335
174305,3400.0,3593.5333333333333
174306,993000.0,1096993.3866666667
174307,580000.0,694326.8333333334
174308,535000.0,576186.6666666666
174309,560000.0,606808.3633333333
174310,2095.0,85224.41222222222
174311,3100.0,3349.3016666666667
174312,3200.0,2587.43
174313,610000.0,574430.88
174314,545000.0,597783.84
174315,2260000.0,1743101.15
174316,445000.0,441659.4766666667
174317,930000.0,993074.3333333334
174318,5924372.0,2813862.522933333
174319,420000.0,599428.7166666667
174320,1050000.0,1104990.3333333333
174321,395000.0,354767.69
174322,12000.0,11381.0
174323,11000.0,8836.946666666667
174324,1900.0,1999.3917301587303
174325,645000.0,645952.4166666666
174326,1250088.0,2077057.2666666666
174327,3295.0,3344.9527777777776
174328,8000.0,33950.77
174329,4300.0,3694.2716666666665
174330,825000.0,750124.7766666666
174331,425000.0,401347.5133333333
174332,2100.0,2733.4988888888893
174333,225000.0,217169.72333333333
174334,1235000.0,1217092.5
174335,3000.0,3250.9
174336,1175000.0,1014766.8966666666
174337,2990.0,3007.326666666667
174338,4700.0,4618.933333333333
174339,1695.0,10271.972711111111
174340,645000.0,600875.8233333334
174341,1025000.0,786772.3733333333
174342,3600.0,4588.216666666666
174343,779000.0,1006391.86
174344,1698000.0,1826933.5
174345,3995.0,3662.7433333333333
174346,1200000.0,1036124.84
174347,1400000.0,1253219.9166666667
174348,2500.0,2618.4744444444445
174349,550000.0,534467.2444444444
174350,1300000.0,1426894.8133333332
174351,3000.0,3212.89
174352,7800.0,6597.377777777779
174353,4500.0,4490.883333333333
174354,6325000.0,4415450.483333333
174355,1066000.0,1052960.0
174356,1422500.0,1356275.4666666666
174357,1545600.0,1408396.9433333334
174358,12000.0,12270.06
174359,3800.0,3585.8525
174360,725000.0,763206.6333333333
174361,3200.0,3286.9166666666665
174362,1710.0,1900.0274074074075
174363,4200.0,4557.233333333334
174364,925000.0,998332.9866666667
174365,845000.0,767263.15
174366,720000.0,714099.7933333333
174367,905000.0,892556.6633333333
174368,1450.0,1834.2866666666666
174369,2820000.0,2660477.5033333334
174370,1799.0,1952.8388888888892
174371,1160000.0,1027675.8333333334
174372,417000.0,519302.0466666667
174373,4650.0,4434.209444444444
174374,6100.0,6252.433333333333
174375,1800000.0,1469319.5666666667
174376,1033000.0,883205.27
174377,2260000.0,2183417.6133333333
174378,2900.0,2923.201111111111
174379,870000.0,857445.75
174380,560000.0,560596.7166666667
174381,4300.0,4215.653333333334
174382,555555.0,658409.0
174383,4000.0,4342.421111111112
174384,3000.0,3027.5833333333335
174385,5500.0,5534.332222222221
174386,1120000.0,827836.15
174387,3150.0,3247.3077777777776
174388,5100.0,4685.426111111111
174389,1350000.0,1185528.5833333333
174390,790000.0,763551.6666666666
174391,8000.0,7550.866666666667
174392,2580000.0,2511612.716666667
174393,4500.0,5379.29
174394,905000.0,955766.9633333334
174395,4000.0,3953.423333333333
174396,33000.0,2645.3488888888887
174397,3000.0,2896.6833333333334
174398,1830000.0,1365805.3333333333
174399,1650000.0,1548716.9733333334
174400,2100000.0,2275644.1111111115
174401,1650.0,2242.6596428571424
174402,915000.0,849243.6666666666
174403,602500.0,657677.1633333333
174404,975000.0,980830.4833333333
174405,1400000.0,1440531.0566666666
174406,3250.0,3133.616666666667
174407,820000.0,907280.7833333333
174408,890000.0,933352.6633333333
174409,2600.0,2164.9011111111113
174410,4100000.0,3038865.013333333
174411,4750.0,35785.55555555556
174412,1725000.0,785279.9166666666
174413,1850000.0,1494143.07
174414,3995.0,4221.846666666666
174415,1415000.0,1417644.8333333333
174416,755000.0,736112.8133333334
174417,2497.0,2269.483333333333
174418,3500.0,3500.4566666666665
174419,2875.0,22066.721944444445
174420,2250.0,2207.7116666666666
174421,1450000.0,1696317.9633333334
174422,920000.0,899337.2066666667
174423,1650000.0,2378163.2
174424,648000.0,607643.61
174425,1265000.0,1328812.3566666667
174426,1555000.0,1759220.4966666666
174427,555000.0,566161.0
174428,432500.0,481894.72
174429,349000.0,361336.66333333333
174430,1470000.0,1537285.96
174431,1800.0,2986.612857142857
174432,2110000.0,1575496.97
174433,1230000.0,1066290.0833333333
174434,723000.0,820477.46
174435,5195000.0,3393460.3986666654
174436,3950.0,3571.4866666666667
174437,2200000.0,1791166.0666666667
174438,1830000.0,1396540.9633333334
174439,3500.0,3554.0433333333335
174440,935000.0,1119084.1666666667
174441,3800.0,3597.826666666667
174442,1550000.0,1590595.9633333334
174443,1155850.0,982113.3533333334
174444,3710000.0,1691899.5
174445,2570000.0,2394449.7666666666
174446,2295.0,2706.2544444444443
174447,745000.0,746368.6666666666
174448,699000.0,686048.3
174449,966000.0,956067.59
174450,2295.0,2705.5877777777773
174451,820000.0,677432.3133333334
174452,5750.0,4971.496666666667
174453,490000.0,509823.37333333335
174454,2305000.0,1772907.87
174455,1995.0,2300.7221746031746
174456,1350000.0,1051940.0533333332
174457,1406000.0,1325909.8266666667
174458,775000.0,770102.9266666666
174459,673000.0,646701.8566666667
174460,970000.0,708477.8633333333
174461,3800.0,3710.5433333333335
174462,3005000.0,2432702.8466666667
174463,3300.0,3303.1966666666667
174464,1850000.0,1591401.8833333333
174465,725.0,2744.957777777778
174466,2200.0,2097.7183333333332
174467,940000.0,948649.9855555554
174468,1560000.0,1515641.81
174469,1060000.0,976981.0466666666
174470,1635000.0,1553797.9166666667
174471,910000.0,1030847.3666666667
174472,4500.0,3810.3033333333333
174473,3350.0,4538.681111111112
174474,4500.0,4330.938888888888
174475,3050.0,3040.733333333333
174476,1550000.0,1024855.5466666666
174477,345000.0,219814.34
174478,585000.0,661027.76
174479,3500.0,3614.2266666666665
174480,475000.0,528635.1666666666
174481,280000.0,512504.6
174482,512500.0,503051.2033333333
174483,1210000.0,1360475.22
174484,510001.0,464914.2122222222
174485,510000.0,508059.5
174486,1600.0,2490.0033333333336
174487,635000.0,671442.0
174488,3900.0,4096.921666666667
174489,750000.0,780760.6666666666
174490,1111000.0,1021331.9966666667
174491,605000.0,726141.4966666667
174492,475000.0,514092.6666666667
174493,1745000.0,1266108.5533333332
174494,640000.0,674876.66
174495,742250.0,729186.3333333334
174496,5600.0,6260.394444444444
174497,4900.0,4372.0
174498,779000.0,779822.9966666667
174499,885000.0,900915.3333333334
174500,2450.0,2333.2966666666666
174501,746000.0,311296.5333333333
174502,2450000.0,2196979.16
174503,4600.0,4579.763333333333
174504,3000.0,2930.7733333333335
174505,915000.0,1160484.9166666667
174506,729000.0,717587.4833333333
174507,860000.0,863828.2
174508,1300000.0,1138469.4666666666
174509,3180.0,3385.116666666667
174510,1315000.0,1281672.32
174511,6800.0,6793.586666666667
174512,2810000.0,1987927.5566666666
174513,305000.0,220418.66666666666
174514,925000.0,963130.5
174515,980000.0,921111.4266666666
174516,4500.0,5538.533333333334
174517,610000.0,561349.1633333333
174518,700000.0,735879.8333333334
174519,215000.0,329929.5266666667
174520,430000.0,649295.7566666667
174521,4700.0,4490.65
174522,2600.0,2469.994444444444
174523,1055000.0,1029764.05
174524,675000.0,668725.48
174525,3500.0,3192.1111111111118
174526,3200.0,15002.32
174527,1275000.0,1031446.9666666667
174528,25000.0,2811.99
174529,5200.0,4157.267777777778
174530,601000.0,828572.3466666667
174531,3950.0,3683.8708333333334
174532,484000.0,631947.3466666667
174533,4200.0,3973.0133333333333
174534,800000.0,972212.3411111112
174535,1500.0,2100.117777777778
174536,830000.0,847163.5866666667
174537,1699.0,1789.9405555555559
174538,2475.0,2784.403333333333
174539,2250.0,2108.855
174540,2880.0,3900.0
174541,4800.0,4708.308333333333
174542,512630.0,399184.37666666665
174543,1425000.0,1395231.6166666667
174544,540000.0,642147.3633333333
174545,3000.0,3042.0233333333335
174546,4950.0,5037.383333333333
174547,925000.0,1028676.8333333334
174548,3500.0,3237.9166666666665
174549,1150000.0,1009420.1111111112
174550,2200.0,2561.4866666666667
174551,3195.0,3182.47
174552,1065000.0,1044414.5866666667
174553,2375.0,3282.8438888888886
174554,3200.0,3402.383333333333
174555,1060000.0,1009713.1533333333
174556,2600.0,2454.344761904762
174557,3100.0,3360.6466666666665
174558,6800.0,6480.083333333333
174559,600000.0,594970.5866666667
174560,5000.0,4284.267222222223
174561,5700.0,6147.7
174562,600610.0,595280.7133333334
174563,7000.0,5605.096666666666
174564,4500.0,3898.8966666666665
174565,4500.0,4583.262222222223
174566,2550.0,3105.4680555555556
174567,3100.0,3528.233333333333
174568,785000.0,748778.3666666667
174569,1075000.0,896003.5133333333
174570,1050000.0,1103612.0348
174571,2365000.0,2198895.2933333335
174572,5500.0,5475.28
174573,2045000.0,2655959.946666667
174574,3300.0,3464.75
174575,1405000.0,1270748.3
174576,400000.0,349972.81
174577,3100.0,2871.2766666666666
174578,3200.0,3411.662222222222
174579,1485000.0,1441858.0666666667
174580,8000.0,8392.938888888888
174581,560000.0,644643.29
174582,1080000.0,1333398.1055555553
174583,7350.0,6574.83
174584,275000.0,436425.4066666667
174585,2300.0,2860.117777777778
174586,485000.0,210807.33333333334
174587,2450.0,2314.7066666666665
174588,5450.0,5345.0
174589,3800.0,3544.5116666666668
174590,3785.0,4391.183333333333
174591,753000.0,726511.3733333333
174592,1950.0,1936.0611111111111
174593,7500.0,6943.78
174594,2200.0,2070.8216666666667
174595,4850.0,5865.966666666666
174596,1950.0,1942.1611111111113
174597,6700.0,6300.05
174598,1050000.0,1177077.7666666666
174599,399900.0,389198.9766666667
174600,1850.0,1892.2483333333332
174601,5250.0,5259.096666666666
174602,685000.0,646242.6866666666
174603,2100.0,2232.64
174604,5150.0,5204.003333333333
174605,2025000.0,1956234.91
174606,682000.0,674145.1666666666
174607,3695.0,3613.1966666666667
174608,6800.0,7882.983333333334
174609,2100.0,2540.1413888888887
174610,1104000.0,1064190.8266666667
174611,4700.0,4179.863333333334
174612,385000.0,488255.4926666667
174613,751800.0,1221165.64
174614,2295.0,2524.873888888889
174615,370000.0,367430.19333333336
174616,4400.0,4800.243333333333
174617,1365000.0,1241699.7733333334
174618,405000.0,501064.62
174619,3200.0,3064.61
174620,2400.0,2819.4496825396823
174621,925000.0,872627.86
174622,1190000.0,1129002.35
174623,625000.0,703631.8466666667
174624,4095.0,3936.766666666667
174625,4159.0,4441.633333333333
174626,2595.0,2729.13
174627,3995.0,4648.276666666667
174628,2195.0,2259.51
174629,772000.0,1094298.8333333333
174630,4300.0,3905.85
174631,4800.0,4863.816666666667
174632,3000.0,2821.963333333333
174633,2900.0,2724.16
174634,1152000.0,977863.5133333333
174635,745000.0,712150.8333333334
174636,299900.0,336445.0966666667
174637,1729999.0,2440617.51
174638,2400.0,2966.7633333333333
174639,1050000.0,1073087.82
174640,3000.0,3550.9277777777775
174641,3250.0,3140.308888888889
174642,4000.0,4721.13
174643,2950.0,2774.606111111111
174644,830000.0,1046507.3800000002
174645,6300.0,6823.308333333333
174646,1800.0,1899.1944444444446
174647,3500.0,4041.235
174648,412900.0,445841.0
174649,2900.0,2765.1422222222227
174650,552500.0,514312.75
174651,2250000.0,2262036.4966666666
174652,1225000.0,992459.98
174653,1655000.0,1641908.9268333334
174654,2600.0,2056.0002645502645
174655,750000.0,747383.6666666666
174656,3900.0,3365.630555555556
174657,1625000.0,1556631.45
174658,4700.0,4005.68
174659,391000.0,378031.1
174660,340000.0,456648.0
174661,7500.0,6602.7733333333335
174662,2500.0,2704.657222222222
174663,13900.0,13757.786666666667
174664,3800.0,4594.333333333333
174665,1100000.0,849199.23
174666,750000.0,958360.8066666666
174667,1725000.0,1823400.1666666667
174668,745000.0,745712.5
174669,685000.0,799442.6666666666
174670,550000.0,530865.7233333334
174671,1004000.0,1081693.3333333333
174672,610000.0,667535.5933333334
174673,355000.0,354983.5
174674,2780.0,2805.1666666666665
174675,450000.0,467586.26
174676,4550.0,29772.316666666666
174677,16000.0,16922.62222222222
174678,1680000.0,1643926.9766666666
174679,540000.0,582852.8333333334
174680,4500.0,3933.2966666666666
174681,960000.0,1207300.3
174682,1738000.0,1657104.9533333334
174683,1200000.0,1178355.9966666666
174684,880000.0,822677.86
174685,540000.0,442436.8333333333
174686,690000.0,861092.8
174687,5985.0,16796.966666666667
174688,2200.0,2154.578968253968
174689,880000.0,658022.4833333333
174690,6750.0,5804.381944444444
174691,535000.0,518793.0933333333
174692,2350.0,2463.86
174693,3500.0,4555.5633333333335
174694,2600.0,2737.221111111111
174695,5750.0,24089.191666666666
174696,1200000.0,1233022.4966666666
174697,1252000.0,1104947.4166666667
174698,2710000.0,1868582.4366666668
174699,1250000.0,891294.7666666667
174700,1950.0,2413.3088095238095
174701,565000.0,543128.05
174702,705000.0,687002.35
174703,495000.0,524086.86
174704,380000.0,386913.24
174705,3800.0,3330.7388888888886
174706,260000.0,356995.4897777778
174707,6100.0,6823.75
174708,766590.0,571750.7933333333
174709,6900.0,4791.416666666667
174710,1137000.0,1118814.3066666666
174711,2275000.0,1862935.1333333333
174712,4500.0,5055.416666666667
174713,3475000.0,2861513.35
174714,4700.0,5877.666666666667
174715,3500.0,3684.9766666666665
174716,2200.0,1844.3766666666668
174717,1605000.0,694292.1333333333
174718,2800.0,3146.097777777778
174719,2300.0,2450.1766666666667
174720,1820000.0,1077794.967777778
174721,3600.0,3535.5833333333335
174722,799900.0,837893.97
174723,4050.0,3829.1466666666665
174724,1995.0,2441.0377777777776
174725,4450000.0,4294101.78
174726,1115000.0,1154451.2766666666
174727,1930000.0,2098346.49
174728,2200000.0,1698696.2066666668
174729,4100.0,3944.4866666666667
174730,1875.0,3482.3252777777775
174731,2995.0,3133.7933333333335
174732,1500000.0,1224673.4366666668
174733,425000.0,459242.68333333335
174734,4000.0,3078.7433333333333
174735,635000.0,602189.1366666667
174736,555000.0,874329.1733333333
174737,2295.0,2382.5268849206354
174738,2150000.0,2050723.06
174739,1930000.0,1929924.4268333332
174740,3295.0,3315.470502645505
174741,3200.0,3583.11
174742,5000.0,4152.383333333333
174743,2500.0,2940.1744444444444
174744,745000.0,507990.74
174745,675000.0,671176.6133333333
174746,340000.0,361986.37333333335
174747,3750.0,4127.088888888889
174748,2500000.0,1839522.5066666666
174749,1435000.0,1453230.01
174750,5700.0,4179.617777777778
174751,1550000.0,1326881.73
174752,1058000.0,836988.0
174753,600000.0,588455.8666666667
174754,705000.0,769542.0333333333
174755,715000.0,800776.9466666667
174756,1775000.0,2055465.7533333334
174757,7850.0,8259.883333333333
174758,850000.0,974556.8866666667
174759,760000.0,836560.87
174760,2600.0,2227.8878571428572
174761,1000000.0,1123888.2933333332
174762,1175000.0,1099416.0
174763,2000000.0,1943986.3566666667
174764,1680000.0,1379828.1733333333
174765,2750.0,2595.971666666667
174766,640000.0,643491.8933333333
174767,1500000.0,1512881.55
174768,454000.0,497816.4733333333
174769,1399888.0,1510436.93
174770,995000.0,1066067.5
174771,949000.0,732190.6666666666
174772,7000.0,6706.63
174773,554990.0,512025.3333333333
174774,3900.0,3785.25
174775,2500.0,2793.2933333333335
174776,3800.0,47933.996933333336
174777,725000.0,806087.8333333334
174778,2250.0,2165.63
174779,601000.0,534940.0433333333
174780,889500.0,925059.5666666667
174781,1114000.0,1046350.63
174782,4525.0,4099.153333333334
174783,717000.0,825991.6
174784,3500.0,3219.5188888888893
174785,4300.0,3751.540000000001
174786,6700.0,5788.766666666666
174787,1050000.0,956897.6533333333
174788,1655000.0,1462094.0966666667
174789,555000.0,550847.8133333334
174790,3100000.0,2819063.4133333336
174791,4100.0,3877.175
174792,3150.0,2935.153333333333
174793,3200.0,2795.0633333333335
174794,990000.0,908957.5366666666
174795,775000.0,807891.4966666667
174796,4695.0,4998.633333333333
174797,1613846.0,1240716.3333333333
174798,7400.0,9204.333333333332
174799,4000.0,3783.97
174800,940000.0,846041.9866666667
174801,1987375.0,1148294.54
174802,270000.0,363172.80333333334
174803,4233.0,4743.2266666666665
174804,605000.0,564152.4888888889
174805,2025000.0,1861828.3566666667
174806,1170000.0,988332.6666666666
174807,360000.0,390264.78
174808,2600.0,2885.8366666666666
174809,1760000.0,1459582.6666666667
174810,1259000.0,1218611.6666666667
174811,2450.0,2640.0427777777777
174812,915000.0,756609.04
174813,1660000.0,1477876.27
174814,3700.0,3898.9333333333334
174815,1155000.0,1011279.0366666666
174816,560000.0,564171.0733333334
174817,1049000.0,1076419.6080952382
174818,1320000.0,2352535.1741
174819,2785000.0,2261547.953333333
174820,5300.0,4878.3
174821,400000.0,510112.4042666667
174822,670000.0,683025.8333333334
174823,2500.0,2682.7233333333334
174824,3900.0,4197.46
174825,1275000.0,797798.4266666666
174826,749000.0,734758.9166666666
174827,898000.0,884863.56
174828,785000.0,718993.4433333334
174829,4250.0,4366.098333333333
174830,5900000.0,4337639.753333333
174831,609500.0,623251.77
174832,440000.0,399306.2833333333
174833,574900.0,584145.0666666667
174834,1200000.0,1061296.7666666666
174835,255000.0,560210.4566666667
174836,6000.0,5521.266666666666
174837,920000.0,1040181.1466666666
174838,7000.0,5603.066666666667
174839,1250000.0,1048200.04
174840,880000.0,920666.6666666666
174841,1500000.0,1336436.3333333333
174842,4375000.0,3651165.6266666665
174843,1700000.0,1430269.33
174844,850000.0,755402.4133333333
174845,250000.0,415486.8233333333
174846,2695.0,3008.0622222222223
174847,1550000.0,1204930.5966666667
174848,540000.0,522081.7133333333
174849,3500.0,3454.61
174850,3100.0,3337.8733333333334
174851,677000.0,724183.6666666666
174852,860000.0,872662.5833333334
174853,360000.0,482391.66
174854,2675.0,2407.3566666666666
174855,985000.0,1205227.85
174856,6100.0,5992.733333333334
174857,789900.0,680581.7566666667
174858,1575000.0,1497361.8366666667
174859,826000.0,832431.0633333334
174860,3300.0,3633.5866666666666
174861,3850.0,3851.9766666666665
174862,1540000.0,1399187.0666666667
174863,3500.0,3633.6666666666665
174864,515000.0,477656.21111111104
174865,1875000.0,1457258.4666666666
174866,3850.0,5128.440777777778
174867,760000.0,724146.33
174868,2405000.0,2191497.3266666667
174869,3180000.0,3361772.8333333335
174870,2995.0,3356.911
174871,365000.0,344504.66
174872,414900.0,392012.88333333336
174873,5000.0,5117.8533333333335
174874,2200000.0,2032772.1733333333
174875,784000.0,884536.3533333334
174876,725000.0,688025.89
174877,4300.0,31020.663333333334
174878,1460000.0,1250292.8433333333
174879,605000.0,633060.8333333334
174880,4000.0,4615.493888888888
174881,855000.0,837878.0933333334
174882,275000.0,503186.2133333333
174883,1200000.0,1256870.8266666667
174884,550000.0,700061.64
174885,1250000.0,1066147.8016666668
174886,3500.0,3743.2833333333333
174887,2400.0,2401.0555555555557
174888,659000.0,663620.7833333333
174889,1855000.0,1784683.4429333333
174890,138000.0,285775.8333333333
174891,2300.0,2195.633333333333
174892,1600000.0,1718760.0866666667
174893,1670000.0,1332784.8333333333
174894,990000.0,964815.67
174895,730000.0,762580.33
174896,3750.0,2663.193333333333
174897,1400.0,2040.75
174898,905000.0,859217.4966666667
174899,4300.0,4371.535555555555
174900,680000.0,850243.55
174901,2000.0,2104.9877777777774
174902,4130000.0,2617325.8167333333
174903,352000.0,313848.32666666666
174904,1574000.0,1403824.1833333333
174905,820000.0,756093.7777777778
174906,2900000.0,1408593.0366666666
174907,5100.0,4437.133333333333
174908,2700.0,2910.28
174909,3500.0,3562.9166666666665
174910,1625000.0,1915154.59
174911,4850.0,4931.827777777778
174912,715000.0,709602.74
174913,3975.0,3913.6666666666665
174914,520000.0,442314.76
174915,937334.0,810195.0166666667
174916,563750.0,580445.04
174917,1705000.0,1530010.7166666666
174918,750000.0,776284.9766666667
174919,3000.0,2889.6
174920,297000.0,293651.06666666665
174921,1289000.0,1101948.6066666667
174922,600000.0,559850.96
174923,1358000.0,1642953.6766666668
174924,850000.0,704726.88
174925,900000.0,958984.5933333334
174926,3800.0,3079.05
174927,1695.0,1750.6444444444442
174928,462000.0,470011.9666666667
174929,675000.0,673983.3333333334
174930,1060000.0,1148022.09
174931,360000.0,394501.06333333335
174932,585000.0,620730.1266666667
174933,3000.0,3278.9483333333333
174934,620000.0,811193.74
174935,470000.0,561423.0666666667
174936,1650000.0,1368026.2166666666
174937,3000.0,2952.850088888889
174938,3500000.0,2446884.8733333335
174939,470000.0,367216.0
174940,3128000.0,2886756.88
174941,1800000.0,1817286.64
174942,860000.0,906533.87
174943,2100000.0,1934136.5066666666
174944,1575000.0,1443430.82
174945,13500.0,14356.621666666666
174946,3795.0,3627.7033333333334
174947,3100.0,3022.2833333333333
174948,3100.0,3354.3011111111114
174949,1350000.0,1266470.84
174950,756000.0,726138.2188888888
174951,3000.0,3153.28
174952,3950.0,4045.0666666666666
174953,1352000.0,1143855.0
174954,1365000.0,1418941.19
174955,820000.0,733911.6666666666
174956,1190000.0,1332332.3266666667
174957,1150000.0,746100.65
174958,3300.0,3031.9175
174959,565000.0,566854.4
174960,1600000.0,1671471.26
174961,3500.0,4262.54
174962,2395.0,2390.23
174963,400000.0,376146.68544444436
174964,2295.0,2395.0833333333335
174965,3000.0,3097.5733333333333
174966,307000.0,298754.6766666667
174967,3350.0,4166.13
174968,2575000.0,2371786.15
174969,825000.0,817267.61
174970,6250.0,7143.066666666667
174971,4000.0,4036.5466666666666
174972,450000.0,395702.0933333333
174973,955000.0,844227.0
174974,2000.0,2078.273888888889
174975,725000.0,681846.17
174976,1445000.0,1444916.2633333334
174977,3500.0,3735.9966666666664
174978,816000.0,843323.0
174979,414000.0,444532.0619047619
174980,2700.0,3254.95
174981,1575000.0,1430275.6666666667
174982,600000.0,681057.2266666667
174983,1350000.0,1124196.2666666666
174984,1335000.0,1395937.77
174985,302000.0,474716.30333333334
174986,712000.0,729967.4866666667
174987,375000.0,305819.9166666667
174988,909888.0,840809.8333333334
174989,1100000.0,2026488.4066666667
174990,1175000.0,1275464.4333333333
174991,1415000.0,995973.4233333333
174992,940000.0,919860.2533333333
174993,415000.0,516297.32666666666
174994,1250000.0,1157732.0066666666
174995,1860000.0,1836284.8333333333
174996,4200.0,6138.2811111111105
174997,800000.0,873111.63
174998,84000.0,161368.27
174999,612000.0,610883.0933333334
175000,935000.0,924177.5
175001,519000.0,460201.76666666666
175002,4900.0,3980.5777777777785
175003,2995.0,4134.466666666666
175004,1010001.0,1064384.8
175005,695000.0,701101.19
175006,3950.0,3934.9166666666665
175007,3100.0,2984.202222222222
175008,1200000.0,953663.0833333334
175009,2900.0,2985.285555555555
175010,1215000.0,1306803.3333333333
175011,4375000.0,3925290.2666666666
175012,2900.0,2985.285555555555
175013,4500.0,5515.093333333333
175014,3980000.0,3843685.546666667
175015,1150000.0,1039219.2033333334
175016,720000.0,858093.35
175017,500000.0,648922.66
175018,5300.0,5336.15
175019,2700000.0,2765128.42
175020,1698000.0,1616612.6792063492
175021,4200.0,4499.63
175022,2700.0,9133.186666666666
175023,875000.0,990750.737777778
175024,2600.0,2585.6833333333334
175025,750000.0,717548.0466666666
175026,2200000.0,1756793.36
175027,780000.0,743496.4444444445
175028,4850000.0,2256625.28
175029,1200000.0,1973262.5333333334
175030,1170000.0,1075529.5666666667
175031,1590000.0,2136245.57
175032,5000.0,5967.176666666666
175033,2500000.0,2486777.4166666665
175034,1548000.0,1308089.3177777778
175035,2750.0,3170.4844444444443
175036,4500.0,4257.97
175037,1895000.0,1212890.7695333334
175038,380000.0,380922.75933333335
175039,814000.0,1039818.8466666667
175040,291990.0,284105.8
175041,695000.0,665021.2666666667
175042,6000.0,5779.713333333333
175043,2530000.0,2626246.6666666665
175044,2600.0,2562.766666666667
175045,429000.0,422737.7033333333
175046,3350000.0,2814489.02
175047,4395.0,4437.565
175048,4500020.0,2865396.566666667
175049,4300.0,4686.6
175050,710000.0,799209.22
175051,900000.0,836133.63
175052,1410000.0,1282472.79
175053,5800.0,6180.116666666667
175054,510000.0,462513.87333333335
175055,384000.0,386252.62
175056,8800.0,7855.203333333333
175057,900000.0,822280.8366666667
175058,2995.0,3427.0655555555554
175059,1100000.0,933064.9966666667
175060,1060000.0,937892.7333333333
175061,825000.0,826592.5
175062,736000.0,732097.1666666666
175063,495000.0,552749.76
175064,1265000.0,1061804.4666666666
175065,530000.0,599477.2566666667
175066,915000.0,1028086.92
175067,600000.0,588526.4666666667
175068,5600.0,4136.939166666667
175069,3300.0,2946.304206349206
175070,990000.0,1062022.0555555555
175071,2150.0,2456.7313888888893
175072,870000.0,858280.5
175073,4800.0,4846.276666666667
175074,1278000.0,1082548.4066666667
175075,8000.0,9084.453333333333
175076,810000.0,754230.96
175077,450000.0,466077.3566666667
175078,4700.0,4128.076666666667
175079,1850000.0,1629870.4849
175080,725000.0,706989.7266666667
175081,5000.0,5180.743333333333
175082,890000.0,891236.76
175083,1580000.0,1616961.7
175084,660000.0,671920.2433333333
175085,578000.0,589646.1666666666
175086,1020000.0,837996.1566666666
175087,2150000.0,1872550.1066666667
175088,1305000.0,1314438.0433333332
175089,942000.0,942115.3633333333
175090,4600.0,4387.866666666667
175091,2725000.0,2725425.2266666666
175092,910000.0,595655.8095238096
175093,747500.0,796509.7466666667
175094,760000.0,793963.0766666667
175095,3300.0,3282.5633333333335
175096,560000.0,591125.42
175097,555000.0,623936.9933333333
175098,1508500.0,1335374.4266666668
175099,807000.0,847223.9433333334
175100,1347000.0,1206024.9366666668
175101,4450.0,4550.543333333333
175102,520000.0,514190.99
175103,1950000.0,2186792.1433333335
175104,1735000.0,1481335.0633333332
175105,1287000.0,1899513.7133333334
175106,1850000.0,1551865.0
175107,815000.0,777668.2333333333
175108,1250000.0,1195906.6633333333
175109,3200.0,3655.0066666666667
175110,2150000.0,1737540.0
175111,725000.0,738352.6633333333
175112,441000.0,520296.99666666664
175113,929000.0,829585.0
175114,945000.0,1256845.3666666667
175115,750000.0,779165.0366666666
175116,1867500.0,1851839.2533333334
175117,1005000.0,1061245.03
175118,3450.0,3739.11
175119,1030000.0,1002039.5733333334
175120,810000.0,784595.0633333334
175121,1610000.0,1552130.7833333334
175122,665000.0,570203.0
175123,539000.0,465179.27111111116
175124,1230000.0,2152994.6666666665
175125,12000.0,7487.633333333333
175126,2500.0,2852.733055555556
175127,1285000.0,1130281.5166666666
175128,729900.0,636043.1833333333
175129,800000.0,839445.9666666667
175130,920000.0,813554.13
175131,600000.0,741451.8933333333
175132,380000.0,557835.0933333334
175133,4980.0,4713.29
175134,825000.0,778945.0
175135,1350000.0,1606053.5333333334
175136,8500.0,7913.61111111111
175137,2700.0,3138.6966666666667
175138,540000.0,534029.8333333334
175139,1520000.0,1097418.5766666667
175140,4000.0,3498.755
175141,1050000.0,1311483.5
175142,855000.0,840146.68
175143,1149888.0,1134980.5
175144,1430000.0,1349674.888888889
175145,1940000.0,1804367.4366666668
175146,1555000.0,1399337.5766666667
175147,661000.0,692202.1
175148,492000.0,643921.3333333334
175149,1100000.0,1125197.4366666668
175150,611000.0,619665.0333333333
175151,1380000.0,1340629.0
175152,560000.0,541756.3333333334
175153,3950.0,4099.205555555556
175154,4500.0,7379.0
175155,490000.0,646724.0666666667
175156,439000.0,525756.51
175157,899000.0,793377.33
175158,1060000.0,1107845.5
175159,730000.0,829551.9488888889
175160,3400.0,2843.114603174603
175161,795000.0,674649.8333333334
175162,8400.0,9067.541666666666
175163,689000.0,804955.8733333333
175164,1440000.0,1561410.1966666668
175165,4000.0,3784.294444444445
175166,1600000.0,1340223.0933333333
175167,1950.0,2298.673333333333
175168,1210000.0,1329699.7933333332
175169,4550.0,4449.8
175170,1470000.0,1356132.9
175171,520000.0,549271.6666666666
175172,2390000.0,1628865.5166666666
175173,4310000.0,4301999.333333333
175174,3215000.0,3033093.8466666667
175175,1108000.0,1158186.6666666667
175176,545000.0,508045.04
175177,1956000.0,2106410.61
175178,1000000.0,1002531.0333333333
175179,780000.0,846307.3333333334
175180,320000.0,287224.9866666667
175181,675000.0,653575.6666666666
175182,1229000.0,1101434.2333333334
175183,700000.0,510507.4666666667
175184,900000.0,940059.3266666667
175185,770000.0,744507.8466666667
175186,500000.0,491149.12666666665
175187,2725125.0,2501516.11
175188,475000.0,346535.0
175189,6200.0,5463.267777777778
175190,1350.0,2242.6492063492065
175191,1940000.0,2122535.8233333332
175192,3350.0,2713.8366666666666
175193,5500.0,4181.673333333333
175194,2562500.0,2160491.48
175195,1175000.0,935753.7633333333
175196,480000.0,691806.6666666666
175197,1240000.0,1305181.652666667
175198,1200000.0,1097330.08
175199,895000.0,796217.7788888889
175200,420000.0,439957.29333333333
175201,5000.0,4732.23
175202,900000.0,903191.03
175203,995000.0,1111388.5666666667
175204,4000.0,3674.3033333333333
175205,5000.0,5020.593333333333
175206,4999.0,4087.016666666667
175207,1049888.0,1063213.69
175208,680000.0,592825.3111111112
175209,1250000.0,1004378.4166666666
175210,480000.0,497057.08
175211,4100.0,4332.851111111111
175212,1195000.0,1261353.8166666667
175213,875000.0,876022.5
175214,1250000.0,970460.8233333334
175215,6600.0,6751.713333333333
175216,900000.0,1200462.7333333334
175217,827500.0,846637.6666666666
175218,3350000.0,2714378.066666667
175219,612000.0,726480.75
175220,4500.0,4532.55
175221,555000.0,654806.7966666666
175222,670000.0,588366.0333333333
175223,1900000.0,1592125.32
175224,1420000.0,1078218.0766666667
175225,565000.0,552508.8133333334
175226,2550.0,2423.7777777777774
175227,2125000.0,2213419.6466666665
175228,1135000.0,1452080.0
175229,1175000.0,1140544.9133333333
175230,1975.0,1970.3083333333334
175231,4750.0,4210.013333333333
175232,1810000.0,1450808.7633333334
175233,785000.0,1202798.97
175234,1539000.0,1405614.7866666666
175235,2495.0,2859.0666666666666
175236,1900.0,1957.1166666666666
175237,3600.0,3534.8966666666665
175238,575000.0,817086.0
175239,15500.0,25442.90777777778
175240,815000.0,846179.3066666666
175241,4550.0,4467.405555555555
175242,850000.0,801148.0
175243,699000.0,707498.0
175244,1775000.0,1739216.255866667
175245,879800.0,872841.68
175246,751000.0,775366.9044444443
175247,875000.0,784289.0
175248,1350000.0,1283636.6633333333
175249,2250.0,2831.07
175250,830000.0,761086.2333333333
175251,360000.0,426636.7366666667
175252,1050000.0,992549.27
175253,4400.0,4239.673333333333
175254,720000.0,688232.4733333334
175255,4700.0,4977.116666666667
175256,2200.0,2702.835
175257,3249000.0,3445920.56
175258,837777.0,952504.7166666667
175259,530000.0,685650.6666666666
175260,1000000.0,1062687.7433333334
175261,516000.0,487285.32
175262,3880.0,4213.886666666666
175263,1100000.0,1138619.0966666667
175264,1200000.0,1179289.5766666667
175265,525000.0,495956.76
175266,2495.0,2843.371666666667
175267,4700.0,14751.47
175268,4550.0,4953.8533333333335
175269,790000.0,804594.2933333333
175270,1090000.0,1042997.3333333334
175271,875000.0,841924.07
175272,1595000.0,1820895.3166666667
175273,1355000.0,1298430.5666666667
175274,811930.0,832666.6666666666
175275,1300000.0,1215878.1333333333
175276,2195.0,2482.2155555555555
175277,1122000.0,928942.7933333333
175278,1100000.0,1153128.3333333333
175279,2995.0,3134.5
175280,713000.0,742212.76
175281,2000.0,2565.212380952381
175282,1800000.0,1407851.7
175283,5900.0,6084.246666666667
175284,810000.0,843406.2333333333
175285,925000.0,862037.0
175286,2800.0,2868.1222222222223
175287,710000.0,625648.111111111
175288,756600.0,793413.0
175289,5850.0,5105.97
175290,2500.0,2452.938888888889
175291,858000.0,752938.8864666667
175292,4600.0,4614.112777777778
175293,779000.0,788830.3333333334
175294,902000.0,873345.3133333334
175295,485000.0,484532.9533333333
175296,1500000.0,1354934.1133333333
175297,1900000.0,1715447.5033333334
175298,4195.0,4631.583333333333
175299,19500.0,14665.383333333333
175300,525000.0,479212.1666666667
175301,705000.0,700414.9066666666
175302,242700.0,241825.66666666666
175303,865000.0,858094.7133333334
175304,865000.0,796328.8333333334
175305,733000.0,925540.0
175306,635000.0,585321.6666666666
175307,1091250.0,1005273.2866666666
175308,734000.0,786723.7933333333
175309,574000.0,541072.1
175310,559990.0,561427.0656
175311,555814.0,536356.9666666667
175312,2550000.0,1796671.3166666667
175313,740000.0,823649.75
175314,3750.0,4016.0
175315,3000.0,3156.58
175316,1050000.0,945929.1
175317,1367000.0,1360751.8955555556
175318,2680000.0,2279099.3133333335
175319,699000.0,685635.4111111112
175320,782000.0,841326.0
175321,1142000.0,1204770.2533333334
175322,300000.0,541331.3333333334
175323,6000.0,5921.03
175324,985000.0,1195705.8166666667
175325,8995.0,7665.0
175326,750000.0,605993.66
175327,825000.0,813273.3333333334
175328,850000.0,850847.17
175329,975000.0,1065897.5866666667
175330,1620000.0,1549913.61
175331,2695.0,2493.9666666666667
175332,465000.0,512448.5366666667
175333,830000.0,684823.0
175334,2400.0,1956.5155555555555
175335,2300.0,2675.6133333333332
175336,530000.0,543537.51
175337,2400000.0,1936812.7633333334
175338,670000.0,667492.0933333334
175339,5500.0,6471.4
175340,855000.0,921900.4
175341,449000.0,368228.1666666667
175342,659500.0,600959.66
175343,485000.0,655264.85
175344,184900.0,163485.52333333335
175345,1275000.0,1141717.6453968254
175346,5800.0,6954.96
175347,1150000.0,1358728.16
175348,2050000.0,1573080.4633333334
175349,2795.0,2379.9
175350,2795.0,2390.35
175351,750000.0,736532.58
175352,525000.0,535611.5
175353,106000.0,239218.40666666668
175354,2700000.0,2678132.4322222224
175355,1000000.0,937003.7
175356,675000.0,806580.7566666667
175357,1470000.0,1345616.84
175358,3000000.0,2071921.0333333334
175359,2600.0,2861.6633333333334
175360,3350.0,3445.22
175361,1160000.0,1056320.6
175362,620000.0,705241.5
175363,3600.0,3519.6
175364,5250.0,5014.197777777777
175365,1100000.0,982173.63
175366,985000.0,946746.24
175367,2400000.0,2453073.0766666667
175368,295000.0,315714.07666666666
175369,3100.0,3733.8166666666666
175370,558000.0,685215.9966666667
175371,946000.0,985863.5133333333
175372,675000.0,668436.3333333334
175373,1220000.0,1126685.6533333333
175374,4200.0,3827.1633333333334
175375,717000.0,676262.7711111112
175376,775000.0,691599.3377777778
175377,669000.0,707217.1666666666
175378,4500.0,4767.974166666667
175379,710000.0,759369.0033333333
175380,1130000.0,1322768.6466666667
175381,4800.0,5185.033333333334
175382,3650.0,3412.346666666667
175383,1720000.0,1672728.4066666667
175384,2995.0,3440.8444444444444
175385,3600.0,3828.61
175386,2950.0,2910.2
175387,1705000.0,1719150.42
175388,1250000.0,1186621.2266666666
175389,1136000.0,963241.6633333333
175390,475000.0,509235.2733333333
175391,1000000.0,940946.1666666666
175392,925000.0,837193.63
175393,1080000.0,1513854.6366666667
175394,1396000.0,1043378.96
175395,1110000.0,1248335.4566666668
175396,1405000.0,1373590.1633333333
175397,900000.0,900275.7788888888
175398,640000.0,700976.63
175399,850000.0,856407.6633333333
175400,755000.0,784239.6466666666
175401,1833000.0,1615092.4866666666
175402,1270000.0,1094349.2533333334
175403,620000.0,613736.4233333333
175404,3200.0,3289.6622222222227
175405,3350.0,3166.3705555555553
175406,2900000.0,3524179.1633333336
175407,1100000.0,1222098.8333333333
175408,875000.0,825502.67
175409,1850.0,1752.7266666666667
175410,557000.0,533395.1766666666
175411,3200.0,3139.3522222222223
175412,677000.0,607555.99
175413,650000.0,765712.3333333334
175414,1180000.0,1065131.0
175415,525000.0,545959.6666666666
175416,6500.0,5713.7122222222215
175417,2275000.0,2020182.51
175418,2600.0,2650.577777777778
175419,1100000.0,1192072.53
175420,232200.0,333570.46
175421,1600.0,1824.4561111111109
175422,1283000.0,1100485.5266666666
175423,2900.0,2912.016666666667
175424,3100.0,3298.8311111111107
175425,585000.0,649049.7733333333
175426,1845000.0,1574130.06
175427,860000.0,889629.33
175428,5500.0,4507.8711111111115
175429,814500.0,757505.6633333333
175430,1290000.0,1412109.5666666667
175431,1359300.0,1259464.9966666666
175432,4800.0,4483.0
175433,765000.0,637134.0355555556
175434,1050000.0,912939.0
175435,1185000.0,1207704.22
175436,2900.0,3354.9244444444444
175437,1200000.0,1099111.1166666667
175438,790000.0,773262.5822222222
175439,1295000.0,1315537.5633333332
175440,3400.0,3513.2066666666665
175441,5750.0,5475.196666666667
175442,1800.0,1960.3855555555554
175443,3850.0,3566.5266666666666
175444,616000.0,644494.6555555556
175445,940000.0,858274.0
175446,2575000.0,2439735.8133333335
175447,4200.0,4178.456666666667
175448,4650.0,4704.72
175449,625000.0,630833.3333333334
175450,2200.0,2483.7544444444443
175451,1335000.0,1554621.4033333333
175452,3330.0,3474.585555555556
175453,2550.0,2799.0666666666666
175454,1500000.0,1017194.8766666667
175455,715000.0,766756.95
175456,6370000.0,3737873.5366666666
175457,1375000.0,1240668.3333333333
175458,4920000.0,3805976.868333333
175459,495000.0,486353.99333333335
175460,755000.0,787495.9966666667
175461,776888.0,681068.8533333334
175462,1430000.0,1386973.4666666666
175463,5500.0,4511.096666666666
175464,3000.0,3255.2633333333333
175465,3500.0,3654.1777777777784
175466,6500.0,4808.541111111112
175467,4300.0,4788.9
175468,717000.0,689115.7266666667
175469,950000.0,932904.3833333333
175470,1495000.0,2631398.1266666665
175471,1349000.0,1238746.0466666666
175472,1080000.0,1023496.1333333333
175473,850000.0,894130.96
175474,1265000.0,1205883.8333333333
175475,1850000.0,1882359.58
175476,1200000.0,979259.5866666667
175477,1020000.0,1078968.0
175478,480000.0,423585.8333333333
175479,300000.0,321941.74666666664
175480,5750.0,4294.58
175481,3575.0,3364.437619047619
175482,8000.0,7181.133333333333
175483,449000.0,524161.54333333333
175484,475000.0,497833.315
175485,865000.0,1126175.4
175486,2100.0,3014.7166666666667
175487,1350000.0,1383742.0533333332
175488,2360000.0,2164804.45
175489,630000.0,714503.94
175490,938000.0,1043292.4566666667
175491,2850.0,2759.7966666666666
175492,4400.0,4455.15
175493,990000.0,1034820.0
175494,337000.0,336551.25
175495,1130000.0,1172006.0
175496,3000.0,3156.58
175497,665000.0,852524.1166666667
175498,1320000.0,1303616.3333333333
175499,649000.0,577792.9966666667
175500,6680.0,6471.08
175501,1251000.0,1157627.5866666667
175502,345000.0,359423.3
175503,2575.0,2790.5666666666666
175504,650000.0,615208.86
175505,1120000.0,1075788.5066666666
175506,3500000.0,4415252.33
175507,1230000.0,1148239.5833333333
175508,4600.0,4399.616666666667
175509,1300000.0,503549.1155555556
175510,2300.0,2526.3761111111107
175511,2500.0,2773.8966666666665
175512,1125000.0,1327900.3033333332
175513,1400000.0,1265903.9666666666
175514,590000.0,653239.2766666666
175515,395000.0,371184.3333333333
175516,4800.0,5224.7
175517,1170000.0,1118646.8
175518,610000.0,596202.0
175519,710000.0,654654.49
175520,945000.0,817575.91
175521,925000.0,1019676.2833333333
175522,1250000.0,1665053.646388889
175523,985000.0,1080979.6033333333
175524,390000.0,431906.478
175525,540000.0,677010.0933333334
175526,375000.0,339126.5555555555
175527,1308000.0,834421.4866666667
175528,703000.0,863245.62
175529,6000.0,5916.703333333333
175530,1425000.0,1483507.1933333334
175531,3700.0,3791.409523809524
175532,2200.0,2099.7888888888892
175533,1030000.0,921224.2686666667
175534,752000.0,727171.6666666666
175535,3495.0,2931.8
175536,285000.0,274640.8333333333
175537,875000.0,1104806.8333333333
175538,835000.0,744890.3
175539,1235000.0,1085042.43
175540,1950.0,2032.65
175541,1045000.0,933776.55
175542,830000.0,747695.8691666663
175543,5400.0,4124.05
175544,3450.0,3433.7166666666667
175545,5200.0,4766.04
175546,1350000.0,1311408.8133333332
175547,250000.0,390980.2733333333
175548,690000.0,694321.6433333333
175549,485000.0,479137.25666666665
175550,1830000.0,1503658.7033333334
175551,6200.0,6110.915555555556
175552,7200.0,6619.383333333333
175553,955000.0,893167.92
175554,910000.0,802710.2666666667
175555,4500.0,4776.263333333333
175556,619000.0,639653.42
175557,610000.0,846893.9633333334
175558,3600.0,3716.016666666667
175559,672000.0,673451.6266666667
175560,2250.0,2100.528888888889
175561,5500.0,5115.099523809524
175562,520000.0,734517.3944444444
175563,950000.0,959990.3933333333
175564,550000.0,534458.8566666667
175565,432900.0,399975.8933333333
175566,1425000.0,970983.35
175567,5200.0,3602.1374603174604
175568,240000.0,243544.0
175569,1688500.0,2559145.5496
175570,3000.0,2929.3083333333334
175571,1415000.0,1276882.2166666666
175572,715000.0,836871.7133333334
175573,1350000.0,1179300.3412698412
175574,3200.0,3865.633333333333
175575,1320000.0,1593079.7933333332
175576,1150000.0,1313998.08
175577,6200.0,7128.033333333334
175578,303000.0,359829.49
175579,1899.0,2046.2733333333333
175580,5900.0,214227.03333333333
175581,689000.0,664412.5233333333
175582,595000.0,791657.1366666667
175583,1100000.0,1081745.7266666666
175584,6500.0,6374.45
175585,3950.0,4278.792222222221
175586,2795.0,3529.8866666666668
175587,1100000.0,1023177.1133333333
175588,3800.0,3605.17
175589,385000.0,369700.7733333333
175590,499800.0,487706.0952380952
175591,360000.0,363547.68
175592,3850.0,3672.6809523809525
175593,780000.0,722378.9
175594,5500.0,124920.72333333333
175595,2400.0,2042.9166666666667
175596,399000.0,346727.36333333334
175597,3900.0,4163.732222222222
175598,4000.0,4299.301111111112
175599,1850000.0,2598740.0833333335
175600,625000.0,664577.6966666667
175601,3250.0,2663.6866666666665
175602,525000.0,385245.99666666664
175603,539000.0,581635.6333333333
175604,6099750.0,3884671.1933333334
175605,1968000.0,1950369.1633333333
175606,388000.0,405840.22
175607,546000.0,611457.1166666667
175608,1515000.0,1432382.3333333333
175609,3250000.0,3008530.1133333333
175610,1080000.0,953942.5966666667
175611,3700.0,3908.366666666667
175612,725000.0,486582.0455555556
175613,699000.0,608003.28
175614,1400000.0,1218500.42
175615,9750.0,8460.229166666666
175616,630000.0,652502.4611111111
175617,1675000.0,2450918.55
175618,3600.0,9694.01
175619,865000.0,803819.8833333333
175620,1425000.0,1538632.0
175621,8750.0,7792.883333333333
175622,745000.0,818602.32
175623,3650.0,3442.272222222222
175624,419000.0,424951.05
175625,695000.0,692976.7633333333
175626,2600.0,2785.1666666666665
175627,2800.0,2696.229047619048
175628,818000.0,745253.7633333333
175629,310000.0,412680.65
175630,4300.0,3887.5
175631,1280000.0,1085121.7133333334
175632,2950.0,2758.4760333333334
175633,3500.0,3507.483333333333
175634,535000.0,449241.0
175635,850000.0,1074200.7566666666
175636,1550000.0,1446440.81
175637,1570000.0,1688484.7033333334
175638,9500.0,10233.747960317462
175639,1239800.0,1194587.8766666667
175640,1200000.0,1378095.3233333332
175641,820000.0,819446.4677777778
175642,3600.0,3790.2933333333335
175643,2800.0,3222.6766666666667
175644,906500.0,742945.9722222221
175645,1175000.0,1117355.79
175646,840000.0,833200.4966666667
175647,1850.0,1875.5610333333336
175648,578000.0,592493.1666666666
175649,188500.0,269722.56333333335
175650,2015000.0,1883557.1666666667
175651,650000.0,786612.6233333333
175652,1995.0,1938.320661375661
175653,1226000.0,1203859.9566666668
175654,925000.0,876173.5933333334
175655,4200.0,4019.5777777777785
175656,2550000.0,1858679.2833333334
175657,5880000.0,3927576.993333333
175658,4600.0,3902.474444444445
175659,221000.0,360932.5
175660,411500.0,409809.3333333333
175661,575000.0,558387.63
175662,725000.0,754631.3
175663,1950000.0,1871599.5851666664
175664,1300000.0,1180319.6366666667
175665,1190000.0,1364091.6366666667
175666,570000.0,622773.97
175667,475000.0,546108.1
175668,1600.0,1705.2633333333333
175669,1099000.0,985416.3833333333
175670,800000.0,782261.6666666666
175671,3500.0,3612.6111111111118
175672,1050000.0,959065.67
175673,1399000.0,1351161.0746
175674,830000.0,1019813.06
175675,527000.0,544605.5555555554
175676,700000.0,831835.9666666667
175677,1295000.0,1379707.6266666667
175678,3000.0,2786.6433333333334
175679,1487500.0,1310715.8933333333
175680,254000.0,278368.23
175681,2350.0,2179.478888888889
175682,625000.0,650212.9533333334
175683,1370000.0,1596638.1266666667
175684,1500000.0,1105515.5133333334
175685,10300.0,13531.905555555557
175686,1079600.0,1067222.7933333332
175687,855000.0,848832.3333333334
175688,560000.0,581808.6666666666
175689,4000.0,3999.53
175690,1580000.0,1662702.9933333334
175691,360000.0,535256.1433333333
175692,2795.0,2751.791111111111
175693,830000.0,816198.0
175694,607500.0,777102.4433333334
175695,807500.0,820568.0266666666
175696,4495.0,4797.927619047619
175697,8600.0,7030.583333333333
175698,5250.0,6418.29
175699,7000.0,5627.277777777777
175700,2365000.0,1858836.49
175701,1375000.0,1413793.7966666666
175702,1495.0,1850.255714285714
175703,3000.0,3344.92
175704,890000.0,829922.21
175705,640000.0,621367.6666666666
175706,920000.0,810106.6666666666
175707,1495.0,2413.322777777778
175708,559000.0,604063.8233333334
175709,1750000.0,1690050.44
175710,955500.0,1082040.12
175711,2995.0,2989.247777777778
175712,1475000.0,1538255.98
175713,990000.0,934252.81
175714,1350000.0,1418394.0
175715,800000.0,836183.67
175716,2850000.0,2905374.5
175717,445000.0,521416.7766666667
175718,490000.0,482786.82666666666
175719,1100000.0,1070857.96
175720,775000.0,830636.6566666666
175721,3500.0,3970.395555555555
175722,1060000.0,1082615.0977777778
175723,379000.0,334008.1566666667
175724,1250000.0,1217821.6266666667
175725,1965000.0,1992787.9066666667
175726,1200000.0,1072481.0705
175727,490000.0,515980.49666666664
175728,630000.0,576613.33
175729,1240000.0,1736783.77
175730,368000.0,369156.8333333333
175731,525000.0,599846.0
175732,3500.0,3669.5033333333336
175733,4200.0,4525.116666666667
175734,5000.0,4241.85
175735,2780.0,2960.8733333333334
175736,1345000.0,1375359.007777778
175737,630000.0,830404.6833333333
175738,3800.0,3816.576666666667
175739,125000.0,195792.15
175740,700000.0,641184.65
175741,965000.0,1038326.1666666666
175742,2600.0,2808.108888888889
175743,848000.0,868206.5833333334
175744,725000.0,688555.3766666667
175745,805000.0,870732.66
175746,1225000.0,1165421.7529333334
175747,2700.0,2150.04
175748,680000.0,638678.8466666667
175749,415000.0,333335.88
175750,359950.0,477509.36
175751,3595.0,3830.9166666666665
175752,5900.0,5555.016666666666
175753,6600.0,5630.033333333334
175754,3845.0,3491.5061904761906
175755,840000.0,754372.0333333333
175756,4200.0,4081.5333333333333
175757,701000.0,712358.0
175758,599999.0,650071.0166666667
175759,1448000.0,1373381.8466666667
175760,1330000.0,1503117.8166666667
175761,2000.0,2068.749735449735
175762,800000.0,829174.3733333333
175763,3495.0,3394.6666666666665
175764,650000.0,605135.7133333334
175765,2650.0,3040.71
175766,5700.0,5388.6608
175767,515000.0,513913.62333333335
175768,3200.0,3081.8772222222224
175769,5900.0,5222.17
175770,1500.0,2062.4183333333335
175771,5800.0,5605.203333333333
175772,3600.0,2811.026111111111
175773,790000.0,820518.4033333333
175774,5500.0,5204.286666666667
175775,890000.0,917865.6522222221
175776,5100.0,4932.973333333333
175777,565000.0,599915.3866666667
175778,3800.0,3784.7177777777783
175779,3400.0,3016.9933333333333
175780,435000.0,548258.6677777778
175781,4700.0,4837.066666666667
175782,775000.0,801386.888888889
175783,1250.0,2110.8133333333335
175784,1390000.0,1277837.76
175785,1050000.0,987398.05
175786,2800.0,2926.668888888889
175787,2900.0,2870.922222222222
175788,487500.0,320537.5833333333
175789,255000.0,272544.6666666667
175790,2595.0,2666.714444444445
175791,7500.0,7216.915
175792,3750.0,3477.766666666667
175793,790000.0,786729.3066666666
175794,1700000.0,1518822.9233333333
175795,925000.0,1150351.1844444445
175796,1200000.0,1072658.95
175797,2100.0,2169.9333333333334
175798,1510000.0,1483406.5666666667
175799,765000.0,714858.2362666667
175800,3600.0,3704.19
175801,7000.0,7449.183333333333
175802,2050.0,2309.5244444444447
175803,1600.0,2186.884722222222
175804,4800.0,5505.294444444444
175805,2600.0,2370.85
175806,350000.0,343243.0
175807,420000.0,436153.28
175808,1310000.0,1257958.84
175809,3300.0,3191.6076190476188
175810,970000.0,896966.7833333333
175811,1055000.0,836767.48
175812,504600.0,447531.22
175813,5700.0,4921.011111111111
175814,425000.0,585129.1933333334
175815,10900.0,9271.26
175816,2375000.0,2388202.8566666665
175817,670000.0,708137.9833333333
175818,4950.0,4965.413333333333
175819,19000.0,9779.706666666667
175820,1047500.0,867395.9
175821,6000.0,5979.963333333333
175822,2100.0,1945.2924603174604
175823,665000.0,877734.1008888889
175824,2950.0,3183.88
175825,807000.0,879299.25
175826,5650.0,6308.25
175827,4200.0,4197.526666666667
175828,3700.0,4500.568888888888
175829,645000.0,586077.0
175830,1000000.0,1367991.4366666668
175831,1500000.0,1490433.1833333333
175832,6600.0,7001.5
175833,2600.0,2631.2431216931227
175834,335000.0,335863.42
175835,37500.0,20303.83111111111
175836,694900.0,722284.81
175837,3450.0,4142.26
175838,934900.0,847166.1533333333
175839,2205000.0,2392986.0633333335
175840,2950000.0,3179146.216666667
175841,650000.0,617739.3833333333
175842,4500.0,4103.643333333333
175843,3200.0,3312.576666666667
175844,6850.0,7783.073333333334
175845,275000.0,338625.9
175846,840000.0,886077.3566666667
175847,5700.0,5662.257777777778
175848,835500.0,683606.05
175849,525000.0,552703.9444444445
175850,580000.0,515682.31666666665
175851,4000.0,4255.477777777777
175852,1255000.0,1312405.5525333332
175853,3400.0,3179.1266666666666
175854,1625000.0,1221544.3033333332
175855,595000.0,504955.49
175856,1975.0,2048.8633333333332
175857,3600.0,3430.25
175858,350000.0,414814.0833333333
175859,1440000.0,1338430.4466666668
175860,3200.0,3283.923333333333
175861,3800.0,3988.3033333333333
175862,2000000.0,2147875.6066666665
175863,18000.0,11909.483333333334
175864,215000.0,209491.28666666665
175865,2010000.0,2160425.2890476193
175866,1435000.0,1401344.0833333333
175867,715000.0,712027.1766666666
175868,350000.0,324093.3333333333
175869,729000.0,709270.89
175870,1198000.0,1020891.6633333333
175871,3750.0,4390.263333333333
175872,1335000.0,1437525.977777778
175873,1300000.0,1004809.6433333333
175874,950000.0,1029388.0666666667
175875,235000.0,297421.38
175876,385000.0,437898.1666666667
175877,3900.0,3738.2233333333334
175878,3600.0,4071.9355555555558
175879,1699999.0,1567469.78
175880,4000.0,3843.1205555555553
175881,2700.0,2734.957777777778
175882,2550.0,2860.6216666666664
175883,920000.0,1006657.5544444446
175884,1097000.0,1104887.45
175885,935000.0,861649.47
175886,3300.0,3206.1
175887,647000.0,741056.6666666666
175888,690000.0,882142.33
175889,399000.0,386567.19333333336
175890,525000.0,488715.9
175891,4100.0,4229.866666666667
175892,2400888.0,2463566.71
175893,3800.0,3932.9366666666665
175894,720000.0,812807.32
175895,3250.0,3250.257777777778
175896,875000.0,654346.6666666666
175897,705000.0,692140.5533333333
175898,2650.0,2289.4333333333334
175899,1010000.0,1123565.9266666668
175900,549000.0,565716.5433333333
175901,1170000.0,1200498.8533333333
175902,1260000.0,1260504.222222222
175903,3250000.0,2948516.066666667
175904,3800.0,3959.45
175905,2305000.0,2554042.56
175906,579000.0,755421.9133333333
175907,3500.0,3773.24
175908,505500.0,464592.76666666666
175909,885000.0,879151.2222222221
175910,7500.0,6941.733333333334
175911,1375000.0,1326836.42
175912,1285000.0,1280983.61
175913,770000.0,1013720.0
175914,3650.0,3618.0133333333333
175915,1199000.0,1218239.0733333332
175916,582000.0,566895.6166666667
175917,1625000.0,2179884.5366666666
175918,6100.0,5757.411904761904
175919,1170000.0,1058391.8266666667
175920,1450000.0,1207852.9533333334
175921,1265000.0,1206894.7966666666
175922,880000.0,932250.4266666666
175923,489000.0,845684.2933333333
175924,665000.0,684542.6666666666
175925,2000.0,2174.5466666666666
175926,1250000.0,993829.6266666667
175927,930000.0,990472.11
175928,1460000.0,1640035.7266666666
175929,1145000.0,1098009.8633333333
175930,810000.0,806610.8333333334
175931,3850.0,3352.8333333333335
175932,39000.0,25688.01
175933,785000.0,733033.4966666667
175934,9995.0,9341.2333
175935,1850000.0,1845548.62
175936,2200.0,3031.335555555556
175937,1400000.0,1363355.9266666668
175938,4500.0,4824.786666666667
175939,615000.0,648275.6283333333
175940,329000.0,310571.81333333335
175941,685000.0,647933.6866666666
175942,4500.0,4003.744761904762
175943,1899000.0,2157331.958888889
175944,1500000.0,1983760.0433333332
175945,3401000.0,2723018.1666666665
175946,980000.0,970498.8333333334
175947,975000.0,1255354.0501666667
175948,2225000.0,2395239.783333333
175949,3950.0,4026.59
175950,910000.0,941285.14
175951,5950.0,5126.55
175952,1370000.0,1315065.4
175953,720000.0,665539.5033333333
175954,1602100.0,1523381.8433333333
175955,450000.0,463133.5333333333
175956,9995.0,7654.783333333334
175957,395000.0,484689.66333333333
175958,2600.0,2672.4435333333336
175959,2390000.0,2204895.7
175960,7500.0,7671.766666666666
175961,990000.0,1015311.8533333334
175962,649990.0,626012.1666666666
175963,1108000.0,1210162.6266666667
175964,345000.0,314554.5
175965,655000.0,666944.8333333334
175966,1550000.0,1615292.4133333333
175967,695000.0,729891.4533333334
175968,1310000.0,1168724.2
175969,770000.0,755193.77
175970,4300.0,3739.2916666666665
175971,1175000.0,1320213.9866666666
175972,585000.0,586713.9633333334
175973,861000.0,854393.1233333333
175974,860000.0,868363.43
175975,452000.0,396387.34
175976,560000.0,718504.33
175977,1170000.0,925114.0911111112
175978,935000.0,794589.0166666667
175979,3750.0,3686.764444444445
175980,850000.0,821621.0066666667
175981,620000.0,762230.28
175982,580000.0,656416.3333333334
175983,1684000.0,1687903.51
175984,975000.0,976206.9033333333
175985,14500.0,14116.8844
175986,770000.0,716200.8703703703
175987,850000.0,882442.3633333333
175988,1316000.0,1296514.25
175989,710000.0,811066.5722222222
175990,1500000.0,1181515.5133333334
175991,1524000.0,1268986.5966666667
175992,360000.0,294718.8333333333
175993,1100000.0,1377414.2333333334
175994,4000.0,3823.0266666666666
175995,640000.0,661696.2
175996,1110000.0,1180763.6666666667
175997,1002550.0,1021680.6566666666
175998,3925000.0,3554626.95
175999,1150000.0,1152544.8333333333
176000,900000.0,1045422.0
176001,3200.0,2807.0516666666667
176002,1825000.0,1985865.4333333333
176003,775000.0,547443.8333333334
176004,925000.0,724733.1633333333
176005,1750000.0,1375756.0866666667
176006,1010000.0,715619.3333333334
176007,1170000.0,1541206.8233333332
176008,2950000.0,2265041.296666667
176009,730000.0,647643.9633333334
176010,345000.0,421810.28
176011,1140000.0,1202869.71
176012,1050000.0,1108783.48
176013,750000.0,761546.7166666667
176014,495000.0,488609.88
176015,590000.0,560077.9966666667
176016,418000.0,358201.5466666667
176017,875000.0,820673.9666666667
176018,395000.0,405603.38
176019,815000.0,880482.9966666667
176020,3200.0,3210.141666666667
176021,1081000.0,1082969.6
176022,415000.0,431561.13
176023,960000.0,887344.0833333334
176024,3500000.0,2274888.986666667
176025,1280000.0,1097635.6933333334
176026,3800.0,3648.3333333333335
176027,7000.0,10751.22
176028,1110000.0,1048622.2166666666
176029,360000.0,381107.66333333333
176030,4300000.0,3494108.0
176031,675000.0,610443.29
176032,725000.0,931932.4633333334
176033,1505000.0,1077023.0566666666
176034,207000.0,365847.1909999998
176035,749000.0,663404.7233333334
176036,1600000.0,1523545.8333333333
176037,659000.0,611037.7466666667
176038,4000.0,3644.406111111111
176039,2553.0,3920.9111984126985
176040,7500.0,5456.530555555555
176041,8795.0,9300.701666666668
176042,650000.0,781767.31
176043,649000.0,668608.45
176044,1100000.0,1093782.4966666666
176045,1000000.0,951181.99
176046,2335000.0,2297123.3333333335
176047,870000.0,920896.6666666666
176048,2110000.0,1988023.7366666666
176049,764000.0,791632.0
176050,1010000.0,916419.1166666667
176051,729000.0,709538.9333333333
176052,480000.0,429455.0
176053,760000.0,787322.4633333334
176054,1360000.0,1304073.3933333333
176055,2300000.0,1831021.29
176056,4400.0,4359.1466666666665
176057,1527000.0,1582920.3466666667
176058,575000.0,607836.37
176059,1330000.0,1211246.1533333333
176060,499900.0,436097.36666666664
176061,950000.0,1014031.0
176062,2573000.0,2460672.553333333
176063,2800000.0,2351170.6133333333
176064,335000.0,325829.6666666667
176065,3300.0,3096.887777777778
176066,6450.0,8773.15
176067,720000.0,711182.4133333333
176068,2305000.0,2218698.85
176069,2050000.0,2026636.2666666666
176070,195000.0,273538.6666666667
176071,2750.0,4599.234222222222
176072,2800.0,2647.1633333333334
176073,345000.0,322234.51666666666
176074,733000.0,723113.1633333333
176075,850000.0,978364.6666666666
176076,260000.0,305101.1533333333
176077,3500.0,3767.33
176078,1480000.0,1219761.6366666667
176079,505000.0,816134.1666666666
176080,6300.0,4870.424444444445
176081,510000.0,548982.8
176082,3300000.0,2890615.81
176083,718000.0,689827.2133333334
176084,1165000.0,1116276.6666666667
176085,865000.0,803975.5
176086,550000.0,567979.8266666667
176087,360000.0,316020.66333333333
176088,895000.0,805762.1666666666
176089,1400000.0,1345428.4733333334
176090,110000.0,95088.16666666667
176091,875000.0,771381.3333333334
176092,857000.0,842674.7
176093,795000.0,1345543.9403333345
176094,915000.0,870814.9
176095,560000.0,552897.6433333333
176096,430000.0,448357.81333333335
176097,980000.0,896374.0633333334
176098,322500.0,284913.3333333333
176099,1800.0,2001.7333333333333
176100,529950.0,597321.7833333333
176101,8000.0,7702.233333333334
176102,1265000.0,1015704.3333333334
176103,3100.0,2860.325
176104,840000.0,768004.6666666666
176105,741000.0,916163.2533333333
176106,415000.0,374660.0
176107,600000.0,543662.3533333334
176108,1250000.0,1155345.0266666666
176109,925000.0,858966.6666666666
176110,605000.0,709891.0
176111,700000.0,702175.0433333333
176112,940000.0,1065152.05
176113,960000.0,956545.6366666667
176114,673000.0,666837.3066666666
176115,598000.0,676186.6033333334
176116,725000.0,667166.74
176117,1665000.0,1414798.8833333333
176118,635000.0,571649.1833333333
176119,775000.0,742493.1666666666
176120,310000.0,400026.7222222223
176121,6410000.0,2829964.1666666665
176122,1305000.0,1116092.4333333333
176123,2002888.0,1877420.1833333333
176124,3500.0,5993.3133333333335
176125,785000.0,727839.8333333334
176126,665000.0,709084.36
176127,4200.0,4089.558888888889
176128,2500.0,4517.435
176129,1480000.0,1559237.115888889
176130,15167902.0,4558400.54
176131,527000.0,471971.3566666667
176132,2295.0,2421.2944444444447
176133,1440000.0,1454607.5766666667
176134,1287500.0,1573349.0633333332
176135,1625000.0,1523642.6366666667
176136,645000.0,621225.16
176137,955000.0,856881.9466666667
176138,2455000.0,2411815.1566666667
176139,1365000.0,1108246.97
176140,715000.0,676390.0
176141,983028.0,1031633.8966666666
176142,3000.0,209340.82222222222
176143,3300.0,3628.8966666666665
176144,900000.0,1089390.5711111112
176145,2600.0,2687.045555555556
176146,1320000.0,1312954.2733333334
176147,1310000.0,1065725.3066666666
176148,500000.0,398454.8333333333
176149,592000.0,543211.6666666666
176150,1100000.0,941384.89
176151,1925000.0,1942134.8866666667
176152,4650.0,4246.935555555555
176153,3700.0,3389.03
176154,440000.0,420652.33
176155,615400.0,603373.0193333334
176156,1649000.0,1844847.9311111108
176157,828800.0,783073.9266666666
176158,350000.0,517701.19333333336
176159,3600000.0,3078984.6
176160,1210000.0,1241153.1166666667
176161,2530000.0,2331122.6533333333
176162,3200.0,3721.056666666667
176163,615000.0,560678.218888889
176164,3100.0,3085.3333333333335
176165,1365000.0,1177288.89
176166,850000.0,843526.6266666667
176167,1430000.0,1305277.5866666667
176168,999000.0,835375.42
176169,3500.0,3765.06
176170,1287500.0,1099090.8966666667
176171,975000.0,825000.4733333334
176172,5150.0,5163.196666666667
176173,885000.0,940879.1466666666
176174,940000.0,844737.12
176175,2900.0,2986.93
176176,519000.0,501204.25666666665
176177,680000.0,710918.1166666667
176178,1360000.0,1453427.8333333333
176179,6000.0,5497.754444444444
176180,850000.0,1089987.2166666666
176181,938000.0,862944.75
176182,1400000.0,1349529.6333333333
176183,520000.0,512186.7266666667
176184,1450000.0,1925724.6466666667
176185,845000.0,839471.77
176186,345000.0,371865.3466666667
176187,820000.0,819212.0633333334
176188,997000.0,1105421.85
176189,460000.0,382485.906
176190,555000.0,590057.6633333333
176191,850000.0,1202554.6233333333
176192,692500.0,730508.42
176193,2993850.0,2249033.2197333337
176194,2975.0,3076.98
176195,630000.0,649163.3133333334
176196,1160000.0,1115167.97
176197,1005000.0,813788.5333333333
176198,682000.0,691439.6666666666
176199,493000.0,432948.99333333335
176200,700000.0,744885.0
176201,170000.0,216354.0
176202,1575000.0,1695044.7377777777
176203,1215000.0,1040403.2833333333
176204,905000.0,1161046.7433333334
176205,2265000.0,1994473.0433333332
176206,780000.0,758303.93
176207,5000000.0,4297292.48
176208,3250000.0,3040656.68
176209,2400000.0,2307534.696666667
176210,1200.0,1784.2313888888887
176211,1040000.0,1086937.6666666667
176212,605000.0,631938.6666666666
176213,900000.0,817092.2833333333
176214,3375000.0,2501666.256666667
176215,610000.0,733724.6666666666
176216,980000.0,980276.5466666666
176217,9500.0,8328.713333333333
176218,1750000.0,1596047.01
176219,1520000.0,1257979.3
176220,5295.0,5434.851111111111
176221,1775000.0,1396643.3108333333
176222,565000.0,564554.0466666666
176223,900000.0,763593.3333333334
176224,925000.0,739702.0
176225,1255000.0,1171389.03
176226,815000.0,790764.4
176227,5000.0,5074.463333333333
176228,2000000.0,1633555.4233333333
176229,2109000.0,2451683.526666667
176230,2100000.0,2166486.9296
176231,3750.0,3914.146719576718
176232,1750000.0,1372401.0266666666
176233,6000.0,5301.1
176234,1301500.0,1388660.2666666666
176235,535000.0,533484.2166666667
176236,984800.0,974283.3611111112
176237,4450.0,4824.143333333333
176238,1250000.0,1022675.7933333333
176239,1275000.0,1086993.3333333333
176240,557200.0,508397.4432666667
176241,2100.0,2291.0938888888886
176242,590000.0,632439.6533333333
176243,1725000.0,1689749.05
176244,2180000.0,2792610.0833333335
176245,1030000.0,863232.6666666666
176246,2095000.0,1911186.92
176247,980000.0,878905.6666666666
176248,525000.0,561323.6633333333
176249,842500.0,754826.7533333333
176250,1625000.0,1314356.1855555556
176251,1440000.0,1368155.9266666668
176252,800000.0,849950.2933333333
176253,1275000.0,1562982.4866666666
176254,995000.0,1000449.1466666666
176255,589000.0,538153.9966666667
176256,2200000.0,2129534.2933333335
176257,1100000.0,1044451.04
176258,2900.0,3127.5633333333335
176259,3400.0,3248.05
176260,1075000.0,1033921.84
176261,435000.0,442970.32
176262,4300.0,4997.64
176263,3995.0,3661.335555555555
176264,520000.0,617373.9166666666
176265,725000.0,1701708.9566666668
176266,2888000.0,2904362.6933333334
176267,1175000.0,1013733.0388888888
176268,1170000.0,1181739.2333333334
176269,525000.0,540088.4866666667
176270,1275000.0,1213346.8033333332
176271,1165000.0,1091086.6666666667
176272,3295.0,3394.2833333333333
176273,6200.0,5841.722222222222
176274,2850000.0,2680410.216666667
176275,612000.0,579110.77
176276,327200.0,309360.92
176277,13650000.0,4438989.473333334
176278,1797500.0,1829380.0366666666
176279,1085000.0,1278426.3533333333
176280,1219000.0,1181625.38
176281,15500.0,11661.401666666667
176282,1150000.0,985662.83
176283,2150000.0,1873320.9133333333
176284,1285000.0,1286621.3081333332
176285,1030000.0,1030225.6666666666
176286,535000.0,452304.45
176287,810000.0,976080.1033333334
176288,4250000.0,3835381.894444445
176289,960000.0,1072091.32
176290,1180000.0,1135078.5266666666
176291,1868000.0,1807810.5566666666
176292,1800.0,3030.2033333333334
176293,4292500.0,3381040.6633333336
176294,1299900.0,1451415.67
176295,3850.0,4301.246666666667
176296,878000.0,913632.93
176297,1250.0,1653.65
176298,1525000.0,1489011.0533333332
176299,2100000.0,1662636.8966666667
176300,1175000.0,1137651.2916666667
176301,1550000.0,1643867.57
176302,508900.0,514498.7133333333
176303,735000.0,719180.1666666666
176304,719000.0,711489.9833333333
176305,1160000.0,1055981.7066666668
176306,5650.0,5553.216666666666
176307,2550.0,2546.484722222222
176308,1300000.0,1060886.86
176309,645000.0,660788.8933333333
176310,2100000.0,2122379.5933333333
176311,1575000.0,1360433.3233333332
176312,976000.0,969204.15
176313,870000.0,955802.7455555554
176314,378000.0,393633.8333333333
176315,645000.0,441966.84
176316,893000.0,764579.8066666666
176317,1150000.0,1269637.4511111113
176318,850000.0,841190.3666666667
176319,10000.0,5174.755277777777
176320,815000.0,770191.6666666666
176321,1040000.0,854005.8266666667
176322,1010000.0,1055984.4166666667
176323,1132000.0,1033158.67
176324,1450.0,2105.5985333333333
176325,1010000.0,981555.2166666667
176326,335000.0,453651.3
176327,540000.0,531497.5166666667
176328,6000.0,4845.702766666666
176329,950000.0,920430.31
176330,1750000.0,1400890.1966666668
176331,852000.0,860353.4266666666
176332,1812500.0,1979345.0033333334
176333,3000.0,3626.5266666666666
176334,1350000.0,1198959.1533333333
176335,780000.0,807088.9266666666
176336,726000.0,722770.4666666667
176337,1475000.0,2176394.516633333
176338,3500.0,3415.882777777778
176339,860000.0,874388.43
176340,1850.0,1986.0
176341,725000.0,706452.9966666667
176342,1160000.0,1117898.95
176343,960000.0,925200.8333333334
176344,635000.0,626931.66
176345,995000.0,938173.3333333334
176346,1249000.0,1897304.819133333
176347,1080000.0,1113557.2759999998
176348,1899900.0,1497615.9
176349,4200000.0,3990956.55
176350,724900.0,768887.2466666667
176351,790000.0,824663.9166666666
176352,1475.0,2140.44
176353,2900.0,2862.087777777778
176354,980000.0,1100670.3333333333
176355,3800.0,3485.162222222222
176356,1450000.0,1949168.2333333334
176357,2250000.0,2336273.36
176358,3950.0,3737.284444444444
176359,609900.0,640949.16
176360,1150000.0,1052057.0333333334
176361,880000.0,854698.6633333333
176362,2400000.0,1663705.2433333334
176363,3800.0,4293.546666666667
176364,625000.0,635989.3933333333
176365,1600.0,1847.5087037037038
176366,760000.0,807527.2433333333
176367,455000.0,445626.16
176368,1695.0,1962.140555555556
176369,765000.0,744655.1066666667
176370,2610000.0,2537654.4066666667
176371,967500.0,957117.8333333334
176372,725000.0,692174.6666666666
176373,517000.0,540619.2666666667
176374,410000.0,399891.43333333335
176375,790000.0,713802.1166666667
176376,975000.0,1042660.8
176377,1110000.0,1203883.5433333332
176378,4900.0,5579.616666666667
176379,1125000.0,1471214.24
176380,1215000.0,1035848.75
176381,825000.0,779227.0666666667
176382,1130000.0,945011.09
176383,690000.0,607507.1333333333
176384,850000.0,866101.75
176385,1900000.0,1479405.5
176386,1050000.0,963381.25
176387,580000.0,554645.75
176388,2910000.0,2440823.85
176389,5000.0,4768.09888888889
176390,695000.0,717389.9266666666
176391,950000.0,868336.6633333333
176392,699000.0,676158.34
176393,1129000.0,1104368.1033333333
176394,1600000.0,1404510.48
176395,1699999.0,1650811.485466667
176396,977500.0,920979.04
176397,3900.0,4398.83
176398,1550000.0,1677021.0
176399,630000.0,646866.6666666666
176400,776000.0,831611.0833333334
176401,1468888.0,1238086.1733333333
176402,1300.0,1746.9566666666667
176403,610000.0,697164.59
176404,970000.0,993078.1166666667
176405,370000.0,395911.80666666664
176406,615000.0,623016.1222222223
176407,890000.0,873312.6888888889
176408,780000.0,875184.9833333333
176409,780000.0,697362.8133333334
176410,5150.0,4350.799722222222
176411,2170000.0,2089910.1
176412,800000.0,732030.6666666666
176413,970000.0,1180999.798888889
176414,690000.0,780792.6466666666
176415,648000.0,790804.2366666667
176416,704900.0,512339.88333333336
176417,150000.0,194739.33
176418,940000.0,931250.3166666667
176419,3600.0,3530.0716666666667
176420,632000.0,565964.4544444444
176421,780000.0,754195.7365333333
176422,440000.0,428661.9
176423,1349000.0,763792.5
176424,685500.0,689038.3333333334
176425,2100000.0,1980101.48
176426,785000.0,874736.91
176427,845000.0,784909.8333333334
176428,735000.0,758914.6333333333
176429,1688000.0,1360161.0
176430,430000.0,414498.70666666667
176431,1629000.0,1536871.5333333334
176432,3150000.0,2261638.506666667
176433,1800000.0,1630670.1066666667
176434,640000.0,611079.2966666666
176435,1280000.0,1164508.9766666666
176436,800000.0,811374.2744444443
176437,348000.0,385491.62666666665
176438,1260888.0,1435171.3333333333
176439,5200.0,5104.756666666667
176440,1420000.0,1263434.7933333332
176441,750000.0,771668.638888889
176442,410000.0,415367.3888888889
176443,1235000.0,1096882.2533333334
176444,885000.0,805904.87
176445,2995.0,2955.59
176446,1825000.0,984439.51
176447,810000.0,786932.8766666667
176448,1398000.0,1224287.8300000003
176449,550000.0,575049.1666666666
176450,650000.0,468102.98333333334
176451,325000.0,346877.3
176452,660000.0,608073.3533333334
176453,1399900.0,1247873.5366666666
176454,300000.0,275360.96
176455,1160000.0,1136983.41
176456,1350000.0,1499471.1333333333
176457,775000.0,755862.9333333333
176458,975000.0,938892.3133333334
176459,840000.0,902247.5
176460,365000.0,368430.7166666667
176461,5300.0,5044.433333333333
176462,840000.0,773780.0
176463,900000.0,944928.1866666666
176464,2330000.0,2701606.7733333334
176465,660000.0,636782.4022222223
176466,890000.0,842015.2533333333
176467,1353000.0,1146351.3066666666
176468,1200000.0,1081223.0222222223
176469,543000.0,530443.5711111111
176470,1900000.0,1716638.8466666667
176471,3400.0,2996.3533333333335
176472,450000.0,480455.83
176473,2900.0,6787.897777777777
176474,1166000.0,1301132.2666666666
176475,2195.0,2109.2722222222224
176476,864999.0,842029.1
176477,1257000.0,1377792.4533333334
176478,652000.0,619135.2733333333
176479,2060000.0,1893381.5
176480,1350000.0,1229972.3966666667
176481,1085000.0,1128658.8333333333
176482,1595000.0,1504863.15
176483,2200000.0,2187605.8866666667
176484,1620000.0,1494965.3866666667
176485,1175000.0,1139429.6333333333
176486,5500.0,5037.343333333333
176487,4750.0,4212.306666666666
176488,2925000.0,1762779.6390666666
176489,4200.0,4066.866666666667
176490,901000.0,872886.8166666667
176491,4500.0,4821.116666666667
176492,1470000.0,1496327.8333333333
176493,752000.0,802636.6
176494,3370000.0,3189941.6333333333
176495,274355.0,255489.0
176496,750000.0,805353.6666666666
176497,3600.0,4020.516666666667
176498,799000.0,696037.9966666667
176499,5200.0,5520.516666666666
176500,1725000.0,1776751.9315666668
176501,4500.0,5603.656666666667
176502,620000.0,591333.3944444443
176503,2350000.0,1778269.4066666667
176504,1348000.0,1216857.5466666666
176505,525000.0,614189.23
176506,1240000.0,947334.2933333333
176507,535000.0,539215.2633333333
176508,1120000.0,1422988.05
176509,815000.0,819486.25
176510,1100000.0,1191857.0833333333
176511,950000.0,1043173.7888888889
176512,685000.0,660270.54
176513,920000.0,903736.6333333333
176514,1529800.0,1361905.0
176515,7100.0,7005.15
176516,6950.0,6256.158333333334
176517,590000.0,645615.5766666667
176518,880000.0,875506.0
176519,899000.0,905248.2933333333
176520,190000.0,238805.69666666666
176521,1750.0,2038.8966666666668
176522,8000.0,10215.043333333333
176523,1055000.0,998556.5
176524,1095000.0,1231560.6666666667
176525,4950.0,5123.17380952381
176526,605000.0,630298.3366666667
176527,1275000.0,1102652.96
176528,1820000.0,1918455.8166666667
176529,425000.0,410013.0366666667
176530,829900.0,841787.6266666667
176531,1346000.0,1205141.2766666666
176532,670000.0,697271.5333333333
176533,941000.0,895137.3733333333
176534,794000.0,790216.6166666667
176535,520000.0,533563.3566666667
176536,2270000.0,2040170.6233333333
176537,980000.0,1012847.0533333333
176538,6800.0,5016.583333333333
176539,545000.0,519044.75
176540,775000.0,725873.3333333334
176541,1905000.0,1821864.3833333333
176542,800000.0,836432.3333333334
176543,700000.0,646654.0066666667
176544,975000.0,979463.0
176545,4612350.0,4282750.0
176546,655000.0,551177.9
176547,1240000.0,1403126.6666666667
176548,3600.0,19536.533633333333
176549,590000.0,550087.12
176550,1380000.0,1318153.5833333333
176551,385000.0,337733.3333333333
176552,600000.0,697086.6666666666
176553,3390.0,3328.92
176554,1956000.0,1947752.7766666666
176555,2050000.0,1981155.0831333336
176556,4700.0,6060.23
176557,960000.0,911789.6833333333
176558,540000.0,602464.0
176559,900000.0,794844.9566666667
176560,1460000.0,1294122.1033333333
176561,2415000.0,2115378.7333333334
176562,1004000.0,885426.1666666666
176563,2900.0,3125.455
176564,1249000.0,1229297.0933333333
176565,870000.0,1058229.33
176566,5500.0,5570.4
176567,645000.0,583114.1533333333
176568,3650.0,3355.710952380952
176569,2885000.0,2501888.9266666668
176570,3500.0,3114.4
176571,515000.0,521929.62666666665
176572,2590000.0,2222820.303333333
176573,1260000.0,983002.9333333333
176574,1750000.0,1538567.96
176575,2050000.0,2060637.96
176576,1050000.0,1026566.8966666666
176577,610000.0,577114.6666666666
176578,1660000.0,1478725.0
176579,545000.0,547609.08
176580,4950.0,6308.39
176581,3800.0,3423.4166666666665
176582,1175000.0,1078194.33
176583,2350.0,2329.9366666666665
176584,1081749.0,1081743.9716666667
176585,1325000.0,1280461.7566666666
176586,430000.0,421697.3044444445
176587,660000.0,689279.48
176588,5200.0,4983.666666666667
176589,2900.0,2989.7988888888885
176590,1400000.0,1375518.3133333332
176591,2550.0,2458.983333333333
176592,985000.0,882910.3
176593,2225000.0,1924685.1133333333
176594,165000.0,376863.5366666667
176595,300000.0,328979.00666666665
176596,3680000.0,2798033.2333333334
176597,1325000.0,1584660.5066666666
176598,6000.0,6902.566666666667
176599,1100.0,3503.2633333333333
176600,685000.0,782718.1
176601,665000.0,717483.5833333334
176602,545800.0,569657.2533333333
176603,880000.0,961010.5066666667
176604,830000.0,877391.99
176605,4550000.0,3593835.1333333333
176606,763000.0,817642.8866666667
176607,1340000.0,1051358.6166666667
176608,4300.0,4158.403333333334
176609,801000.0,903383.9966666667
176610,3500.0,3697.25
176611,5500.0,5282.633333333333
176612,2600000.0,1761466.7233333334
176613,995000.0,1457718.7566666666
176614,535000.0,456275.73333333334
176615,790000.0,758491.1666666666
176616,605000.0,745412.6333333333
176617,4500.0,4299.775
176618,678000.0,733447.1666666666
176619,990000.0,984072.5766666667
176620,4000.0,3601.9466666666667
176621,640000.0,544167.3333333334
176622,1530000.0,2039265.8766666667
176623,871000.0,1035700.82
176624,419500.0,517014.0366666667
176625,1600000.0,1430332.36
176626,499000.0,546157.0833333334
176627,956000.0,996567.5033333333
176628,3300.0,4468.026666666667
176629,1590000.0,1625395.0866666667
176630,785000.0,736805.8533333334
176631,795000.0,904171.89
176632,1650.0,2025.1997222222221
176633,2750000.0,2500742.4166666665
176634,4350.0,486303.58
176635,400000.0,678460.8333333334
176636,850000.0,872327.5866666667
176637,960000.0,849385.0
176638,999999.0,1115295.5766666667
176639,1305000.0,1160829.1666666667
176640,1200000.0,1152249.33
176641,1235000.0,1200420.9166666667
176642,745000.0,762456.4855555557
176643,836000.0,848633.5166666667
176644,492000.0,510127.87666666665
176645,995000.0,965093.3333333334
176646,975000.0,1236370.1566666667
176647,900000.0,1166602.1133333333
176648,339000.0,455935.2233333333
176649,1335000.0,1139844.9533333334
176650,1210000.0,1377210.2733333334
176651,510000.0,517360.3982539683
176652,570000.0,495781.6666666667
176653,2050000.0,2438673.12
176654,891000.0,907340.0
176655,1825000.0,1674239.3233333332
176656,1215400.0,1201013.7966666666
176657,760000.0,864224.8666666667
176658,507500.0,506835.82666666666
176659,1410000.0,1364950.7666666666
176660,1060000.0,1114962.94
176661,1724440.0,1576121.3883333334
176662,4500.0,7629.126666666667
176663,1100000.0,1111761.3766666667
176664,2600.0,2329.1833333333334
176665,1120000.0,966355.3166666667
176666,2269000.0,1960046.6866666668
176667,4365000.0,2524453.0588888894
176668,650000.0,651420.92
176669,6775000.0,4194892.75
176670,7300.0,6052.066666666667
176671,970000.0,1025402.42
176672,938000.0,867403.83
176673,4700.0,4844.973333333333
176674,5500.0,5967.763333333333
176675,4500.0,160072.17
176676,945000.0,984644.5366666666
176677,2660000.0,2366375.513333333
176678,850000.0,920261.6666666666
176679,3750.0,3383.4011111111113
176680,875000.0,864128.8166666667
176681,1200000.0,1332424.66
176682,1300000.0,1822611.48
176683,1218000.0,1117735.9333333333
176684,1360000.0,1563768.6533333333
176685,2950.0,3686.7266666666665
176686,144000.0,159967.0
176687,675000.0,612078.3333333334
176688,8995.0,7032.138888888889
176689,1870000.0,1448462.1666666667
176690,1330000.0,1542242.0366666666
176691,400000.0,532971.2533333333
176692,3500.0,3579.6433333333334
176693,975000.0,944160.1666666666
176694,1100000.0,1071328.6933333334
176695,869000.0,964444.2833333333
176696,2171500.0,2061887.4666666666
176697,890000.0,953763.8333333334
176698,1159795.0,1026162.0466666666
176699,3613500.0,4083000.65
176700,685000.0,669595.0
176701,3350000.0,2869922.45
176702,5800.0,4968.9
176703,4900.0,4935.866666666667
176704,3310000.0,3659195.4233333333
176705,1045000.0,929193.42
176706,560000.0,522546.33
176707,865000.0,790446.1466666666
176708,3134000.0,2618185.7891666666
176709,582000.0,565792.47
176710,955500.0,969169.1533333333
176711,4100.0,4122.216666666666
176712,740000.0,688334.6666666666
176713,1275000.0,1256919.5166666666
176714,1020000.0,1014278.4966666667
176715,750000.0,756227.3233333334
176716,745000.0,755719.3166666667
176717,425000.0,439303.76
176718,2800.0,2840.653333333333
176719,630000.0,779321.7633333333
176720,2750.0,3741.0322222222226
176721,811888.0,954636.1833333333
176722,735000.0,719924.8666666667
176723,2875000.0,2472758.6666666665
176724,4675.0,3993.2388888888886
176725,1825000.0,2181031.506666667
176726,1636225.0,1755832.9933333334
176727,980000.0,1070699.7833333334
176728,425000.0,406910.2133333333
176729,1075000.0,1340093.1
176730,330000.0,305008.0
176731,900000.0,1000993.5733333334
176732,1691000.0,1425929.5033333334
176733,955000.0,901937.9733333334
176734,2350000.0,1160255.2133333334
176735,5251.0,4969.1
176736,2875000.0,2940008.34
176737,842000.0,864179.2466666667
176738,1710000.0,1761290.2933333332
176739,1750.0,2155.2844444444445
176740,1150000.0,1141832.6633333333
176741,1210000.0,1126883.0
176742,2950.0,2863.596666666667
176743,400000.0,356748.71
176744,1800000.0,1399626.0933333333
176745,1640000.0,1567993.0
176746,625000.0,596153.4411111111
176747,845000.0,925414.33
176748,3500.0,3358.1
176749,3400.0,3212.4
176750,720000.0,645304.5333333333
176751,1500000.0,1599115.2233333334
176752,925000.0,846085.9
176753,960000.0,762232.4833333333
176754,2725.0,2752.982777777778
176755,1225000.0,1338695.1533333333
176756,1001000.0,1030615.9733333334
176757,2225000.0,1719181.6
176758,399000.0,351681.4444444445
176759,750000.0,830514.2933333333
176760,1160000.0,1397031.3733333333
176761,555000.0,733651.2866666666
176762,3480.0,4490.257777777778
176763,1800000.0,1307247.4566666668
176764,1980000.0,2145361.68
176765,460000.0,567116.99
176766,539950.0,526089.5488888889
176767,1100000.0,944134.41
176768,1570000.0,1408598.7168333335
176769,2240000.0,2174623.506666667
176770,4100000.0,3766722.1466666665
176771,927000.0,764032.8333333334
176772,565000.0,717190.7466666667
176773,960000.0,812932.6666666666
176774,620000.0,584685.53
176775,750000.0,715928.6766666666
176776,1600000.0,1560735.8333333333
176777,6500.0,6705.1
176778,1172000.0,1032160.0
176779,1530000.0,1098210.6666666667
176780,940000.0,774478.3333333334
176781,2350.0,2030.331851851852
176782,1100000.0,833652.6
176783,1715000.0,1853337.6266666667
176784,1950.0,2161.2694444444446
176785,13988800.0,4733597.12
176786,1545000.0,1528534.5033333334
176787,650000.0,590928.2833333333
176788,777000.0,758605.4766666667
176789,2270200.0,1995036.8733333333
176790,1220000.0,1425318.5066666666
176791,5200.0,4643.238333333334
176792,875000.0,1088399.6833333333
176793,931000.0,837082.3233333334
176794,1900.0,2199.7269047619047
176795,600000.0,665091.4433333334
176796,1670000.0,1694564.85
176797,2050000.0,2085177.85
176798,590000.0,522294.41
176799,1280000.0,1366207.9333333333
176800,3700000.0,2380341.1
176801,572000.0,527596.22
176802,785000.0,805049.7333333333
176803,2613500.0,2262778.46
176804,2280000.0,2125402.3666666667
176805,1225000.0,1174739.35
176806,1360000.0,1139237.8733333333
176807,3200.0,2224.5212962962964
176808,780000.0,814108.0
176809,460000.0,445143.2833333333
176810,1650000.0,1114612.6633333333
176811,490000.0,486788.9633333333
176812,2096666.0,2236841.8133333335
176813,25440.0,20714.705555555553
176814,875000.0,803774.59
176815,975000.0,941220.0166666667
176816,1425000.0,1268952.3033333332
176817,199000.0,348205.6577777778
176818,6900.0,5701.805555555555
176819,535000.0,826463.1233333333
176820,2222500.0,1888711.96
176821,522000.0,567341.6666666666
176822,525000.0,535769.3333333334
176823,630000.0,564149.6666666666
176824,1210000.0,854230.6933333334
176825,740000.0,774485.5666666667
176826,925000.0,845308.9966666667
176827,850000.0,989556.9355555556
176828,1430000.0,1199148.9219999998
176829,825000.0,989810.5866666667
176830,1080000.0,1082717.2733333334
176831,740000.0,734253.76
176832,2800.0,2575.9844444444443
176833,2950.0,2591.025
176834,1430000.0,1363683.5
176835,1229516.0,1267471.3333333333
176836,770000.0,816855.58
176837,5250.0,5299.683333333333
176838,10500.0,8711.686666666666
176839,580000.0,508314.2
176840,4200.0,4495.413333333333
176841,1088000.0,1091736.6666666667
176842,3000.0,3453.75
176843,725000.0,725543.61
176844,1340000.0,1083933.7933333332
176845,3600.0,3762.5888888888885
176846,17500.0,24341.14888888889
176847,875000.0,976273.7633333333
176848,1210000.0,1384513.4733333334
176849,1500.0,1774.4798492063492
176850,2020000.0,1832622.56
176851,1850000.0,1589859.82
176852,1288000.0,1220178.9166666667
176853,1165000.0,1155015.6266666667
176854,8000.0,9236.944444444443
176855,625000.0,619280.9666666667
176856,1325000.0,1484985.6625
176857,1400000.0,1399448.0
176858,2700.0,2701.0333333333333
176859,800000.0,824368.5899999999
176860,6000.0,5284.613333333334
176861,615000.0,562804.7633333333
176862,2100000.0,2629052.053333333
176863,2800.0,2712.4028809523807
176864,1339000.0,1265858.32
176865,600000.0,631144.21
176866,560000.0,544358.9333333333
176867,1850000.0,1801908.2466666666
176868,683000.0,666920.8185714285
176869,988000.0,867367.1666666666
176870,750000.0,787696.79
176871,415000.0,443406.6666666667
176872,4495.0,4497.4
176873,4500.0,4359.255
176874,1040000.0,940292.0
176875,640000.0,651409.68
176876,490000.0,555780.3166666667
176877,309000.0,296157.33
176878,750000.0,700041.6666666666
176879,2250000.0,2803811.7733333334
176880,3500.0,3999.83
176881,750000.0,683238.1688888889
176882,1150000.0,1263002.1333333333
176883,3500000.0,2747705.1566666667
176884,880000.0,874176.02
176885,353000.0,355477.49666666664
176886,410000.0,827825.0
176887,2700000.0,2296131.303333333
176888,455000.0,430390.28
176889,725000.0,587496.38
176890,3945.0,2961.592222222222
176891,905000.0,863513.6633333333
176892,575000.0,584081.3077777777
176893,1715000.0,1989208.5
176894,1200000.0,1255814.8933333333
176895,985000.0,672189.7333333333
176896,1300000.0,1256592.2222222222
176897,906000.0,914506.6688888889
176898,1195.0,4123.07
176899,876000.0,1014883.3
176900,728000.0,709639.14
176901,675000.0,687391.63
176902,4200.0,4845.966666666666
176903,640000.0,638241.2933333333
176904,310000.0,404040.81666666665
176905,3395.0,3661.5833333333335
176906,1900000.0,2001804.1133333333
176907,425000.0,442262.6544444444
176908,2120000.0,1822660.0
176909,2000000.0,2732900.196666667
176910,1100000.0,911155.6966666667
176911,1650000.0,1441387.8333333333
176912,750000.0,748695.9966666667
176913,675000.0,885097.0833333334
176914,1265000.0,1115518.880634921
176915,570000.0,592651.76
176916,1545000.0,1087383.4066666667
176917,6400.0,6896.633333333333
176918,1660000.0,1784870.85
176919,938000.0,384327.30888888886
176920,243000.0,289945.88
176921,750000.0,754203.3333333334
176922,575000.0,609423.0266666666
176923,1405000.0,1721359.0166666666
176924,1018000.0,882106.4166666666
176925,795000.0,793491.5933333334
176926,1800000.0,2068840.6266666667
176927,1220000.0,1125867.5166666666
176928,3400.0,586398.0
176929,1500.0,2024.0611111111111
176930,925000.0,871775.6166666667
176931,399000.0,434931.06
176932,3300.0,3148.9133333333334
176933,830000.0,812731.9733333334
176934,1920000.0,1273651.0233333334
176935,5610.0,5444.682111111111
176936,541500.0,504019.94666666666
176937,800000.0,774405.5
176938,5385000.0,2161942.9133333336
176939,1335000.0,1180715.45
176940,540000.0,518595.5499999999
176941,799000.0,781521.3466666667
176942,550000.0,546796.28
176943,2849000.0,2075642.3233333332
176944,1510000.0,995624.4066666666
176945,660000.0,701095.6666666666
176946,930000.0,1018875.25
176947,3300000.0,2571548.6233333335
176948,2500.0,2375.8708333333334
176949,6000.0,5363.61
176950,1090000.0,1124886.5033333334
176951,4750.0,4104.7844444444445
176952,2400000.0,2062508.8633333333
176953,800000.0,790789.53
176954,3675000.0,2871355.8944444447
176955,1615000.0,1547552.2933333332
176956,1630000.0,1702263.6666666667
176957,840000.0,700442.4466666667
176958,765000.0,781713.4833333333
176959,875000.0,910102.3633333333
176960,925000.0,913791.3333333334
176961,529000.0,484468.74
176962,930000.0,922731.8233333334
176963,640000.0,668136.3333333334
176964,1750000.0,1968654.0351666666
176965,1025000.0,1239653.88
176966,725000.0,697345.31
176967,375000.0,340133.4766666667
176968,2390.0,2449.99
176969,1400000.0,953583.7466666667
176970,1330000.0,1223019.3333333333
176971,1000000.0,1278360.9733333334
176972,5150.0,4898.883333333333
176973,1000000.0,1374981.2733333334
176974,2995.0,2944.4211111111113
176975,860000.0,1044993.2166666667
176976,135000.0,320978.72866666666
176977,675000.0,1031170.9266666666
176978,4500.0,4435.876666666667
176979,1295000.0,1207669.4433333334
176980,3300000.0,2377727.7066666665
176981,2150000.0,2566477.29
176982,1525000.0,1570038.2722222223
176983,543000.0,510507.6066666667
176984,9000.0,7169.066666666667
176985,5400.0,4538.219444444444
176986,1550000.0,1542182.9866666666
176987,2000.0,2026.48
176988,3995.0,4201.723333333333
176989,625000.0,641921.8166666667
176990,460000.0,497542.9633333333
176991,1702000.0,1675697.1566666667
176992,2995000.0,2620877.243333333
176993,866000.0,911557.99
176994,750000.0,1014547.7766666666
176995,1150000.0,1441302.5166666666
176996,439000.0,482882.2033333333
176997,1560000.0,1578559.9
176998,1250000.0,1227915.5133333334
176999,1458888.0,1089332.5822222221
177000,708000.0,747661.0
177001,1000000.0,1120522.67
177002,3500000.0,3209506.33
177003,1750000.0,1557936.9733333334
177004,2395.0,2823.266666666667
177005,3800.0,4025.4666666666667
177006,2675000.0,2855245.8766666665
177007,1600000.0,1602745.4166666667
177008,2250000.0,1741143.4033333333
177009,790000.0,706496.6533333333
177010,635000.0,720982.26
177011,1450000.0,1487064.4033333333
177012,1995.0,2000.0933333333332
177013,6959.0,7054.668333333333
177014,725000.0,633442.3333333334
177015,11000.0,7247.582222222223
177016,1850.0,1880.552
177017,2650.0,2520.8861111111114
177018,3053500.0,3110669.5433333335
177019,2725.0,2849.4533333333334
177020,1200000.0,1182776.2266666666
177021,900000.0,860372.7166666667
177022,1800.0,1795.7722222222226
177023,1088000.0,1084482.46
177024,800000.0,764442.05
177025,1825000.0,2007531.5895
177026,1800000.0,1668111.5866666667
177027,1650000.0,1693350.4566666668
177028,1000000.0,1098366.4
177029,620000.0,635332.6366666667
177030,770000.0,722684.1166666667
177031,1483988.0,1531451.95
177032,355000.0,477830.58666666667
177033,420000.0,383015.26666666666
177034,3600000.0,3086657.8433333333
177035,987000.0,465991.64
177036,7750000.0,4599618.863333333
177037,1650000.0,2148879.1666666665
177038,1375000.0,1122938.0
177039,3750.0,3492.23
177040,600000.0,557536.03
177041,2880000.0,2164638.82
177042,760000.0,756324.2133333334
177043,390000.0,334093.31
177044,830000.0,915686.6666666666
177045,8000.0,9303.773333333333
177046,8250.0,10473.66
177047,565000.0,576910.1133333333
177048,940000.0,807686.6833333333
177049,830000.0,886531.3366666667
177050,491000.0,511958.12
177051,4800.0,5129.535533333334
177052,1935000.0,1861872.9966666666
177053,775000.0,748132.5833333334
177054,1985000.0,1822858.6033333333
177055,1460000.0,1385687.5766666667
177056,1835000.0,1728551.7266666666
177057,475000.0,459675.1666666667
177058,944926.0,1080576.3266666667
177059,1040000.0,1059081.98
177060,1630000.0,1785109.55
177061,453000.0,430227.3333333333
177062,995000.0,1044455.5733333334
177063,2237500.0,1688887.8333333333
177064,630000.0,594941.8633333333
177065,470000.0,478531.57666666666
177066,340000.0,385745.744
177067,446000.0,317178.5833333333
177068,995000.0,927723.6666666666
177069,855000.0,795808.5333333333
177070,1130000.0,1206513.3333333333
177071,950000.0,1137061.6666666667
177072,585000.0,565708.8433333334
177073,499999.0,919620.04
177074,5050.0,16976.32666666667
177075,1100000.0,1008453.0633333334
177076,650000.0,516596.4033333333
177077,728000.0,808402.6666666666
177078,833300.0,798221.3266666667
177079,549990.0,544032.4866666667
177080,860000.0,880540.0633333334
177081,4300.0,4792.605555555556
177082,565000.0,529072.83
177083,1190000.0,1061084.6666666667
177084,730000.0,635507.03
177085,300000.0,347127.46
177086,2350000.0,2041149.06
177087,235000.0,255147.85
177088,1105000.0,994505.4333333333
177089,1310000.0,1263291.3433333333
177090,515000.0,558375.4933333333
177091,5650.0,5293.956666666667
177092,3950.0,4300.7477777777785
177093,3950.0,3864.701666666667
177094,1288888.0,931638.7278000001
177095,560000.0,549015.12
177096,535000.0,401668.96
177097,2295.0,2444.4333333333334
177098,1200000.0,1175439.35
177099,700000.0,691117.4333333333
177100,1000000.0,1043494.6533333333
177101,660000.0,614463.8
177102,1470000.0,1350151.0
177103,820000.0,890535.4166666666
177104,2567890.0,2692831.6666666665
177105,950000.0,790896.96
177106,801000.0,758211.5866666667
177107,545000.0,556388.6666666666
177108,1590000.0,1508782.8866666667
177109,585000.0,566565.6466666666
177110,610000.0,596710.5033333333
177111,545000.0,490883.41333333333
177112,3750.0,3726.7833333333333
177113,3800.0,4315.933333333333
177114,2000.0,2019.133611111111
177115,1059888.0,928424.2833333333
177116,2935000.0,2945545.4033333333
177117,899000.0,881446.2933333333
177118,2000000.0,1893186.1373000003
177119,975000.0,1037151.45
177120,4095.0,3650.4166666666665
177121,600000.0,550567.46
177122,860000.0,870947.42
177123,1895.0,1995.6
177124,4500.0,3995.0433333333335
177125,490000.0,529688.7733333333
177126,730000.0,870924.6666666666
177127,2510000.0,1682603.5466666666
177128,3500.0,3470.972222222222
177129,645000.0,644923.6666666666
177130,1995.0,2301.4238888888885
177131,641000.0,608403.8333333334
177132,2217777.0,1370678.1
177133,5200.0,6140.344433333334
177134,1525000.0,1298742.5066666666
177135,650000.0,679188.5233333333
177136,780000.0,998790.0333333333
177137,990000.0,951688.3333333334
177138,4200.0,3966.266666666667
177139,195000.0,146544.0
177140,849000.0,1094727.3
177141,940000.0,891160.7833333333
177142,3500.0,3469.416666666666
177143,3695.0,3714.9766666666665
177144,25000.0,39442.75
177145,975000.0,1020489.1633333333
177146,398000.0,439418.67888888885
177147,565000.0,502947.1566666667
177148,1799000.0,1804656.81
177149,1010000.0,1001963.25
177150,1930000.0,1465001.4333333333
177151,1521000.0,1184926.49
177152,850000.0,806228.3066666666
177153,1150000.0,1132249.9733333334
177154,1235000.0,1134176.9666666666
177155,1607015.0,1691564.9391666667
177156,900000.0,812074.4333333333
177157,1160000.0,1065061.8
177158,575000.0,544685.6633333333
177159,3500.0,3739.0494444444444
177160,1000000.0,1097321.0966666667
177161,4650.0,4259.94
177162,762500.0,919789.5866666667
177163,3900.0,4026.0833333333335
177164,850000.0,872373.3366666667
177165,1085000.0,1820108.7866666666
177166,6500.0,5366.437658730159
177167,750000.0,841903.0
177168,770000.0,819858.1966666667
177169,2750.0,3224.633333333333
177170,945000.0,673141.2222222221
177171,2700000.0,1911586.3166666667
177172,2550.0,2393.061111111111
177173,688888.0,626831.3166666667
177174,455000.0,700453.02
177175,405000.0,374132.5
177176,645000.0,456247.3333333333
177177,685000.0,644750.3333333334
177178,1435000.0,1421844.04
177179,665000.0,622113.8833333333
177180,1150.0,2058.287777777778
177181,760000.0,667177.7433333333
177182,380000.0,589968.0516666666
177183,975000.0,938148.2366666667
177184,1625000.0,1430155.59
177185,4995.0,5765.42
177186,1310000.0,1320095.6566666667
177187,2750000.0,2907732.8233333332
177188,9500.0,8860.3
177189,1043000.0,1075608.1066666667
177190,1412000.0,1980437.5866666667
177191,920000.0,1083853.111111111
177192,1250000.0,1320406.1733333333
177193,2215000.0,1895710.0
177194,3700.0,3628.468888888888
177195,3895.0,3566.3233333333333
177196,2150000.0,1558161.26
177197,5000.0,5359.758333333333
177198,2595000.0,1758134.438888889
177199,2495.0,2041.2088888888889
177200,375000.0,390865.42333333334
177201,2300000.0,1852241.52
177202,485000.0,480315.0
177203,1455000.0,1222755.7033333334
177204,880000.0,869906.6666666666
177205,1050000.0,968133.3333333334
177206,750000.0,760820.0233333333
177207,595000.0,1283548.3866666667
177208,510000.0,1048858.1233333333
177209,2755000.0,1743842.338888889
177210,1400000.0,1358115.130666667
177211,1000000.0,640926.29
177212,4150.0,3834.7166666666667
177213,2495.0,2248.8116666666665
177214,1968000.0,1683719.3366666667
177215,3925000.0,2792981.32
177216,755000.0,703073.6833333333
177217,900000.0,912519.9366666666
177218,303000.0,425204.66333333333
177219,280000.0,469982.93444444437
177220,1600000.0,1255346.0
177221,615000.0,624381.8333333334
177222,850000.0,761288.8766666667
177223,799000.0,693904.6266666667
177224,820000.0,871555.356
177225,4675000.0,3963973.6566666667
177226,1405000.0,1395181.3333333333
177227,3000.0,2884.63
177228,899950.0,997981.7677777777
177229,3700.0,3953.68
177230,2450.0,2947.4
177231,1415000.0,1308597.3333333333
177232,425000.0,433096.9733333333
177233,275000.0,345221.7766666667
177234,1050000.0,932780.1666666666
177235,1650000.0,1723884.1633000001
177236,1200000.0,798596.6666666666
177237,3250.0,2504.1966666666667
177238,825000.0,1345571.9166666667
177239,1810000.0,1485594.6566666667
177240,580000.0,632913.3333333334
177241,2500.0,2733.9
177242,965000.0,910142.8811111113
177243,599000.0,538325.6266666667
177244,770000.0,834641.0
177245,620000.0,545085.9166666666
177246,888000.0,814311.6666666666
177247,3800.0,3895.11
177248,890000.0,876538.1822222222
177249,4900.0,4566.133333333333
177250,3375000.0,3008450.9966666666
177251,859000.0,844621.6111111111
177252,562143.0,543702.0133333333
177253,982000.0,1026052.0833333334
177254,535000.0,694291.1233333333
177255,7900.0,10592.697222222221
177256,1400000.0,1198074.87
177257,300000.0,449102.24333333335
177258,715000.0,854625.8966666666
177259,4995.0,5094.416666666667
177260,109000.0,107578.33333333333
177261,1530000.0,1555809.23
177262,600000.0,630793.4733333334
177263,21000.0,20502.83444444445
177264,3250000.0,2725271.183333333
177265,20000.0,10117.45
177266,550000.0,624517.8011111112
177267,2800000.0,2324796.6333333333
177268,560000.0,427609.66333333333
177269,1455000.0,1305483.71
177270,1225000.0,1069163.6666666667
177271,3200.0,3472.2
177272,355000.0,361268.3333333333
177273,1300000.0,1117672.48
177274,2050000.0,1621501.4733333334
177275,414900.0,417123.8
177276,1130000.0,1052125.6233333333
177277,430000.0,455383.2777777777
177278,12790.0,9959.443333333335
177279,830000.0,897046.61
177280,702000.0,545070.3266666667
177281,645000.0,621920.1266666667
177282,930000.0,1229982.1044444446
177283,1340000.0,1474911.6666666667
177284,1280000.0,1247263.7366666666
177285,900000.0,796846.8933333333
177286,1425000.0,1306295.9233333333
177287,395000.0,359826.95666666667
177288,2800.0,2523.4754777777775
177289,380000.0,548881.25
177290,655000.0,696035.2133333334
177291,1342000.0,1287066.9566666668
177292,1100.0,2077.5944444444444
177293,3200.0,3992.3419444444444
177294,950000.0,861297.3366666667
177295,610000.0,571167.3866666667
177296,4000.0,4003.9788888888884
177297,3625.0,3589.6666666666665
177298,3995.0,3902.7144444444443
177299,3000.0,9613.446666666667
177300,550000.0,502163.5333333333
177301,1030000.0,1104439.9866666666
177302,410000.0,367675.99666666664
177303,2950.0,3094.85
177304,875000.0,866594.1733333333
177305,430000.0,475869.0
177306,439000.0,414091.79333333333
177307,2500.0,2561.7933333333335
177308,715000.0,710651.3433333334
177309,1300000.0,1469507.5866666667
177310,821690.0,853739.4866666667
177311,1670000.0,1804638.4733333334
177312,9600108.0,4121369.46
177313,4100.0,4456.75
177314,1257000.0,1155972.0
177315,1100000.0,955238.3333333334
177316,5000.0,6887.283333333334
177317,903500.0,1019746.1477777779
177318,2350.0,2055.220277777778
177319,1950000.0,1455672.7833333334
177320,4000.0,3734.6
177321,750000.0,627125.02
177322,2900.0,2727.1633333333334
177323,2600.0,3711.3722222222223
177324,963000.0,948381.5
177325,3400.0,3004.3863888888886
177326,1330000.0,1410728.4668333335
177327,2695.0,2815.3166666666666
177328,4990.0,5169.213333333333
177329,665000.0,648252.7933333333
177330,760000.0,958551.2533333333
177331,2950.0,3103.2288888888893
177332,1000000.0,866549.7933333333
177333,3950.0,3430.89
177334,4700.0,4899.051666666666
177335,625000.0,715469.4444444445
177336,580000.0,578341.5
177337,850000.0,1107240.5
177338,960000.0,1207156.6
177339,345000.0,308869.2166666667
177340,6000.0,6091.666666666667
177341,1678000.0,1573820.1633333333
177342,1025000.0,1010731.1666666666
177343,3000.0,2814.1666666666665
177344,740000.0,717406.5133333333
177345,435000.0,413596.2966666667
177346,520000.0,520720.99333333335
177347,1350000.0,1402240.2533333334
177348,1110000.0,1036977.18
177349,2995.0,2321.7466666666664
177350,599999.0,577122.4
177351,510000.0,697832.885
177352,5000.0,4935.295277777778
177353,940000.0,921585.13
177354,1150000.0,1110087.0644444446
177355,1775000.0,1629273.9266666668
177356,459000.0,459616.23
177357,830000.0,811470.9966666667
177358,845000.0,813732.6266666667
177359,335000.0,393122.35333333333
177360,3000.0,3023.9
177361,1260000.0,1232267.15
177362,2900.0,2442.9038888888886
177363,770000.0,628830.0
177364,2500.0,2777.891111111111
177365,190000.0,360072.6666666667
177366,789320.0,958782.9
177367,7600.0,6457.616666666667
177368,1030000.0,1098160.75
177369,4350.0,3467.3966666666665
177370,3980.0,3433.9966666666664
177371,1075000.0,1036446.101111111
177372,1025000.0,921829.9566666667
177373,2750.0,2013.5916666666667
177374,555000.0,601801.388888889
177375,1468000.0,1820892.1566666667
177376,908000.0,1072375.7566666666
177377,1400000.0,1183995.972222222
177378,4250.0,4404.422222222222
177379,935000.0,1033739.24
177380,2900000.0,2154398.0
177381,15500.0,30744.193333333333
177382,905775.0,933820.0
177383,4000.0,4361.073333333334
177384,915000.0,965765.1333333333
177385,4500.0,4384.866666666667
177386,1025000.0,1790765.33
177387,1552500.0,1921717.87
177388,4950.0,5139.923333333333
177389,5995.0,5386.266666666666
177390,525000.0,522810.24666666664
177391,625000.0,598118.9866666667
177392,4500.0,4226.733333333334
177393,660000.0,726716.6733333333
177394,895000.0,794685.5666666667
177395,700000.0,756842.8122222223
177396,675000.0,621495.1233333333
177397,397500.0,386382.2
177398,1290000.0,999494.8333333334
177399,440000.0,434168.6666666667
177400,1210000.0,1265935.5866666667
177401,1650.0,1790.8716666666667
177402,250000.0,222895.5
177403,1185000.0,1191087.5133333334
177404,1448000.0,1480087.96
177405,775000.0,711719.0931111111
177406,3000000.0,1714171.4566666668
177407,560000.0,567310.5
177408,570000.0,561360.68
177409,450000.0,430708.7
177410,859000.0,918350.2066666667
177411,725000.0,771359.7133333334
177412,1005000.0,1986172.8233333332
177413,850000.0,813396.3333333334
177414,2302473.0,2572296.7333333334
177415,880000.0,877831.2333333333
177416,760000.0,708174.3333333334
177417,750000.0,630168.0522222223
177418,895000.0,957883.9933333333
177419,3500.0,3558.38
177420,282000.0,253923.13333333333
177421,295000.0,301203.3333333333
177422,335000.0,349076.1666666667
177423,1431880.0,1178260.9579999999
177424,650000.0,833811.03
177425,959000.0,1164228.2433333334
177426,730000.0,702903.6666666666
177427,759000.0,759375.33
177428,3450000.0,2511836.8366666664
177429,426000.0,523741.49
177430,665000.0,607566.6833333333
177431,2500000.0,2205755.8333333335
177432,2900.0,3492.8288888888887
177433,900000.0,969138.1066666667
177434,1120000.0,2096781.6666666667
177435,650000.0,696286.7066666667
177436,910000.0,793444.37
177437,2495.0,5801.973333333332
177438,900000.0,1035058.88
177439,635000.0,973209.6266666667
177440,1300000.0,1350970.7833333334
177441,1189000.0,1157821.9266666668
177442,3200.0,3382.1833333333334
177443,935000.0,1000241.8333333334
177444,1773000.0,1736033.5266666666
177445,805000.0,939310.7533333333
177446,454500.0,494080.5933333333
177447,2250500.0,3289461.45
177448,11000.0,9551.7
177449,2800.0,3050.786666666667
177450,505000.0,514198.13333333336
177451,525000.0,506411.6666666667
177452,450000.0,476673.3233333333
177453,1020000.0,1299020.0133333334
177454,1190000.0,1215942.9742857143
177455,750344.0,549180.3333333334
177456,565000.0,541365.4666666667
177457,620000.0,616454.88
177458,1400000.0,1127622.6666666667
177459,455000.0,372958.2
177460,1355000.0,1294540.68
177461,1149000.0,1006582.5933333334
177462,1800000.0,1422095.6633333333
177463,710000.0,660158.08
177464,700000.0,729366.1666666666
177465,610000.0,541142.2933333333
177466,2970469.0,2073302.2266666666
177467,845000.0,933138.0714285716
177468,3100.0,2954.6433333333334
177469,2150.0,2042.9988888888888
177470,2050.0,2350.2
177471,1650.0,2060.0777777777776
177472,775000.0,780568.39
177473,3100.0,3415.69
177474,295000.0,419408.76666666666
177475,9800.0,7958.763333333333
177476,650000.0,603036.5
177477,2600.0,2733.451666666667
177478,1225000.0,1327697.6633333333
177479,815000.0,973108.46
177480,640000.0,628210.7233333334
177481,2875.0,3254.8
177482,844000.0,826412.1466666666
177483,1800.0,1717.5047222222222
177484,1322500.0,1391661.86
177485,1025000.0,993810.3666666667
177486,5800.0,5492.493333333333
177487,695000.0,708939.6666666666
177488,375000.0,405821.92
177489,965000.0,969546.081
177490,15500.0,15930.6
177491,1100000.0,1397823.0833333333
177492,2405000.0,2276224.53
177493,490000.0,424153.88333333336
177494,329000.0,439632.2766666667
177495,2095.0,1915.135
177496,990000.0,969596.4333333333
177497,1100000.0,949635.45
177498,1617468.0,1383905.8333333333
177499,805000.0,785532.89
177500,712000.0,686181.3333333334
177501,600000.0,572204.88
177502,1000000.0,953718.6266666667
177503,576000.0,621834.2116666667
177504,2700000.0,2639027.01
177505,705000.0,751859.33
177506,1675000.0,2061432.3466666667
177507,400000.0,457062.7911111111
177508,5500.0,6746.733333333334
177509,587000.0,640725.49
177510,3400.0,3581.8677777777784
177511,2400.0,3026.4933333333333
177512,550000.0,471764.7
177513,629900.0,611258.4466666667
177514,5900.0,6494.683333333333
177515,525000.0,514198.42093333334
177516,2965000.0,1988189.5
177517,875000.0,790266.6233333333
177518,3150000.0,2205597.87
177519,530000.0,509802.56666666665
177520,950000.0,935735.0
177521,4795.0,4714.716666666666
177522,576500.0,572442.2366666667
177523,858000.0,847327.5
177524,3750.0,4010.4566666666665
177525,1029000.0,1025583.2466666667
177526,453000.0,609277.0
177527,1137000.0,1154620.6666666667
177528,550000.0,580652.6666666666
177529,731000.0,764423.5966666667
177530,1840000.0,1949056.3233333332
177531,850000.0,782797.4133333333
177532,1100000.0,1450412.9066666667
177533,660000.0,658952.3333333334
177534,1445000.0,1275709.97
177535,565000.0,511484.66
177536,200000.0,311079.31
177537,840000.0,794839.6666666666
177538,337000.0,389211.3
177539,490000.0,475274.62666666665
177540,685000.0,664643.92
177541,4500.0,3726.8
177542,250000.0,395580.5
177543,872000.0,1002568.95
177544,638000.0,599927.4233333333
177545,595500.0,585288.8333333334
177546,791000.0,811819.1266666667
177547,3500.0,3480.1055555555554
177548,4200.0,4405.576666666667
177549,672500.0,645074.33
177550,4100.0,3504.4333333333334
177551,485000.0,443143.33
177552,670000.0,686655.1466666666
177553,340000.0,392566.86333333334
177554,1795.0,1804.9835317460315
177555,1250000.0,1216235.8133333332
177556,1850000.0,1473983.6666666667
177557,1050000.0,946331.5766666667
177558,530000.0,356727.6666666667
177559,1150000.0,1135426.0
177560,1250000.0,1524124.0
177561,1720000.0,1849150.26
177562,600000.0,536986.8733333333
177563,640000.0,766358.4066666666
177564,2100.0,2113.42
177565,1200.0,1828.51
177566,9500.0,7751.322222222223
177567,1395000.0,1723906.2444444443
177568,350000.0,333153.5
177569,686000.0,674043.6666666666
177570,405000.0,390965.77
177571,810000.0,714371.5833333334
177572,770000.0,812533.7733333333
177573,3500.0,4250.133333333333
177574,1950.0,2259.9041666666667
177575,635000.0,841117.4266666666
177576,1700000.0,1555092.0833333333
177577,655000.0,671858.0166666667
177578,1678000.0,1649505.2066666668
177579,632000.0,624234.0
177580,82000.0,129320.29666666666
177581,675000.0,786912.1666666666
177582,1922000.0,1935919.3133333332
177583,1375000.0,1735365.5233333334
177584,1400000.0,1381540.3333333333
177585,1088000.0,993809.1666666666
177586,1530000.0,1547040.0
177587,2330001.0,2324668.0
177588,1015000.0,1135069.23
177589,539900.0,514509.11666666664
177590,640000.0,687528.45
177591,520000.0,537696.8566666667
177592,915000.0,856341.47
177593,802000.0,868938.5533333333
177594,1200000.0,800958.52
177595,575000.0,628903.2566666667
177596,1319000.0,1203176.6666666667
177597,1400000.0,1126178.47
177598,385000.0,450056.16333333333
177599,940000.0,980187.81
177600,547327.0,536728.4433333334
177601,680000.0,576101.5866666667
177602,1775000.0,1514999.4566666668
177603,2650000.0,2457729.4066666667
177604,1025000.0,974066.0833333334
177605,1065000.0,1026581.0
177606,781000.0,769035.2933333333
177607,955000.0,888389.611111111
177608,1567675.0,1590017.4933333334
177609,412000.0,456151.0
177610,260000.0,234685.30111111116
177611,585000.0,619268.7566666667
177612,380000.0,321924.1666666667
177613,1075000.0,1156033.4266666668
177614,1000000.0,918803.6333333333
177615,680000.0,704697.5
177616,1536000.0,1925401.7333333334
177617,345000.0,372782.82666666666
177618,715000.0,760064.37
177619,422000.0,441909.2833333333
177620,3650.0,3156.805
177621,1854000.0,2028185.1766666668
177622,695000.0,675898.0
177623,1140000.0,1277203.2133333334
177624,1326000.0,1605104.4133333333
177625,1370000.0,1278409.6666666667
177626,1135000.0,1295386.6666666667
177627,675000.0,697041.3333333334
177628,2200000.0,1955635.9766666666
177629,2325000.0,1437060.32
177630,1912783.0,1829468.68
177631,1218000.0,1205418.3333333333
177632,2600000.0,1368384.52
177633,1085000.0,1441142.45
177634,9450.0,8257.896666666667
177635,765000.0,803281.0488888889
177636,6000.0,5816.205555555556
177637,472000.0,456086.6666666667
177638,774650.0,735748.6033333334
177639,690000.0,676772.6666666666
177640,2480000.0,1990976.7466666666
177641,1450000.0,1384156.8
177642,1125000.0,1320173.5766666667
177643,1260000.0,1103378.1466666667
177644,2995.0,3001.6866666666665
177645,465000.0,505393.3333333333
177646,2100000.0,1479662.39
177647,1120000.0,1252798.6666666667
177648,2300000.0,2266140.8766666665
177649,3100000.0,2792256.66
177650,360000.0,381070.99666666664
177651,559000.0,549804.14
177652,1790000.0,1368693.6966666668
177653,800000.0,737695.1666666666
177654,1085000.0,921144.6122222221
177655,1755000.0,1849934.0933333333
177656,900000.0,841777.8666666667
177657,610000.0,602409.8888888889
177658,4500.0,4689.213333333333
177659,484000.0,455560.87333333335
177660,769000.0,922394.6933333334
177661,1119990.0,1162382.6333333333
177662,575000.0,602442.3466666667
177663,690000.0,760657.1066666667
177664,810000.0,1069255.6233333333
177665,502500.0,480442.41
177666,1800000.0,1828285.3133333332
177667,820000.0,831539.2866666666
177668,818000.0,775616.5
177669,595000.0,749965.6333333333
177670,1595000.0,1339034.4866666666
177671,1601000.0,1389877.5033333334
177672,2500000.0,2429990.5566666666
177673,2825000.0,2481175.79
177674,750000.0,698682.09
177675,960000.0,1151710.9333333333
177676,3600.0,3157.67
177677,1200000.0,1115539.4666666666
177678,835000.0,845026.3999333333
177679,748000.0,754696.6333333333
177680,885000.0,841046.33
177681,305000.0,339241.19841269846
177682,4500.0,4437.91
177683,710000.0,665355.7444444444
177684,1504000.0,1370960.0
177685,459900.0,454449.81333333335
177686,690000.0,768812.6266666667
177687,6400000.0,4730502.683333334
177688,1250000.0,1177256.2866666666
177689,950000.0,1076989.0
177690,850000.0,912395.6666666666
177691,460000.0,535049.9666666667
177692,2450000.0,2349137.0
177693,590000.0,582565.0
177694,652500.0,623565.2633333333
177695,985000.0,886020.6966666667
177696,1140000.0,1016229.0166666667
177697,1665000.0,1555279.8
177698,760000.0,689963.91
177699,390000.0,358994.55333333334
177700,880000.0,877491.9044444445
177701,790000.0,683980.6666666666
177702,9800.0,8806.583333333334
177703,378500.0,382686.4666666667
177704,535000.0,379718.3333333333
177705,1775000.0,1327245.0
177706,743000.0,711749.3633333333
177707,788000.0,764949.6666666666
177708,4850.0,4309.45
177709,4500.0,4368.501666666667
177710,4850.0,6330.903333333334
177711,3800.0,3774.6566666666668
177712,1005000.0,1027216.25
177713,1079000.0,1121957.3636666667
177714,480000.0,514883.4533333333
177715,1825800.0,2306404.3866666667
177716,433000.0,410280.0266666667
177717,488600.0,491578.87333333335
177718,1000000.0,1357733.8366666667
177719,920000.0,839562.1933333334
177720,6150.0,6194.347777777777
177721,2330000.0,1892072.2433333334
177722,1120000.0,1087890.04
177723,1450000.0,2010189.4066666667
177724,555000.0,522877.9555555555
177725,1262000.0,755476.0333333333
177726,729900.0,774236.8766666667
177727,1380000.0,1659605.2666666666
177728,810000.0,781509.9866666667
177729,1610000.0,1262790.9533333334
177730,530000.0,645524.6666666666
177731,757740.0,752366.3
177732,2348525.0,2038685.3829333333
177733,585000.0,593015.96
177734,400000.0,398704.2
177735,749000.0,740621.6833333333
177736,585000.0,620752.5933333334
177737,1858000.0,1486762.6966666668
177738,769000.0,789322.9444444444
177739,5500.0,7603.172777777777
177740,575000.0,527594.8333333334
177741,2995.0,2765.942222222222
177742,2180000.0,1867739.27
177743,605000.0,573992.22
177744,1400000.0,1397330.0
177745,400000.0,579116.3033333333
177746,424900.0,445675.6666666667
177747,1005000.0,978087.6333333333
177748,550000.0,515402.0333333333
177749,4575000.0,3615122.9433333334
177750,349000.0,374979.8933333333
177751,695000.0,568324.97
177752,780000.0,1182480.1833333333
177753,4200.0,4702.960000000001
177754,1325000.0,1106296.2733333334
177755,1095000.0,1307671.2933333332
177756,1300000.0,1201505.76
177757,1300000.0,1208163.9
177758,625000.0,628589.0133333333
177759,1800000.0,1386969.0866666667
177760,400000.0,435169.29333333333
177761,3800.0,4679.713333333333
177762,660000.0,793175.2566666667
177763,2925000.0,2523577.5033333334
177764,1416000.0,1781478.8933333333
177765,1112000.0,1139458.65
177766,3100.0,2879.661111111111
177767,2400.0,2143.654696969697
177768,930000.0,1186308.4166666667
177769,347000.0,289898.51666666666
177770,1299900.0,1352208.8166666667
177771,410000.0,510836.2133333333
177772,835000.0,845653.3333333334
177773,365000.0,351040.5833333333
177774,640000.0,572664.9133333333
177775,2700.0,2676.751547619048
177776,1050000.0,1076863.8266666667
177777,830000.0,767293.79
177778,925000.0,957314.73
177779,150000.0,268267.5833333333
177780,1825000.0,1563002.38
177781,983888.0,1013067.55
177782,963000.0,1872068.19
177783,780000.0,963006.4066666666
177784,310000.0,372366.6666666667
177785,8000.0,8052.924166666667
177786,400000.0,445069.1666666667
177787,399000.0,436590.19333333336
177788,510000.0,646573.8133333334
177789,1025000.0,889917.2766666666
177790,936000.0,922213.6666666666
177791,3067912.0,2503444.5833333335
177792,950000.0,1015034.71
177793,955000.0,880985.9566666667
177794,979000.0,804741.31
177795,615000.0,650595.94
177796,2775.0,3016.4866666666667
177797,3475000.0,2754343.3333333335
177798,1074000.0,956006.3266666667
177799,610000.0,612356.3066666666
177800,875000.0,963833.01
177801,725000.0,678667.46
177802,675000.0,720074.6233333333
177803,1100000.0,1133480.0
177804,2700.0,2516.6883333333335
177805,900000.0,837551.74
177806,765000.0,793543.7666666667
177807,3000000.0,2382184.9066666667
177808,885000.0,843037.8611111111
177809,760000.0,731141.8666666667
177810,500000.0,502471.5133333333
177811,750000.0,748063.7933333333
177812,840000.0,884348.1966666667
177813,350000.0,410616.9266666667
177814,2250.0,2415.846666666667
177815,4650.0,4148.8916666666655
177816,1500000.0,1349915.7166666666
177817,1375000.0,1633323.87
177818,4300.0,4119.533333333334
177819,6100.0,8630.5
177820,14500000.0,2963812.69
177821,886000.0,1013360.23
177822,538000.0,518532.74
177823,8400.0,8019.513333333333
177824,915000.0,800461.9166666666
177825,700000.0,805027.32
177826,858000.0,897727.4833333333
177827,1195000.0,1066257.85
177828,1200000.0,1821322.5366666666
177829,1388000.0,1403633.7066666668
177830,545000.0,501173.9266666667
177831,2000000.0,1891239.4666666666
177832,1525000.0,1473614.6266666667
177833,4200.0,4104.63
177834,1050000.0,1096301.91
177835,1055000.0,978615.3333333334
177836,2000000.0,1816860.9833333334
177837,2000.0,3628.7344444444443
177838,1550000.0,1532359.03
177839,570000.0,606239.7533333333
177840,560900.0,556667.91
177841,592900.0,598832.9433333334
177842,2900000.0,2668417.8
177843,989000.0,922545.3333333334
177844,3375000.0,3679149.588888889
177845,580000.0,453205.65
177846,795000.0,827067.6633333333
177847,6700.0,6351.263333333333
177848,900000.0,844975.4733333334
177849,749000.0,777731.7
177850,1080000.0,1206212.9066666667
177851,3100.0,3386.3333333333335
177852,682250.0,610233.0866666667
177853,825000.0,854160.4366666666
177854,2500000.0,2653661.8066666666
177855,1300000.0,1204415.1166666667
177856,1125000.0,1236516.5866666667
177857,375000.0,366936.11
177858,955000.0,912579.14
177859,3200.0,3575.4133333333334
177860,674999.0,687459.25
177861,418000.0,408378.67
177862,480000.0,446004.6666666667
177863,2699.0,2832.288888888889
177864,2175000.0,2087616.6833333333
177865,625000.0,569949.5
177866,410000.0,301506.50666666665
177867,1360000.0,1201731.66
177868,555000.0,531252.6666666666
177869,715000.0,590003.8
177870,450000.0,446492.08666666667
177871,1575000.0,1601450.8666666667
177872,1400000.0,1326208.5933333333
177873,1185000.0,1058939.6666666667
177874,1450000.0,1380140.8433333333
177875,420000.0,507306.7
177876,239000.0,438991.6666666667
177877,685000.0,965952.7833333333
177878,365000.0,339976.9066666667
177879,1350000.0,1127865.6566666667
177880,1450000.0,1386881.12
177881,1315000.0,963553.5333333333
177882,1120000.0,1009368.78
177883,724620.0,702997.8633333333
177884,459000.0,446219.9666666667
177885,850000.0,811672.1166666667
177886,1195000.0,1003792.3055555556
177887,1895.0,1934.3833333333334
177888,1525000.0,1750016.7166666666
177889,699900.0,663848.9266666666
177890,1480000.0,1295430.5466666666
177891,860000.0,873659.1033333334
177892,1275000.0,1404048.78
177893,2700.0,2552.3083333333334
177894,1730000.0,1742810.0466666666
177895,1535000.0,1769907.5133333334
177896,5500.0,5673.4875
177897,327000.0,310977.8
177898,920000.0,835891.1433333333
177899,1325000.0,1521649.4833333334
177900,1985000.0,1925048.82
177901,625000.0,518045.20666666667
177902,585000.0,550996.7333333333
177903,3600.0,3604.2033333333334
177904,489000.0,505132.7866666667
177905,2067500.0,2082210.99
177906,2775000.0,2503986.6433333335
177907,2750.0,2715.7233333333334
177908,2121000.0,2195713.08
177909,715000.0,718402.03
177910,855000.0,764226.3277777778
177911,7900.0,9231.3
177912,775000.0,762980.0666666667
177913,1125000.0,1181949.6666666667
177914,916000.0,907490.3266666667
177915,5000.0,5619.65
177916,669000.0,819492.6533333333
177917,840000.0,832757.0
177918,1100000.0,891660.2943333334
177919,795000.0,802900.96
177920,1000000.0,1022963.8133333334
177921,1070000.0,1017654.0033333333
177922,835000.0,771084.4133333333
177923,418000.0,319566.54333333333
177924,3850.0,3947.448888888888
177925,1295000.0,1303804.9666666666
177926,867000.0,720441.0833333334
177927,755000.0,732304.0
177928,365000.0,409134.7986111112
177929,636000.0,726084.23
177930,615000.0,583967.7
177931,1885000.0,1820815.3
177932,1030000.0,1044079.0
177933,2575000.0,2359619.21
177934,620000.0,602472.6666666666
177935,878000.0,1254236.8033333332
177936,775000.0,936999.26
177937,789000.0,774214.8533333334
177938,10500.0,11103.168333333333
177939,2400000.0,2293177.6666666665
177940,2450000.0,2067053.9966666666
177941,1120000.0,825361.9966666667
177942,1025000.0,922303.2933333333
177943,915999.0,756432.2833333333
177944,327000.0,265822.53
177945,725000.0,696179.7133333334
177946,961500.0,949579.8333333334
177947,1480000.0,1796355.4566666668
177948,2090.0,2497.581111111111
177949,480000.0,652353.4000000001
177950,850000.0,788960.5033333333
177951,5200.0,4079.889166666667
177952,1999.0,2115.3327777777777
177953,780000.0,742390.43
177954,800000.0,764879.65
177955,1860000.0,1433988.627
177956,740000.0,756344.6466666666
177957,1050000.0,1014377.25
177958,1180000.0,1157965.04
177959,795000.0,712270.34
177960,395000.0,365485.16333333333
177961,400000.0,428314.9666666667
177962,715000.0,719144.8333333334
177963,725000.0,684945.6466666666
177964,1906968.0,1623996.0
177965,774150.0,811417.92
177966,998000.0,1042913.3333333334
177967,3400.0,3369.7066666666665
177968,1700000.0,1635570.0933333333
177969,785000.0,768344.3966666666
177970,985000.0,1002018.51
177971,2900.0,3038.6
177972,105000.0,107233.66666666667
177973,3850000.0,3254003.5233333334
177974,605000.0,598490.0
177975,1335000.0,1283111.29
177976,1540800.0,1395648.2
177977,2320000.0,2320711.966666667
177978,525000.0,512637.98
177979,535000.0,526473.6666666666
177980,505000.0,471419.0733333333
177981,1215000.0,1008723.06
177982,325000.0,430543.0
177983,1575000.0,1375942.1033333333
177984,677500.0,574120.5
177985,707900.0,747868.6
177986,1135000.0,996677.6666666666
177987,960150.0,989273.6166666667
177988,1656500.0,1576222.5866666667
177989,4200000.0,3444279.986666667
177990,356000.0,393931.64
177991,2418000.0,2343743.88
177992,1095000.0,879883.7333333333
177993,1550000.0,2053376.67
177994,670000.0,666990.7666666667
177995,1210000.0,1270521.6666666667
177996,820000.0,810826.6633333333
177997,1645000.0,1529727.89
177998,924500.0,996027.2222222221
177999,8975000.0,3938303.77
178000,629000.0,665060.4666666667
178001,218000.0,268625.0
178002,585000.0,529955.5
178003,750000.0,770241.5833333334
178004,902500.0,938745.4766666667
178005,285000.0,256119.16666666666
178006,455000.0,423948.0
178007,4140000.0,3831147.1033333335
178008,1140000.0,1172474.2411111111
178009,490000.0,374508.03
178010,840000.0,891412.9933333333
178011,1230000.0,1125651.3133333332
178012,220000.0,209265.33333333334
178013,612000.0,666177.0
178014,507000.0,496630.45666666667
178015,1475000.0,1271005.26
178016,710000.0,617334.9433333334
178017,968000.0,1004506.78
178018,775000.0,767096.1822222222
178019,1050000.0,1117222.8666666667
178020,2464000.0,2398621.203333333
178021,850000.0,560660.0333333333
178022,320000.0,411894.55333333334
178023,4500.0,4423.4
178024,635000.0,601007.5
178025,1305000.0,978531.5066666667
178026,770000.0,818988.2533333333
178027,810000.0,812978.88
178028,759000.0,533185.3355555556
178029,1035000.0,962138.4766666667
178030,1090000.0,1079791.1266666667
178031,456000.0,554454.6733333333
178032,630000.0,627937.6666666666
178033,3700000.0,3224694.1
178034,510000.0,498439.1066666667
178035,2100000.0,2135623.533333333
178036,690000.0,685392.3333333334
178037,337500.0,338011.73333333334
178038,1922000.0,2032641.6533333333
178039,685000.0,643419.7966666666
178040,525000.0,497468.94
178041,2570000.0,2648408.026666667
178042,837100.0,863951.68
178043,833000.0,833013.41
178044,925000.0,1033491.1255555555
178045,1334000.0,1319253.7433333334
178046,1125000.0,942693.6266666667
178047,3645.0,3019.68
178048,2375.0,2282.19
178049,715000.0,629323.5166666667
178050,812000.0,1154329.7933333332
178051,1745000.0,1970021.8666666667
178052,1745000.0,1376832.2855555557
178053,731000.0,749935.6666666666
178054,586609.0,563399.1666666666
178055,1300000.0,1306974.1266666667
178056,1925000.0,1044826.6433333333
178057,446672.0,438026.2133333333
178058,6900.0,6824.666666666667
178059,530000.0,582198.17
178060,424590.0,442978.66333333333
178061,5500.0,5569.366666666667
178062,4250.0,4566.363333333334
178063,2438000.0,2332104.3066666666
178064,1060000.0,1180075.5766666667
178065,1721000.0,1863873.32
178066,700000.0,661701.5
178067,878000.0,816090.2333333333
178068,1550000.0,1598553.6033333333
178069,1330000.0,1408085.0
178070,1164000.0,1060383.8733333333
178071,1900000.0,1807488.3333333333
178072,610000.0,583772.92
178073,950000.0,911906.2833333333
178074,1230000.0,1213536.7366666666
178075,2500000.0,2489560.78
178076,325000.0,355439.6
178077,1250000.0,1007339.2
178078,945000.0,899325.65
178079,930000.0,985577.3577777777
178080,912500.0,826695.9733333334
178081,425000.0,417315.93333333335
178082,950000.0,896909.9833333333
178083,1950000.0,1587113.3333333333
178084,855000.0,654408.84
178085,3375.0,3384.6861111111107
178086,1010000.0,886561.7466666667
178087,750000.0,745897.4266666666
178088,1138000.0,1186251.0333333334
178089,1195000.0,1186783.0733333332
178090,755000.0,879640.8733333333
178091,510000.0,484347.4633333333
178092,721000.0,828717.1766666666
178093,565000.0,526580.2266666667
178094,795000.0,717003.65
178095,710000.0,662823.5933333334
178096,300000.0,282722.07111111115
178097,605000.0,477283.15
178098,1744000.0,1497946.6333333333
178099,3225000.0,3269179.83
178100,490000.0,483541.84
178101,615000.0,600219.7333333333
178102,1129900.0,1042567.5744444444
178103,857500.0,746948.9966666667
178104,807500.0,788976.4611111111
178105,4995.0,4980.766666666666
178106,625000.0,584424.6666666666
178107,1250000.0,1746861.4966666666
178108,1500000.0,1458586.0333333334
178109,585000.0,548485.1633333333
178110,699000.0,634756.0066666667
178111,4500.0,4488.316666666667
178112,600000.0,540698.0666666667
178113,1525000.0,1378377.9933333334
178114,403000.0,348805.32666666666
178115,604750.0,664523.3533333334
178116,598000.0,626133.6466666666
178117,452500.0,422182.0
178118,1160000.0,1188592.67
178119,1212000.0,1044748.506
178120,1847500.0,2461910.93
178121,630000.0,601159.2816666666
178122,800000.0,778400.5555555555
178123,2600000.0,1481996.6633333333
178124,1415000.0,1251070.2833333334
178125,1125000.0,979560.0277777779
178126,1105000.0,1063521.2433333334
178127,5800.0,5490.736507936508
178128,2395.0,2620.0266666666666
178129,1510000.0,1606860.4066666667
178130,6100.0,5475.398933333333
178131,865000.0,847737.84
178132,1090000.0,993503.3333333334
178133,4800.0,5983.993333333333
178134,3750.0,3861.32
178135,469000.0,466939.64666666667
178136,885000.0,1221336.3260000001
178137,568000.0,620760.5333333333
178138,450000.0,415596.3333333333
178139,1150000.0,1051876.1099333335
178140,715000.0,683782.3833333333
178141,850000.0,952669.3666666667
178142,710000.0,674893.1633333333
178143,463000.0,395282.0233333333
178144,509000.0,578342.5333333333
178145,3495.0,3506.8733333333334
178146,569000.0,563729.0033333333
178147,2500.0,1991.125
178148,1002500.0,1123104.1688888888
178149,1850.0,3319.0033333333336
178150,2120000.0,1977806.2466666666
178151,1900000.0,1708117.81
178152,489950.0,387289.3333333333
178153,500000.0,570100.83
178154,1075000.0,1068898.7833333334
178155,1265000.0,1180273.4
178156,1280000.0,1054430.84
178157,680000.0,587058.9666666667
178158,445000.0,468080.6666666667
178159,1900000.0,2385601.7933333335
178160,1035000.0,1158567.9166666667
178161,1555000.0,1368840.5
178162,520000.0,481838.0
178163,355000.0,385751.62666666665
178164,715000.0,735943.3333333334
178165,5400.0,5877.875
178166,640000.0,691377.5266666666
178167,850000.0,913816.6666666666
178168,790000.0,818780.3855555556
178169,1625000.0,1550959.8233333332
178170,1370000.0,1362090.0
178171,1600000.0,1529456.1866666668
178172,621150.0,611846.1433333333
178173,736000.0,701001.9166666666
178174,494000.0,449381.99333333335
178175,559900.0,573569.52
178176,3650.0,3540.3333333333335
178177,2450.0,2288.6666666666665
178178,860000.0,806505.2666666667
178179,1855000.0,1860050.55
178180,520000.0,621209.3755555556
178181,890000.0,991277.38
178182,719000.0,731732.7333333333
178183,2200.0,2261.1566666666668
178184,2325000.0,2265305.3133333335
178185,950000.0,937514.0
178186,755000.0,810348.63
178187,2500.0,2431.98
178188,1440000.0,1665815.46
178189,525000.0,472662.43
178190,3595.0,3436.32
178191,1650.0,1925.6830555555557
178192,579000.0,506031.69
178193,895000.0,941405.83
178194,1800000.0,1799749.7033333334
178195,615000.0,563340.0133333333
178196,1715000.0,1956831.8766666667
178197,2600.0,2744.935
178198,670000.0,877652.0
178199,3108578.0,2815862.696666667
178200,750000.0,754577.6
178201,325000.0,382005.82666666666
178202,1075000.0,1243428.1033333333
178203,2079650.0,2037720.35
178204,1280000.0,1330649.4333333333
178205,1550.0,1882.4166666666667
178206,5100.0,5860.05
178207,1200000.0,1101914.26
178208,950000.0,962036.1033333334
178209,1800000.0,1605341.6666666667
178210,870000.0,1085892.5833333333
178211,1900000.0,2658516.8666666667
178212,165000.0,241669.90666666668
178213,1899.0,2282.1633333333334
178214,1650000.0,1702614.2712666667
178215,650000.0,746593.9333333333
178216,860000.0,906717.4333333333
178217,1840000.0,1605450.8666666667
178218,2808655.0,2101661.23
178219,1050000.0,1519559.7433333334
178220,985000.0,1437535.9533333334
178221,929000.0,1062823.45
178222,605000.0,573786.3566666667
178223,1450000.0,1859616.92
178224,710000.0,737188.6066666667
178225,370000.0,368474.31
178226,740000.0,760862.1433333333
178227,2195.0,2651.4266666666667
178228,2900000.0,2393424.3766666665
178229,4300.0,4834.4
178230,880000.0,811308.8333333334
178231,4800.0,5128.46
178232,735990.0,697745.4166666666
178233,500000.0,497216.26666666666
178234,890000.0,638937.1333333333
178235,2400.0,2703.725
178236,465000.0,422903.7733333333
178237,2225000.0,1971329.3833333333
178238,765000.0,746601.0
178239,1372000.0,1293021.98
178240,551000.0,546831.1666666666
178241,725000.0,697748.4466666667
178242,4500.0,5245.246666666667
178243,2600000.0,2352425.89
178244,1225000.0,1214072.6666666667
178245,450000.0,870039.9133333333
178246,490000.0,406469.36333333334
178247,620000.0,537210.7066666667
178248,935000.0,824094.2533333333
178249,1045000.0,969444.4833333333
178250,1300000.0,1333179.9733333334
178251,2250.0,2423.4766666666665
178252,1475000.0,1376280.42
178253,1115000.0,928369.8666666667
178254,549950.0,553652.3066666666
178255,449000.0,470696.71
178256,760000.0,771226.3233333334
178257,2415000.0,2051776.5
178258,1110000.0,1298449.3905
178259,457000.0,446972.9
178260,1865000.0,1661964.59
178261,858000.0,816928.1166666667
178262,760000.0,823283.28
178263,765000.0,733274.2
178264,550000.0,595139.59
178265,1675000.0,1575236.23
178266,740000.0,737690.3333333334
178267,1892000.0,1600063.5
178268,1499800.0,1160523.3633333333
178269,1400000.0,1222678.7
178270,725000.0,597524.1333333333
178271,700000.0,709965.3333333334
178272,635000.0,616110.27
178273,691000.0,804151.0
178274,2500.0,3031.311111111111
178275,941000.0,948680.92
178276,810000.0,829561.6633333333
178277,725000.0,717113.48
178278,4500.0,4751.53
178279,2325000.0,1725447.9728333333
178280,759000.0,721488.07
178281,610000.0,479656.33
178282,565000.0,551719.6666666666
178283,905000.0,814019.4666666667
178284,3305000.0,2949822.1133333333
178285,750000.0,713300.6666666666
178286,326000.0,262443.31333333335
178287,1040000.0,1155611.0
178288,1875000.0,1620780.12
178289,4950.0,4767.6
178290,785000.0,852135.3
178291,705000.0,690989.6666666666
178292,1775000.0,1592127.1666666667
178293,645000.0,659788.3333333334
178294,630000.0,610547.6433333333
178295,1500000.0,1204689.69
178296,429000.0,412817.6
178297,523000.0,494657.6666666667
178298,1105000.0,1077436.5833333333
178299,1530000.0,1371139.93
178300,1460000.0,1295244.87
178301,921000.0,884522.86
178302,575000.0,554676.08
178303,535000.0,519411.6666666667
178304,310000.0,399480.6666666667
178305,1305000.0,1610374.8733333333
178306,3800000.0,2872807.51
178307,735000.0,702646.56
178308,920000.0,932217.34
178309,1591015.0,1880563.4175
178310,5900.0,6228.743333333333
178311,755000.0,701205.7366666667
178312,3650.0,6719.58
178313,345000.0,384702.85333333333
178314,712500.0,776672.3466666667
178315,525000.0,704746.96
178316,635000.0,720734.5033333333
178317,888000.0,790598.7932666666
178318,1356500.0,1112620.4855555554
178319,2320000.0,2164068.1888888893
178320,6000.0,5899.5
178321,1050000.0,1002758.23
178322,2100.0,2499.2427777777775
178323,1025000.0,995160.1833333333
178324,1550.0,1648.8683333333333
178325,500000.0,402889.5
178326,905000.0,1093176.0
178327,643490.0,650211.44
178328,2900000.0,3114897.4233333333
178329,1100500.0,1248958.8266666667
178330,380000.0,414255.16333333333
178331,10000.0,8717.283333333333
178332,1250000.0,1225663.0066666666
178333,9000.0,11526.005555555555
178334,590000.0,564299.9752
178335,2175000.0,1741853.8233333332
178336,2050000.0,2059707.62
178337,1257000.0,1091300.8333333333
178338,896700.0,811498.7266666667
178339,1300000.0,1234796.3333333333
178340,5650.0,5653.45
178341,5000.0,4257.143333333333
178342,5500.0,5596.076666666667
178343,1280000.0,1447964.2366666666
178344,1635000.0,1675949.8333333333
178345,1025000.0,1191901.6333333333
178346,900000.0,852254.4466666667
178347,4250000.0,3815135.37
178348,1990000.0,1445078.41
178349,665000.0,529413.26
178350,1089770.0,1393380.3266666667
178351,940000.0,944834.09
178352,1760000.0,1347040.3966666667
178353,295000.0,313759.3377777778
178354,1105000.0,958961.5086666667
178355,377000.0,470273.26
178356,560000.0,528269.1833333333
178357,415000.0,411405.25333333336
178358,2085000.0,2257632.7133333334
178359,945000.0,947013.2311111112
178360,2550.0,3656.2766666666666
178361,500000.0,857644.1133333333
178362,865000.0,731447.6666666666
178363,2305000.0,1956252.0366666666
178364,515500.0,602905.99
178365,765000.0,927735.9
178366,6100.0,6017.706666666667
178367,1230000.0,1162076.1433333333
178368,1000000.0,982527.1533333333
178369,1981000.0,1806629.09
178370,1127500.0,1370375.65
178371,858000.0,910111.6333333333
178372,750000.0,706934.5666666667
178373,2605000.0,2344328.513333333
178374,1440000.0,1187943.1666666667
178375,825000.0,770193.6233333333
178376,615000.0,576982.3333333334
178377,485000.0,468730.0
178378,1900000.0,1350407.8766666667
178379,859000.0,865321.48
178380,1100000.0,1289273.722222222
178381,361000.0,305272.96
178382,2095000.0,2118264.56
178383,1250000.0,1158671.2166666666
178384,841800.0,811757.98
178385,891000.0,789888.0766666667
178386,656000.0,630153.97
178387,2633981.0,2184596.696666667
178388,9000.0,10340.283333333333
178389,593000.0,611426.79
178390,616500.0,795431.62
178391,398000.0,423517.75666666665
178392,1065000.0,2016236.8366666667
178393,2900.0,3572.423333333333
178394,600000.0,668504.6
178395,387000.0,435941.92333333334
178396,1680000.0,1724813.9466666668
178397,920000.0,1162356.1533333333
178398,2000000.0,2056816.9366666668
178399,1012000.0,608944.1166666667
178400,1320000.0,1325655.0433333332
178401,442500.0,737704.03
178402,1342500.0,1169590.4
178403,460000.0,500501.6666666667
178404,1650000.0,1789968.6466666667
178405,654900.0,597039.0966666667
178406,780000.0,752877.6666666666
178407,1817000.0,1731781.8033333332
178408,511000.0,539464.3133333334
178409,3750.0,5352.487777777777
178410,500000.0,516417.4666666667
178411,1165000.0,1068395.3822222224
178412,742000.0,766098.888888889
178413,254000.0,242973.33333333334
178414,620000.0,605354.1133333333
178415,699900.0,676040.61
178416,420000.0,465065.19666666666
178417,632000.0,684309.4533333334
178418,2800000.0,2200025.763333333
178419,1675000.0,1569294.49
178420,1060000.0,878751.7933333333
178421,3049.0,3101.358888888889
178422,2600.0,2551.5744444444445
178423,25000.0,14601.747777777777
178424,1350000.0,1398878.5466666666
178425,700000.0,721628.2333333333
178426,720000.0,693550.8066666666
178427,5200.0,5256.77
178428,1288000.0,1254305.6766666668
178429,926000.0,819879.1733333333
178430,665000.0,907364.2
178431,1250000.0,1146860.7333333334
178432,1725000.0,1566625.0
178433,1500000.0,1872658.31
178434,6500.0,6089.675
178435,2299.0,2104.9705555555556
178436,485000.0,618223.3566666667
178437,4750000.0,4757190.183333334
178438,970000.0,975529.8233333334
178439,350000.0,305398.76
178440,418000.0,413230.6766666667
178441,1500000.0,1301887.46
178442,699000.0,891541.47
178443,4550.0,4565.866666666667
178444,1012000.0,923746.2666666667
178445,535000.0,571239.6266666667
178446,1150000.0,964984.85
178447,2695.0,2707.5666666666666
178448,475000.0,573671.8333333334
178449,962000.0,1509607.4266666668
178450,515000.0,621280.65
178451,1600000.0,1401964.0733333332
178452,629000.0,838364.1333333333
178453,840000.0,769882.9933333333
178454,438000.0,425855.45
178455,1155000.0,1464602.8966666667
178456,575000.0,563862.2983333333
178457,638000.0,758775.4033333333
178458,5200.0,5146.22
178459,835000.0,648890.9733333334
178460,982000.0,789763.0666666667
178461,1088000.0,953219.49
178462,1649000.0,1313885.74
178463,1700000.0,1613679.4233333333
178464,2249.0,2269.008888888889
178465,910000.0,855644.96
178466,740000.0,722892.0
178467,722000.0,724480.71
178468,700000.0,705903.3333333334
178469,970000.0,1101904.6266666667
178470,2227000.0,1517593.27
178471,320000.0,361767.86666666664
178472,1950.0,1904.6477777777775
178473,6650.0,5515.843333333333
178474,6000000.0,4474803.966666667
178475,5100000.0,2552307.316666667
178476,300000.0,338637.63
178477,730000.0,762209.0366666666
178478,982000.0,857760.9566666667
178479,4800.0,3828.75
178480,2500.0,2511.0666666666666
178481,1050000.0,954714.8366666667
178482,650000.0,887713.5693333334
178483,475000.0,482109.6666666667
178484,1255000.0,1176576.3433333333
178485,1120000.0,1150252.0833333333
178486,672800.0,647505.2166666667
178487,1575000.0,1533054.4233333333
178488,10000.0,7223.2311
178489,450000.0,454535.13333333336
178490,2400000.0,2275734.9133333336
178491,745000.0,694365.99
178492,4700.0,5411.04
178493,820000.0,821923.3333333334
178494,800000.0,869397.8933333333
178495,420000.0,450832.97
178496,1480000.0,1555069.51
178497,803000.0,524607.35
178498,1100000.0,1117864.7933333332
178499,975898.0,869962.4066666666
178500,880000.0,824873.6666666666
178501,857000.0,816140.9866666667
178502,625000.0,628197.3333333334
178503,420000.0,524869.7766666666
178504,642000.0,664558.9
178505,1225000.0,849264.2866666666
178506,3250.0,3359.5
178507,495000.0,481876.99666666664
178508,730000.0,704497.8333333334
178509,930000.0,885077.9333333333
178510,719900.0,688029.5
178511,798000.0,801557.38
178512,2300000.0,2378596.756666667
178513,459000.0,440802.33
178514,1050000.0,1247703.6666666667
178515,1127500.0,1095898.4233333333
178516,765000.0,944735.4166666666
178517,400000.0,373789.96
178518,3350.0,3412.7833333333333
178519,5600.0,5569.377777777778
178520,420000.0,531844.56
178521,405000.0,404397.79
178522,7500.0,6475.13
178523,630000.0,635558.6666666666
178524,750000.0,660116.5066666667
178525,612000.0,634208.04
178526,620000.0,612074.42
178527,515000.0,498761.95666666667
178528,2795.0,2987.422222222222
178529,285000.0,219965.32
178530,780000.0,855715.8233333334
178531,540000.0,582423.3133333334
178532,705000.0,681987.16
178533,2700000.0,2653951.66
178534,560000.0,669135.9977777778
178535,540000.0,577163.3333333334
178536,1075000.0,975260.4266666666
178537,2295.0,2389.6677777777777
178538,744300.0,777118.6666666666
178539,1599000.0,1536687.58
178540,3600.0,3326.2633333333333
178541,499000.0,536055.0
178542,9741.0,12984.935555555556
178543,900000.0,844770.2466666667
178544,1400000.0,1442770.93
178545,1070000.0,964243.33
178546,680000.0,604808.5633333334
178547,5000.0,6226.013333333333
178548,266000.0,370991.8488888889
178549,1490000.0,1383488.0122222223
178550,527500.0,540412.3333333334
178551,285000.0,333707.6666666667
178552,1325000.0,1329105.6533333333
178553,1837000.0,2179001.96
178554,925000.0,912612.5833333334
178555,1205000.0,1239715.1633333333
178556,495000.0,727124.9966666667
178557,1205000.0,1204865.0
178558,750000.0,649288.3833333333
178559,3150.0,3408.915
178560,2477325.0,1707328.1
178561,1725000.0,1613391.6166666667
178562,3395.0,3364.0466666666666
178563,2650.0,2491.143888888889
178564,575000.0,603315.07
178565,515000.0,509318.2155555556
178566,5000.0,5445.427777777778
178567,1615000.0,1614012.5
178568,780000.0,740111.1033333334
178569,2625000.0,2437155.9166666665
178570,589000.0,582954.0766666667
178571,1900.0,1805.1944444444446
178572,950000.0,1073912.0
178573,5800.0,6802.364666666666
178574,1825000.0,1729195.1466666667
178575,1090000.0,1283410.2
178576,825000.0,728443.3666666667
178577,2600000.0,2278270.73
178578,337000.0,238639.48666666666
178579,1150000.0,1124250.18
178580,1707000.0,1463899.81
178581,385000.0,382666.19333333336
178582,590000.0,635817.3
178583,720000.0,712987.6666666666
178584,5000.0,4753.823333333334
178585,1790000.0,1837871.6733333333
178586,2265000.0,2762401.8566666665
178587,890000.0,824206.6666666666
178588,1800000.0,1320157.3633333333
178589,1450000.0,1380353.7333333334
178590,2150000.0,2235295.7533333334
178591,699000.0,721947.9799333334
178592,590000.0,764769.5333333333
178593,910000.0,900116.4933333333
178594,427500.0,376401.3
178595,1135000.0,1348824.26
178596,2480000.0,2175115.566666667
178597,719000.0,574831.3133333334
178598,1899000.0,1749364.5766666667
178599,894950.0,898371.5466666666
178600,305000.0,321234.9103333333
178601,652000.0,620778.1833333333
178602,930000.0,931295.2833333333
178603,1105000.0,1244583.8406349206
178604,818500.0,834906.1466666666
178605,1400000.0,1124904.0566666666
178606,1390000.0,1259766.0233333334
178607,1360000.0,1315945.1266666667
178608,1425000.0,1141188.1133333333
178609,1375000.0,1619796.08
178610,625000.0,683552.13
178611,879000.0,736413.6633333333
178612,3480.0,3274.335
178613,2700.0,2721.8866666666668
178614,540000.0,581681.6266666667
178615,215000.0,230486.26
178616,3600.0,3033.1766666666667
178617,520000.0,534894.3233333334
178618,3650.0,3408.59
178619,1599000.0,1329200.26
178620,544900.0,471737.3333333333
178621,333000.0,385083.3333333333
178622,3600.0,3537.59
178623,900000.0,841937.7966666666
178624,830000.0,793621.1133333333
178625,3995.0,3896.3
178626,7990000.0,4395976.6466666665
178627,380000.0,384958.3433333333
178628,1850.0,2042.1366666666668
178629,500000.0,539093.4
178630,725000.0,699510.31
178631,842000.0,813500.7366666667
178632,210000.0,253608.83333333334
178633,1860000.0,1807379.6
178634,1325000.0,847872.43
178635,6500.0,20350.301666666666
178636,2360911.0,1691698.6633333333
178637,1470000.0,1298555.6333333333
178638,858500.0,837472.6033333334
178639,699000.0,733947.1833333333
178640,730000.0,880085.2566666667
178641,3180000.0,3148077.993333333
178642,650000.0,662407.2433333333
178643,1750000.0,1736765.0466666666
178644,1675000.0,1672389.8966666667
178645,465000.0,428616.06666666665
178646,800000.0,830007.1666666666
178647,745000.0,713709.3333333334
178648,725000.0,755785.3166666667
178649,2000.0,1913.9055555555558
178650,1100000.0,1012864.01
178651,2500.0,2575.135
178652,610000.0,667193.0666666667
178653,640000.0,619716.58
178654,650000.0,614940.6777777778
178655,385000.0,376755.99333333335
178656,500000.0,469026.29333333333
178657,950000.0,862970.35
178658,4700.0,3987.3
178659,3156000.0,3040927.183333333
178660,685000.0,645166.0533333333
178661,825000.0,816806.8766666667
178662,2500.0,2981.2833333333333
178663,1500000.0,1993623.2033333334
178664,850000.0,946111.92
178665,1605000.0,1734867.7066666668
178666,5200.0,4808.154444444445
178667,530000.0,696462.67
178668,560000.0,556444.5966666667
178669,6750.0,5427.072222222222
178670,700000.0,755245.7233333334
178671,2695.0,2531.0532142857146
178672,1099000.0,1359473.86
178673,500000.0,505514.1666666667
178674,6200.0,5786.958333333333
178675,1410000.0,1288889.18
178676,925000.0,818607.1366666667
178677,1400000.0,1794530.5466666666
178678,380000.0,366382.4388888889
178679,950000.0,903952.2833333333
178680,1150000.0,1012125.1266666667
178681,520000.0,454589.8
178682,480000.0,530159.2666666667
178683,2480000.0,2373893.2866666666
178684,2175000.0,1960917.2851666666
178685,610000.0,619111.5333333333
178686,1492000.0,1561344.0533333332
178687,725000.0,596512.79
178688,1140000.0,1214872.1066666667
178689,900000.0,947523.9833333333
178690,4500.0,5048.922222222222
178691,632500.0,607029.0533333333
178692,729990.0,706621.8466666667
178693,832500.0,859823.4166666666
178694,4550.0,5162.05
178695,1195500.0,1167581.3
178696,2750.0,2943.3966666666665
178697,833000.0,896215.63
178698,330000.0,410236.71
178699,745000.0,680576.861111111
178700,340000.0,440853.8
178701,850000.0,889655.1822222221
178702,1450000.0,1504330.4166666667
178703,367000.0,336268.41
178704,820000.0,766445.5933333334
178705,566000.0,619022.3166666667
178706,3400.0,3171.9383333333335
178707,2150000.0,1473890.1033333333
178708,4200.0,4097.496666666667
178709,650000.0,635166.54
178710,1290000.0,1462677.6666666667
178711,820000.0,750152.16
178712,1430000.0,1511927.3783333334
178713,849900.0,994563.5
178714,719000.0,662071.6433333333
178715,690000.0,679410.5555555555
178716,715000.0,637495.42
178717,1600000.0,1427748.1133333333
178718,750000.0,1018396.3333333334
178719,4600.0,4726.8725
178720,871000.0,1049766.2
178721,114689.0,312863.57
178722,1057000.0,994961.1044444445
178723,4495.0,5825.2733333333335
178724,12000.0,11928.75
178725,369900.0,335262.66333333333
178726,2200.0,1945.4
178727,930000.0,988075.0133333333
178728,4400.0,4103.663333333333
178729,240000.0,369469.26
178730,869500.0,732390.7166666667
178731,485000.0,500301.29
178732,2825000.0,2152861.484533333
178733,813750.0,765367.97
178734,6950.0,6703.8600000000015
178735,1100000.0,1463841.4066666667
178736,780000.0,787234.6666666666
178737,900000.0,703469.6666666666
178738,1975.0,2570.8283333333334
178739,4000.0,4329.55
178740,780000.0,763636.8333333334
178741,760000.0,785951.0733333334
178742,538000.0,573070.6833333333
178743,449000.0,446113.3333333333
178744,8000.0,8527.946666666667
178745,1400000.0,1239962.07
178746,702000.0,715219.2033333334
178747,655000.0,602189.09
178748,3000.0,3989.934133333333
178749,3195.0,3132.9133333333334
178750,590000.0,587672.8933333333
178751,1625000.0,1574644.98
178752,875000.0,849020.25
178753,239000.0,231493.15666666668
178754,1985000.0,1677725.27
178755,2900.0,3101.35
178756,1117000.0,1065443.29
178757,5750.0,4485.355555555556
178758,4500.0,4071.865
178759,625000.0,626819.58
178760,180000.0,311789.29333333333
178761,2000.0,2038.59
178762,7000.0,7438.433333333333
178763,435000.0,448453.45
178764,2100.0,2062.3445370370373
178765,750000.0,711305.83
178766,1070000.0,1103919.6733333333
178767,700000.0,674430.9933333333
178768,530000.0,641106.6666666666
178769,5200.0,5051.54
178770,1420000.0,1230228.2666666666
178771,1110000.0,1098567.3333333333
178772,710000.0,577397.5133333333
178773,767000.0,778534.2597777778
178774,1300000.0,1184615.4266666668
178775,775000.0,756893.4966666667
178776,825000.0,998748.0966666667
178777,1680000.0,1284786.1666666667
178778,1265000.0,1184911.0
178779,2200.0,2115.698888888889
178780,2600000.0,2319965.2666666666
178781,895000.0,577537.6666666666
178782,349000.0,351714.6533333333
178783,731000.0,658508.4533333334
178784,5950000.0,4060591.82
178785,2900.0,2566.943333333333
178786,650000.0,631197.9444444445
178787,980000.0,1126888.3166666667
178788,1398000.0,1394671.88
178789,1827700.0,1603124.3333333333
178790,2500.0,2066.6577777777775
178791,910000.0,814600.0766666667
178792,250000.0,297736.8333333333
178793,1580000.0,1216200.72
178794,10000.0,8967.476666666667
178795,580000.0,734009.2933333333
178796,75000.0,95954.0
178797,550000.0,500688.53555555554
178798,1600000.0,1733811.6666666667
178799,4500000.0,4459463.053333334
178800,940000.0,1056875.92
178801,900000.0,775762.3277777777
178802,950000.0,1404586.1266666667
178803,722000.0,661574.83
178804,485000.0,487898.69555555563
178805,1000000.0,1094414.29
178806,1315000.0,1231743.2833333334
178807,417000.0,432613.99666666664
178808,2215000.0,3278797.15
178809,1065000.0,920428.7133333334
178810,424000.0,393669.0
178811,641000.0,749200.6666666666
178812,1380000.0,1084694.3
178813,505000.0,497302.39666666667
178814,590000.0,593854.5033333333
178815,1805000.0,1338783.2
178816,1126000.0,1315487.08
178817,4400.0,4357.363333333334
178818,1000000.0,970694.3333333334
178819,850000.0,783636.8009523809
178820,825300.0,787458.7433333333
178821,610000.0,617555.9266666666
178822,806990.0,769159.6666666666
178823,540000.0,580570.68
178824,3900.0,3572.3
178825,1750000.0,1584315.2333333334
178826,1600000.0,1356175.5933333333
178827,729900.0,721885.3566666667
178828,2250.0,2082.4133333333334
178829,1075000.0,1101530.1833333333
178830,3800.0,3675.633333333333
178831,1085000.0,966011.7366666667
178832,565000.0,750771.2944444445
178833,657000.0,626462.6666666666
178834,229500.0,242889.81666666668
178835,2150000.0,2062855.6666666667
178836,1295000.0,1322571.8833333333
178837,4200.0,4248.34
178838,1750000.0,1583012.8
178839,2500.0,2182.7266666666665
178840,915000.0,886438.0033333333
178841,1360000.0,1287806.8533333333
178842,600000.0,606827.9666666667
178843,835000.0,790055.2933333333
178844,5175.0,5153.93
178845,2500.0,2420.7644444444445
178846,2405000.0,2633253.4966666666
178847,800000.0,790508.0
178848,4000.0,3418.6
178849,1310000.0,1198276.33
178850,839000.0,921752.8466666667
178851,782000.0,798703.9
178852,1440000.0,1247251.7933333332
178853,1875.0,1834.3358333333333
178854,1288888.0,1222370.3333333333
178855,2235000.0,1965874.317777778
178856,940000.0,1112032.2966666666
178857,2650.0,2552.7833333333333
178858,345000.0,337485.0
178859,800000.0,990196.6366666667
178860,835000.0,792904.4833333333
178861,1025000.0,1167011.16
178862,4000.0,3414.755
178863,4100.0,4126.216666666666
178864,2650.0,2306.68
178865,965000.0,1136832.3166666667
178866,244900.0,382069.9633333333
178867,4100.0,4296.29
178868,2950.0,2631.4466666666667
178869,1149000.0,1149497.6466666667
178870,2650000.0,2414839.966666667
178871,840000.0,865916.2933333333
178872,805000.0,787072.3566666667
178873,3400.0,2976.7927777777777
178874,4500.0,4074.167777777778
178875,490000.0,566050.7333333333
178876,1415000.0,1728323.4
178877,995000.0,1266384.69
178878,2300000.0,2536431.6
178879,5495.0,4913.503333333333
178880,2800.0,2529.653333333333
178881,330000.0,456189.99333333335
178882,1700000.0,1470703.2
178883,418000.0,423682.54
178884,3500.0,3462.0666666666666
178885,2100.0,2053.61
178886,3500.0,4333.373333333333
178887,1560000.0,1690356.3266666667
178888,1275000.0,1075521.3
178889,2500.0,2705.9
178890,825000.0,836080.3266666667
178891,3950.0,3723.6066666666666
178892,525000.0,488202.1666666667
178893,5000.0,5222.923333333333
178894,887000.0,893551.3633333333
178895,520000.0,530044.3333333334
178896,3350.0,3144.565555555555
178897,900000.0,877204.5466666666
178898,4400.0,4694.203333333333
178899,680000.0,833785.1966666667
178900,2750000.0,2160506.303333333
178901,989000.0,901356.2533333333
178902,560000.0,643949.7
178903,3950.0,3464.08
178904,4400.0,2565.57
178905,2725000.0,1862227.94
178906,4300.0,3748.591111111111
178907,3400.0,16714.277777777777
178908,2950.0,2661.8577
178909,7000.0,15170.16
178910,689000.0,753920.07
178911,3400.0,3545.576666666667
178912,6100.0,6086.876666666667
178913,798000.0,799254.0733333334
178914,2400.0,2359.2233333333334
178915,1341360.0,1461760.8666666667
178916,3250.0,5132.441111111111
178917,1042000.0,911508.64
178918,10000.0,8703.22
178919,1640000.0,1866668.6666666667
178920,567000.0,554298.2466666667
178921,375000.0,417047.5133333333
178922,5200.0,4505.3
178923,295000.0,298455.41666666674
178924,7300.0,6523.938888888889
178925,585000.0,625850.67
178926,1390000.0,1282049.6258666667
178927,1150000.0,1260385.25
178928,549000.0,556111.8666666667
178929,970000.0,1002953.8266666667
178930,850000.0,866537.7222222222
178931,840005.0,761922.55
178932,5500.0,6759.42
178933,910000.0,904102.0066666667
178934,3800.0,4403.046666666667
178935,5500.0,6580.006666666667
178936,1919000.0,1923419.0
178937,455000.0,591586.5766666667
178938,1995.0,2407.09
178939,1445818.0,1717832.3
178940,1080000.0,1099885.4233333333
178941,4900.0,4827.986666666667
178942,623900.0,581159.0066666667
178943,1125000.0,1010404.3166666667
178944,2250000.0,1964370.1333333333
178945,2780000.0,2770350.8733333335
178946,718900.0,697167.2416666667
178947,2100.0,2151.0033333333336
178948,6800.0,6102.006666666667
178949,3500.0,3346.6055555555554
178950,5600.0,5484.666666666667
178951,5500.0,5302.25
178952,750000.0,727633.8911111112
178953,585000.0,529959.74
178954,2300.0,2755.22
178955,4800.0,4841.733333333334
178956,620000.0,589449.55
178957,2000.0,2716.3194444444443
178958,535000.0,484500.0
178959,460000.0,465777.81666666665
178960,1250000.0,1390734.5266666666
178961,7250.0,8452.233333333334
178962,1500.0,1973.2355555555555
178963,955000.0,910283.3333333334
178964,6200.0,5819.513333333333
178965,525000.0,775904.4733333334
178966,1356880.0,1586764.4166666667
178967,860000.0,658575.85
178968,700000.0,746948.6333333333
178969,3600.0,3928.233333333333
178970,3550.0,3495.040555555556
178971,555000.0,495114.7966666667
178972,722000.0,794435.66
178973,696832.0,678685.6133333333
178974,571227.0,551524.1933333334
178975,5850.0,4644.196666666667
178976,573767.0,525420.69
178977,225000.0,347847.6
178978,1486000.0,2003731.13
178979,857000.0,890513.3333333334
178980,2895.0,2729.9
178981,775000.0,786993.08
178982,849000.0,922391.95
178983,5300.0,5478.105555555555
178984,2500000.0,2046877.4266666668
178985,650000.0,612104.0466666666
178986,1205000.0,1153991.88
178987,775000.0,748211.66
178988,1500888.0,1314603.07
178989,605000.0,616237.0
178990,1275000.0,1039193.19
178991,1180000.0,1149218.1666666667
178992,555000.0,446085.18
178993,940000.0,780773.33
178994,268500.0,293698.30333333334
178995,525000.0,439710.8566666667
178996,2350000.0,2170541.7666666666
178997,553000.0,591211.0
178998,3100.0,3370.25
178999,540000.0,615561.2466666667
179000,560000.0,536956.1666666666
179001,787000.0,816195.8833333333
179002,899000.0,832229.42
179003,1130000.0,1631837.1066666667
179004,438000.0,383157.90555555554
179005,1200000.0,1010225.55
179006,969000.0,894981.4
179007,6250.0,7748.627777777779
179008,2050.0,2192.8904777777775
179009,350000.0,668413.9933333333
179010,2560050.0,2203429.8333333335
179011,1175000.0,963201.3333333334
179012,1300000.0,1476984.85
179013,1355000.0,1062804.8333333333
179014,530000.0,609591.8333333334
179015,1505000.0,1472609.5866666667
179016,1300000.0,1308037.8966666667
179017,1110000.0,1095834.9133333333
179018,825000.0,792147.3333333334
179019,450000.0,616092.5933333334
179020,5000.0,5944.62
179021,1275000.0,1394852.4966666666
179022,750000.0,898849.1333333333
179023,637000.0,636228.9366666666
179024,459000.0,399108.6533333333
179025,11450.0,10973.465555555555
179026,1100000.0,1037464.1533333333
179027,995900.0,1253474.03
179028,1200000.0,1255527.1666666667
179029,2000.0,2192.470277777778
179030,395000.0,677483.3733333333
179031,1045000.0,1000275.0
179032,260000.0,278157.0
179033,590000.0,600621.3333333334
179034,2750000.0,1969144.5233333334
179035,2490000.0,2263892.0712333336
179036,910000.0,746580.56
179037,935000.0,1325687.9166666667
179038,3366000.0,3541622.75
179039,1200000.0,886660.19
179040,8500.0,7559.54611111111
179041,1288800.0,1283359.6666666667
179042,960000.0,962417.72
179043,2540000.0,2335789.223333333
179044,1200000.0,1209488.7166666666
179045,550000.0,590550.42
179046,1440000.0,1498220.9166666667
179047,2260000.0,2032454.9233333333
179048,10500.0,6995.6866666666665
179049,860000.0,809197.3
179050,5700.0,3961.0533333333324
179051,1190000.0,849641.45
179052,295000.0,208017.99666666667
179053,790000.0,722688.41
179054,880000.0,1027648.0833333334
179055,850000.0,876206.2722222222
179056,777000.0,737347.8133333334
179057,650000.0,669370.76
179058,682000.0,666823.9166666666
179059,882500.0,979685.1666666666
179060,1300000.0,1073692.2333333334
179061,910000.0,1107791.0433333332
179062,595000.0,631619.1333333333
179063,880000.0,1043271.607777778
179064,418000.0,406206.5266666667
179065,1700000.0,1717175.88
179066,1285000.0,1290554.0166666666
179067,765000.0,717800.0633333334
179068,410000.0,418544.10333333333
179069,579000.0,540185.0466666666
179070,560000.0,532820.63
179071,530000.0,536936.3
179072,775000.0,674714.9166666666
179073,875000.0,908280.1566666666
179074,800000.0,869487.9933333333
179075,1140000.0,1568048.1166666667
179076,4300.0,5016.987777777778
179077,625000.0,1024025.0666666667
179078,890000.0,937052.89
179079,1365000.0,1302014.3366666667
179080,389000.0,396299.0411111111
179081,710000.0,715926.2933333333
179082,580000.0,605255.0
179083,880000.0,936302.1633333333
179084,270000.0,235146.69333333333
179085,1150000.0,1298542.94
179086,1300000.0,1270598.9166666667
179087,7500.0,7713.656666666667
179088,2455000.0,2776072.21
179089,1050000.0,1194784.6833333333
179090,770000.0,747480.9533333334
179091,5600.0,5399.752222222222
179092,1765000.0,2193615.1666666665
179093,563000.0,615425.1
179094,1065000.0,1094882.3333333333
179095,3860000.0,3195561.25
179096,605000.0,637477.44
179097,998615.0,1085483.7433333334
179098,550000.0,564570.8333333334
179099,2300000.0,2173195.3
179100,640000.0,674714.0766666667
179101,850000.0,836673.1666666666
179102,270000.0,285897.43476190476
179103,739999.0,682688.3
179104,947000.0,963189.6933333334
179105,1975000.0,1845101.5166666666
179106,1320000.0,1163667.99
179107,3500000.0,3113189.9
179108,2425300.0,2275145.9833333334
179109,832000.0,792142.3133333334
179110,750000.0,757626.5433333333
179111,2025000.0,2093126.5466666666
179112,7777.0,6427.826666666667
179113,835000.0,688281.15
179114,565000.0,799486.54
179115,1615000.0,1365982.3733333333
179116,962000.0,1031334.2933333333
179117,400000.0,643070.1633333333
179118,365000.0,361472.3466666667
179119,700000.0,721162.1633333333
179120,341000.0,344449.99333333335
179121,1320000.0,1352513.0333333334
179122,1499000.0,1207865.2366666666
179123,710000.0,868524.4266666666
179124,979000.0,1189050.2933333332
179125,825000.0,903929.9066666666
179126,1240000.0,991451.7
179127,539000.0,427036.67
179128,735000.0,790775.1166666667
179129,4900.0,4573.428412698412
179130,12000.0,8479.42
179131,590000.0,655887.8533333334
179132,454900.0,532769.7966666666
179133,360000.0,422369.79
179134,310000.0,239327.1
179135,639000.0,558494.6666666666
179136,2330000.0,2593774.8525
179137,435000.0,399508.43333333335
179138,750000.0,867984.4466666667
179139,870000.0,845851.0133333333
179140,1379000.0,1283447.2666666666
179141,545000.0,523225.25333333336
179142,1070000.0,1064311.2466666666
179143,1600000.0,1210566.0833333333
179144,965000.0,846202.5111111111
179145,1776000.0,1242733.69
179146,1372500.0,1271372.6866666668
179147,755000.0,755149.1533333333
179148,535000.0,535932.6466666666
179149,1505000.0,1336692.6666666667
179150,580000.0,538332.21
179151,550000.0,486267.17333333334
179152,763000.0,720174.6866666666
179153,1385000.0,1555569.34
179154,430000.0,420247.7
179155,1295000.0,1256853.75
179156,350000.0,437730.9611111111
179157,756000.0,886296.6666666666
179158,1635000.0,1521853.5866666667
179159,4100.0,4050.7344444444448
179160,2080000.0,2030445.7
179161,980000.0,833371.6666666666
179162,720000.0,757771.1466666666
179163,2650000.0,2304334.7933333335
179164,1225000.0,1167200.7133333334
179165,1050000.0,913496.3333333334
179166,800000.0,743726.1111111111
179167,1265000.0,1399424.4596666668
179168,575000.0,543504.268888889
179169,755000.0,709981.53
179170,599000.0,529686.7655555556
179171,2320000.0,2521499.566666667
179172,355000.0,358495.99666666664
179173,1475000.0,1550386.92
179174,2650.0,2493.133333333333
179175,455000.0,425286.6
179176,1590.0,1698.169365079365
179177,4400.0,4207.4
179178,1010000.0,880534.2333333333
179179,840000.0,763484.0866666667
179180,749000.0,739200.6666666666
179181,556000.0,555957.0133333333
179182,750000.0,1071028.16
179183,600000.0,552405.6266666667
179184,780000.0,917587.2433333333
179185,1000000.0,748770.6666666666
179186,6700.0,6394.113333333334
179187,2595.0,2472.9333333333334
179188,535000.0,544237.1377777779
179189,785000.0,755458.7433333333
179190,3400.0,3327.9466666666667
179191,1050000.0,1117792.5
179192,2100000.0,1680978.4383333332
179193,549900.0,502865.3
179194,615000.0,539963.0333333333
179195,748800.0,729387.2166666667
179196,1199999.0,1045659.4
179197,1025000.0,991839.0
179198,1160000.0,803410.3533333334
179199,1035000.0,951928.5066666667
179200,680000.0,600832.4033333333
179201,5500.0,5379.686111111111
179202,459000.0,333026.3333333333
179203,1752500.0,1658806.06
179204,1000000.0,1040090.76
179205,2875.0,3832.704444444444
179206,811888.0,873776.6666666666
179207,367500.0,361910.33
179208,1425000.0,1291354.8666666667
179209,745000.0,844173.0333333333
179210,570000.0,483693.8
179211,1060000.0,1034258.5522222221
179212,1400000.0,1516019.9288888888
179213,355000.0,294463.31333333335
179214,4585000.0,4037714.9833333334
179215,485000.0,461680.48333333334
179216,2160000.0,2254372.816666667
179217,575000.0,583687.44
179218,440000.0,490654.91
179219,850000.0,1088919.25
179220,640000.0,601442.8044444444
179221,1496000.0,1574418.6633333333
179222,80000.0,49421.55553333333
179223,1295000.0,1300636.2666666666
179224,705000.0,709093.9333333333
179225,2550226.0,2229690.1666666665
179226,648500.0,628353.6666666666
179227,1200000.0,824372.66
179228,2652000.0,2170839.1792
179229,770000.0,759986.4866666667
179230,1632000.0,1559229.55
179231,1050000.0,987841.0966666667
179232,610000.0,621572.4166666666
179233,1640000.0,1655567.78
179234,950000.0,1077046.3133333332
179235,810000.0,1927751.6
179236,415000.0,382217.7633333333
179237,2600000.0,2310332.526666667
179238,574999.0,624791.7233333334
179239,4600.0,5854.322222222222
179240,746000.0,756832.6666666666
179241,2480.0,3137.678888888888
179242,950000.0,953678.5555555554
179243,1200000.0,1238802.0666666667
179244,1753000.0,1552389.75
179245,495000.0,531297.1044444445
179246,5750.0,5351.496666666667
179247,1063000.0,1076824.32
179248,730000.0,738839.33
179249,4995.0,5288.218333333334
179250,4900.0,4743.082222222221
179251,765000.0,1001098.39
179252,690000.0,790744.88
179253,1332500.0,1274543.0733333332
179254,1480000.0,1398414.4366666668
179255,1317000.0,1424854.0666666667
179256,1800000.0,1413142.5866666667
179257,3200000.0,2878782.02
179258,900000.0,1129136.63
179259,4800.0,6417.926666666666
179260,1305000.0,1457183.1833333333
179261,935000.0,1070675.7166666666
179262,2300000.0,2161131.013333333
179263,789000.0,811613.3333333334
179264,18000.0,19911.233333333334
179265,2750.0,2999.48
179266,1085000.0,965447.1933333334
179267,1385000.0,1638303.77
179268,1590000.0,1404792.3477777778
179269,835000.0,821438.1355555556
179270,7300.0,6404.203333333333
179271,825000.0,902710.5833333334
179272,865000.0,773180.1
179273,815000.0,814739.5266666666
179274,810000.0,806412.6666666666
179275,610000.0,637363.2566666667
179276,4250.0,3985.233333333333
179277,935000.0,909732.4566666667
179278,1005000.0,1030748.38
179279,7375.0,5377.822222222222
179280,790000.0,955005.6666666666
179281,345000.0,342693.0
179282,755000.0,774770.5644444444
179283,840000.0,988028.07
179284,1675000.0,1528591.1866666668
179285,2800000.0,1251028.2519999996
179286,3300.0,2853.1155555555556
179287,1745000.0,1096050.0033333334
179288,1275000.0,1086903.4333333333
179289,1035000.0,941604.3333333334
179290,390000.0,524878.8466666667
179291,529000.0,626337.4166666666
179292,840000.0,967445.8266666667
179293,265000.0,230420.83
179294,4000.0,3764.35
179295,750000.0,851985.9544444445
179296,1750000.0,1268513.8
179297,6300.0,7007.706666666667
179298,835000.0,868205.8266666667
179299,5000000.0,3552461.2266666666
179300,1100000.0,1128178.3333333333
179301,641000.0,637375.0633333334
179302,780000.0,788308.6677777778
179303,875000.0,868760.5444444445
179304,2400.0,2811.99
179305,1525000.0,1454599.2933333332
179306,8000.0,7921.328333333333
179307,3300000.0,3638512.09
179308,2900.0,2989.277777777778
179309,4850.0,4526.8
179310,1630000.0,1145754.9633333334
179311,720000.0,752908.3333333334
179312,5400.0,5092.116666666667
179313,65000.0,179519.37
179314,800000.0,842959.99
179315,5950.0,5926.955555555556
179316,1685000.0,1358469.5233333334
179317,1750.0,1928.7611111111112
179318,1300000.0,1071839.0711111112
179319,432000.0,408589.93133333337
179320,835000.0,802028.2533333333
179321,1918088.0,1959875.6633333333
179322,1768888.0,1524031.1333333333
179323,1638000.0,1463804.3466666667
179324,650000.0,567463.48
179325,1407500.0,1189377.9933333334
179326,200000.0,332420.08
179327,1430000.0,1650654.24
179328,1300000.0,1296807.111111111
179329,230000.0,367538.6666666667
179330,878000.0,873329.6266666667
179331,820000.0,806755.1322222222
179332,795500.0,789004.7611111111
179333,642000.0,577343.7033333334
179334,1132000.0,1184578.5433333332
179335,175000.0,538262.0033333333
179336,957000.0,982212.6822222223
179337,765000.0,711863.3266666667
179338,679000.0,658638.0
179339,975000.0,674022.7533333333
179340,1472000.0,1402399.21
179341,460200.0,651869.6733333333
179342,899999.0,937992.7566666667
179343,3700.0,3249.6966666666667
179344,1400000.0,1493826.3
179345,769000.0,654479.62
179346,625000.0,836093.4966666667
179347,2410000.0,2235393.4066666667
179348,2327000.0,3195030.64
179349,1670000.0,1625296.3333333333
179350,3300.0,3486.5
179351,850000.0,755783.0
179352,669000.0,549288.4733333334
179353,399000.0,469813.6666666667
179354,4800.0,4530.566666666667
179355,750000.0,824727.2155555555
179356,860000.0,816756.75
179357,150000.0,264925.66
179358,920000.0,571169.6333333333
179359,1650000.0,1683811.28
179360,775000.0,791614.67
179361,4300.0,6482.176666666666
179362,575000.0,530714.1666666666
179363,1000000.0,1196488.3333333333
179364,199900.0,627660.5733333334
179365,3200.0,3989.545555555555
179366,1650000.0,1991047.64
179367,1089000.0,1151369.8
179368,907000.0,855839.57
179369,1125000.0,1328379.1766666668
179370,782000.0,709599.9666666667
179371,1100000.0,1560086.1966666668
179372,1049000.0,964385.9333333333
179373,1460000.0,1388155.33
179374,557500.0,577503.1822222222
179375,1200000.0,980472.5
179376,663500.0,816409.6366666667
179377,686500.0,705225.3
179378,920000.0,856094.73
179379,810000.0,876158.4966666667
179380,570000.0,600987.3288888888
179381,565000.0,531733.8333333334
179382,759000.0,779564.9666666667
179383,1200000.0,1108015.45
179384,730000.0,654250.5
179385,1350000.0,1444811.0
179386,70000.0,126734.5
179387,494000.0,526308.8166666667
179388,1425000.0,1332419.6266666667
179389,450000.0,443587.9166666667
179390,560000.0,587317.6666666666
179391,800000.0,746852.3333333334
179392,1340000.0,1514532.03
179393,2540000.0,1481132.2266666666
179394,975000.0,830477.3166666667
179395,2360000.0,1926402.5418333332
179396,335000.0,273184.11
179397,3550.0,3845.869814814815
179398,815000.0,781266.3333333334
179399,662000.0,520425.0
179400,5250.0,7225.96
179401,1580000.0,1491332.3633333333
179402,595000.0,600717.6266666667
179403,2475000.0,1919714.1866666668
179404,1005000.0,1241065.6833333333
179405,6200.0,6041.754444444444
179406,750000.0,744961.71
179407,275000.0,340997.1666666667
179408,510000.0,540916.38
179409,3200.0,3259.6
179410,3995.0,3899.108333333333
179411,610000.0,592280.4
179412,266500.0,296617.79
179413,1280000.0,1448648.4333333333
179414,485000.0,262860.29333333333
179415,3250.0,3519.8566666666666
179416,275000.0,316533.01
179417,3475000.0,2972340.993333333
179418,1350000.0,1412776.0733333332
179419,1304000.0,1168738.7266666666
179420,1700000.0,1368160.8333333333
179421,720000.0,737259.32
179422,945000.0,814316.65
179423,819000.0,831860.8488888888
179424,1900000.0,1621886.9033333333
179425,780000.0,656071.3333333334
179426,975000.0,1022141.8166666667
179427,1200000.0,1317980.84
179428,1479030.0,1308735.7533333334
179429,375000.0,372371.47
179430,1165000.0,1335360.4666666666
179431,940000.0,1026340.1333333333
179432,485000.0,466405.0
179433,657000.0,699941.3444444444
179434,1580000.0,1367571.1166666667
179435,6500.0,6801.641666666666
179436,689000.0,674686.8333333334
179437,310000.0,220596.69841269843
179438,518000.0,601820.7033333334
179439,606000.0,591604.42
179440,491000.0,408015.92
179441,2695.0,2402.1804629629632
179442,3900000.0,3352621.953333333
179443,2500.0,2770.6155555555556
179444,918000.0,953440.9966666667
179445,7200.0,7513.785277777777
179446,2950000.0,3081589.0933333333
179447,955000.0,884311.0833333334
179448,2250.0,2970.9266666666667
179449,569900.0,637317.0966666667
179450,1375000.0,1299896.1433333333
179451,1460000.0,1803293.6833333333
179452,500000.0,484893.3333333333
179453,670000.0,671439.2233333334
179454,1620000.0,1895436.4217333333
179455,390000.0,367596.9633333333
179456,525000.0,471788.18666666665
179457,650000.0,633583.8333333334
179458,440000.0,426296.86666666664
179459,4500.0,4232.32111111111
179460,779000.0,579783.0933333334
179461,770000.0,951312.99
179462,1150000.0,1160566.09
179463,855000.0,875994.25
179464,152000.0,158799.0
179465,2695.0,2796.844444444444
179466,417000.0,428419.93
179467,685000.0,691090.8333333334
179468,1650000.0,1784626.6666666667
179469,2340000.0,2663285.486666667
179470,4075000.0,3932721.6166666667
179471,7500.0,6891.926666666666
179472,9750.0,8529.955544444443
179473,6995.0,9535.427766666668
179474,750000.0,626046.96
179475,750000.0,832340.2666666667
179476,545000.0,553284.6033333334
179477,700000.0,941055.8133333334
179478,1140000.0,1077079.88
179479,1125000.0,1055307.59
179480,829000.0,874743.6666666666
179481,1375000.0,1544043.0935
179482,2200000.0,2387323.47
179483,1405000.0,1235004.6833333333
179484,1685000.0,1428945.8233333332
179485,1460000.0,1660925.0
179486,730000.0,581557.3533333334
179487,675000.0,656888.8666666667
179488,1070000.0,1001544.71
179489,990000.0,911409.6666666666
179490,2050.0,2550.5911111111113
179491,699000.0,798345.7833333333
179492,1860000.0,1484071.1266666667
179493,860000.0,859021.4166666666
179494,392500.0,677264.7922222222
179495,1400000.0,1290111.24
179496,2150000.0,1818891.7933333332
179497,1050000.0,1156743.59
179498,334990.0,368689.0806666667
179499,705000.0,711070.68
179500,846000.0,882109.7515555555
179501,1255000.0,1371714.55
179502,985000.0,1155751.0
179503,575000.0,612518.54
179504,654990.0,664522.0433333333
179505,840000.0,621186.5333333333
179506,610500.0,578129.3533333334
179507,399990.0,374292.3333333333
179508,1375000.0,1403729.64
179509,1550000.0,1466639.9933333334
179510,1220000.0,1260909.38
179511,1830000.0,1651504.1933333334
179512,885000.0,823397.5344444443
179513,800000.0,799947.5833333334
179514,620000.0,567543.6666666666
179515,886000.0,995611.56
179516,4600.0,3895.05
179517,659990.0,644255.4233333333
179518,407000.0,403606.54
179519,6200.0,6414.365079365079
179520,515000.0,527684.6366666667
179521,465000.0,444202.32666666666
179522,652990.0,641736.0233333333
179523,835000.0,939975.2666666667
179524,1875000.0,1484512.3066666666
179525,1387500.0,1234906.6433333333
179526,815000.0,910526.87
179527,656990.0,625773.18
179528,1530000.0,1401970.572222222
179529,569000.0,576599.5333333333
179530,399000.0,307958.33
179531,1055000.0,1034783.7222222221
179532,800000.0,1179717.66
179533,2230000.0,1885446.8533333333
179534,1010000.0,917128.85
179535,1200000.0,1152981.0
179536,410000.0,490642.43333333335
179537,539000.0,666593.6733333333
179538,580000.0,637728.17
179539,3200.0,3750.266666666667
179540,2812000.0,2913208.6566666667
179541,740000.0,761136.6666666666
179542,1270000.0,1365435.67
179543,442888.0,436472.3333333333
179544,476990.0,508869.1566666667
179545,1009000.0,1003506.1633333333
179546,649990.0,646589.66
179547,311000.0,312021.73333333334
179548,1348500.0,1238239.4366666668
179549,454500.0,437099.33666666667
179550,670000.0,557203.0
179551,4150.0,3786.9066666666668
179552,15000.0,18268.183333333334
179553,816000.0,779531.96
179554,1750000.0,1800370.12
179555,346500.0,192746.29333333333
179556,5850.0,9144.666666666666
179557,605000.0,578086.0066666667
179558,840000.0,832650.3333333334
179559,1841000.0,1674320.22
179560,979000.0,916173.05
179561,990000.0,980042.7622222223
179562,1975000.0,1697787.4833333334
179563,1526000.0,1686957.0833333333
179564,1120000.0,1227444.0266666666
179565,793000.0,742083.3333333334
179566,1275000.0,1239553.33
179567,5870.0,7935.176666666666
179568,1445000.0,1434004.25
179569,3000.0,3147.6388888888887
179570,2650.0,2319.903888888889
179571,1190000.0,1055617.2933333332
179572,890000.0,933543.3333333334
179573,625000.0,605679.32
179574,1412648.0,1527621.6666666667
179575,1450000.0,1335852.2166666666
179576,837000.0,879159.4444444444
179577,804000.0,792742.3333333334
179578,2035000.0,1462064.6566666667
179579,880000.0,744290.69
179580,757000.0,519098.44333333336
179581,360000.0,346498.59
179582,540000.0,491684.35333333333
179583,975000.0,1011973.96
179584,3500.0,4133.776666666667
179585,789000.0,784987.5111111111
179586,950000.0,947858.8333333334
179587,3000.0,3187.9666666666667
179588,1450000.0,1296519.3966666667
179589,1264900.0,1185627.4477777777
179590,460000.0,369762.49333333335
179591,840000.0,873547.6666666666
179592,955000.0,959790.6476666667
179593,2450000.0,2080587.1833333333
179594,382000.0,381935.58111111115
179595,720000.0,673318.6666666666
179596,435000.0,357375.94111111114
179597,722000.0,744957.2333333333
179598,910000.0,876035.0066666667
179599,720000.0,946662.6366666667
179600,1712500.0,1498951.1366666667
179601,705000.0,839463.6633333333
179602,560000.0,596305.3366666667
179603,1005000.0,1054003.8488888887
179604,1175000.0,1176868.65
179605,2499000.0,1855543.5466666666
179606,500000.0,510639.6666666667
179607,777888.0,794773.4866666667
179608,1255000.0,1143082.5172222222
179609,274900.0,298580.13333333336
179610,1100000.0,890480.77
179611,2200000.0,2581293.8266666667
179612,2695000.0,2739589.3866666667
179613,397000.0,366895.1666666667
179614,1626000.0,1815084.3833333333
179615,805000.0,856106.33
179616,950000.0,891346.75
179617,1550000.0,1278934.94
179618,1925000.0,2729479.59
179619,1321000.0,1502721.1233333333
179620,549000.0,525719.76
179621,640000.0,1006133.8066666666
179622,1593000.0,1696351.66
179623,1290000.0,1338793.4433333334
179624,675000.0,664961.0533333333
179625,1000000.0,709384.5466666666
179626,818000.0,634225.4066666666
179627,1850.0,1827.0159523809523
179628,1700000.0,1199899.3066666666
179629,668220.0,636396.8066666666
179630,2250000.0,1883348.9333333333
179631,813000.0,768599.6633333333
179632,3500.0,3719.31
179633,1480000.0,1315948.5933333333
179634,580000.0,615222.2133333334
179635,380000.0,364834.38
179636,1368000.0,1218301.7533333334
179637,3500.0,3293.483333333333
179638,509990.0,527663.2466666667
179639,705000.0,696123.4333333333
179640,1192000.0,1276719.4666666666
179641,985000.0,1085751.6633333333
179642,4250.0,4098.333333333333
179643,600000.0,573307.3166666667
179644,750000.0,754298.1266666667
179645,4300.0,4182.134166666667
179646,15000.0,14451.377777777776
179647,920000.0,599556.7333333333
179648,675000.0,694302.0466666666
179649,530000.0,517596.12
179650,521000.0,538586.7833333333
179651,1379000.0,1356851.65
179652,1085000.0,1108959.66
179653,2375000.0,1823824.2933333332
179654,907000.0,788300.4433333334
179655,775000.0,762139.8616666667
179656,440000.0,391659.3333333333
179657,1300000.0,1161627.4866666666
179658,2167000.0,2331639.1933333334
179659,965000.0,834614.92
179660,1450000.0,1401717.8277777778
179661,460000.0,453440.66333333333
179662,1500000.0,1441744.3133333332
179663,5500.0,6139.703333333333
179664,389000.0,436829.86333333334
179665,1630000.0,1496014.8
179666,1505000.0,1240549.6033333333
179667,735000.0,732586.25
179668,605000.0,544165.7255555557
179669,911000.0,894656.7833333333
179670,430000.0,443238.5
179671,507000.0,496742.62666666665
179672,749000.0,764672.2333333333
179673,745000.0,789819.3266666667
179674,1750000.0,1369220.3333333333
179675,635000.0,560946.5
179676,2200.0,2662.6866666666665
179677,370000.0,350127.6566666667
179678,540000.0,533936.3277777777
179679,2185000.0,2700728.033333333
179680,999000.0,1019961.2266666667
179681,625000.0,726883.3666666667
179682,860000.0,764798.3166666667
179683,1580000.0,1736671.7933333332
179684,896000.0,913849.9266666666
179685,550000.0,526961.9966666667
179686,2258000.0,2072174.5833333333
179687,505000.0,496346.45
179688,290000.0,279128.6666666667
179689,705000.0,698074.79
179690,1505000.0,1266835.9066666667
179691,1400000.0,1221487.66
179692,942500.0,936750.8333333334
179693,720000.0,678287.72
179694,544915.0,540571.3533333334
179695,2945.0,3040.66
179696,410000.0,466161.48
179697,1575000.0,1625957.9766666666
179698,980000.0,925971.81
179699,795000.0,766118.3333333334
179700,815000.0,711974.9233333333
179701,730000.0,881040.3366666667
179702,990000.0,918257.0
179703,3800.0,6296.416666666667
179704,220000.0,186499.66333333333
179705,2860000.0,2837558.066666667
179706,1200000.0,1409039.2666666666
179707,519000.0,492950.99333333335
179708,230000.0,406339.50333333336
179709,3200.0,3610.7
179710,2015000.0,1714099.34
179711,1296000.0,1412381.85
179712,1030000.0,771096.1389333331
179713,534950.0,547417.3333333334
179714,2200.0,2660.117407407407
179715,1600000.0,1598635.7747666666
179716,9250.0,10657.98
179717,6500.0,6524.153333333334
179718,990000.0,984043.2
179719,985000.0,1004336.3566666667
179720,1000000.0,1155903.0977777778
179721,689000.0,651965.09
179722,860000.0,1159387.7666666666
179723,675000.0,679170.32
179724,4800.0,4419.333333333333
179725,450000.0,338430.03
179726,850000.0,820342.5
179727,735000.0,309021.75
179728,1175000.0,1206403.71
179729,1150000.0,893540.6814333333
179730,2120000.0,1965242.9447222224
179731,809000.0,869213.5833333334
179732,8000.0,7083.213333333333
179733,1790000.0,1789592.7933333332
179734,895000.0,931638.4077777779
179735,1850000.0,2595619.9033333333
179736,770000.0,869024.2
179737,650000.0,753139.8366666667
179738,3159.0,3595.794444444445
179739,3250.0,3710.5411111111116
179740,1750000.0,1431965.87
179741,850000.0,757520.17
179742,199500.0,865836.6466666666
179743,990000.0,1117778.1766666668
179744,1750000.0,1433956.4733333334
179745,250000.0,222368.04
179746,145000.0,425602.3333333333
179747,727000.0,628826.39
179748,850000.0,840926.2933333333
179749,900000.0,966966.7466666667
179750,390000.0,485431.6920444445
179751,250000.0,263226.96
179752,580000.0,576823.231111111
179753,275000.0,296020.57
179754,875000.0,867488.75
179755,950000.0,949555.4433333334
179756,1125000.0,1079146.7666666666
179757,929500.0,892083.2733333333
179758,2750.0,2945.091111111111
179759,2700000.0,2465879.17
179760,765000.0,770934.66
179761,1849900.0,1712942.6233333333
179762,1350000.0,1194359.5
179763,525000.0,491228.9766666667
179764,5000.0,5000.616666666667
179765,2300000.0,2518417.26
179766,2275.0,2627.76
179767,715000.0,441041.7033333333
179768,2900.0,2895.405
179769,1250000.0,1129885.3833333333
179770,2125000.0,2046106.5966666667
179771,2087500.0,1762045.0
179772,950000.0,999757.2033333334
179773,530000.0,442079.75666666665
179774,2600.0,2717.19
179775,410000.0,466392.21111111104
179776,4775.0,4883.263333333333
179777,728000.0,836923.74
179778,520000.0,471241.0
179779,605000.0,634769.8766666667
179780,3200.0,3100.35
179781,405000.0,584089.0033333333
179782,1400000.0,1301954.92
179783,1400000.0,1332124.6266666667
179784,550000.0,553561.4666666667
179785,4600.0,4665.090476190477
179786,3700.0,3679.403333333333
179787,625000.0,609878.4966666667
179788,1350000.0,1089390.9038333332
179789,3750.0,3911.8672222222226
179790,3200.0,3008.8258333333333
179791,1280000.0,1141178.51
179792,1700.0,1727.1011111111113
179793,1100000.0,845580.9633333334
179794,1800.0,4325.921111111111
179795,1650.0,1926.6133333333332
179796,1350000.0,1462090.1733333333
179797,652500.0,524568.0833333334
179798,2600.0,3689.0133333333333
179799,3500.0,3282.0
179800,2250000.0,2114219.493333333
179801,5500.0,5689.077777777778
179802,815000.0,736260.1666666666
179803,485000.0,547549.2666666667
179804,2310000.0,2047270.4266666668
179805,720000.0,730708.68
179806,2325000.0,1834049.4466666668
179807,1300000.0,1610688.16
179808,210000.0,296873.80333333334
179809,2078000.0,2061450.065
179810,875000.0,824100.6633333333
179811,1605000.0,1511125.7333333334
179812,880000.0,881143.8333333334
179813,879000.0,780545.1533333333
179814,865000.0,828246.9033333333
179815,975000.0,912590.86
179816,2150.0,2129.086388888889
179817,584000.0,650983.0377777778
179818,635000.0,826218.2066666667
179819,790000.0,797449.5333333333
179820,610000.0,638424.2
179821,1000000.0,856483.0
179822,1431500.0,1449983.83
179823,595000.0,634478.3133333334
179824,1370000.0,1437000.0733333332
179825,930369.0,873089.1
179826,1445000.0,1362298.51
179827,2500.0,2184.537777777778
179828,1350000.0,1249013.46
179829,1290000.0,1025697.2933333333
179830,480000.0,439324.44
179831,930000.0,770194.3166666667
179832,1700.0,2004.9933333333333
179833,995000.0,808517.3333333334
179834,1420000.0,1322690.0666666667
179835,775000.0,695217.3666666667
179836,650000.0,768539.4566666667
179837,945000.0,1130525.26
179838,181000.0,505327.3333333333
179839,1350000.0,1521861.0
179840,1100000.0,1029848.5533333333
179841,1570000.0,1445127.5666666667
179842,750235.0,894860.1666666666
179843,752000.0,896600.0
179844,1100000.0,1206535.9566666668
179845,830000.0,1088955.06
179846,2600.0,2448.0983333333334
179847,720000.0,971723.5933333334
179848,870000.0,977168.8
179849,990000.0,941580.81
179850,655000.0,577510.2933333333
179851,600000.0,529849.9933333333
179852,850000.0,649597.2933333333
179853,419000.0,423187.99666666664
179854,500000.0,505713.66333333333
179855,960000.0,997487.09
179856,7250.0,8649.984444444444
179857,2260000.0,1773935.3833333333
179858,645000.0,582015.5033333333
179859,1875000.0,1569169.73
179860,815000.0,865717.3111111112
179861,1630000.0,1528266.6
179862,2000000.0,1880566.0
179863,520000.0,599671.6366666667
179864,1535000.0,1550300.9233333333
179865,1187500.0,1002962.6966666667
179866,699000.0,651499.13
179867,4945.0,5521.4333333333325
179868,525000.0,537627.9166666666
179869,783000.0,666605.7777777779
179870,1175000.0,917757.9966666667
179871,1640000.0,1577710.6644444445
179872,864311.0,787159.1666666666
179873,3950.0,3901.6005555555557
179874,800000.0,680396.1833333333
179875,1175000.0,1082160.0
179876,1295000.0,1229916.128
179877,2300.0,2622.545833333333
179878,300000.0,378629.5222222222
179879,3500000.0,3143230.1633333336
179880,825000.0,773100.0
179881,90000.0,325274.30666666664
179882,1609000.0,1413915.2533333334
179883,1158888.0,1100160.3066666666
179884,902000.0,1137281.8266666667
179885,1055000.0,1501015.0
179886,950000.0,1056309.24
179887,775000.0,864986.6733333333
179888,1320000.0,1036013.9533333334
179889,970000.0,954843.3966666666
179890,4900.0,4933.85
179891,465000.0,567725.4833333333
179892,670000.0,702042.0333333333
179893,660000.0,586589.0
179894,2550.0,2135.5122222222226
179895,2695.0,2719.8433333333332
179896,3571000.0,3107563.4166666665
179897,930000.0,788374.3666666667
179898,1655000.0,1674175.0
179899,1325000.0,1199165.1266666667
179900,437500.0,348968.3955555556
179901,475000.0,508452.1077777778
179902,485000.0,525137.6666666666
179903,2750.0,2902.3766666666666
179904,1010000.0,948647.3533333334
179905,350000.0,311921.64666666667
179906,1456250.0,1242143.5
179907,1560000.0,1265309.6333333333
179908,1645000.0,1393035.9
179909,825000.0,772232.0
179910,720000.0,723163.7
179911,950000.0,897016.2933333333
179912,540000.0,471431.5455555555
179913,390000.0,382374.81666666665
179914,1075000.0,942237.3366666667
179915,168000.0,245928.56777777782
179916,4350.0,4613.6466666666665
179917,429500.0,204820.83333333334
179918,385000.0,398983.62
179919,2700.0,2775.2527777777777
179920,1175000.0,1371845.26
179921,2400000.0,2008733.3333333333
179922,5950.0,5814.433333333334
179923,460000.0,360209.0
179924,1950.0,2189.366666666667
179925,975000.0,1017059.1433333333
179926,1450000.0,1471704.0
179927,750000.0,679909.7655555556
179928,555000.0,533878.8633333333
179929,1321500.0,1420523.3766666667
179930,870000.0,966863.5833333334
179931,950000.0,941276.4166666666
179932,800000.0,840473.3133333334
179933,1299000.0,1150428.6055555556
179934,1750000.0,1380691.3966666667
179935,599999.0,592782.8133333334
179936,949900.0,903633.3333333334
179937,1675000.0,1625370.8433333333
179938,1180000.0,1891333.89
179939,3200.0,3223.91
179940,1000000.0,878848.8224761904
179941,930000.0,977919.0466666666
179942,1040000.0,1230078.3633333333
179943,1550000.0,1651992.0133333334
179944,475000.0,446798.84
179945,544000.0,529636.4533333334
179946,958000.0,975822.3333333334
179947,470000.0,560524.4258333333
179948,1265000.0,1381707.2833333334
179949,688000.0,538949.3333333334
179950,1819000.0,1772454.1699666667
179951,888000.0,893133.9933333333
179952,1070000.0,971535.9833333333
179953,7000.0,7706.316666666667
179954,1200000.0,1153399.03
179955,660000.0,441529.0533333333
179956,1430000.0,1396583.7
179957,825000.0,817498.89
179958,1970.0,2200.5708522958525
179959,1252000.0,1181830.6666666667
179960,870000.0,990930.82
179961,2900000.0,1429335.8333333333
179962,1625000.0,1513062.3166666667
179963,1800000.0,2054294.68
179964,1849000.0,1832757.91
179965,760000.0,725285.5
179966,805000.0,994354.01
179967,392000.0,363466.6666666667
179968,930000.0,866949.4133333333
179969,555000.0,613861.9655555557
179970,3525100.0,3503134.92
179971,650000.0,742245.7
179972,1525000.0,1366542.6633333333
179973,484000.0,405891.3333333333
179974,1140000.0,1132164.4233333333
179975,780000.0,828917.2033333334
179976,810000.0,821996.18
179977,3835000.0,3745388.8533333335
179978,2100000.0,1132180.3333333333
179979,430000.0,445807.0
179980,560000.0,524453.0
179981,1400000.0,1462360.8
179982,585000.0,581730.7133333334
179983,1810000.0,2142228.1266666665
179984,670000.0,615136.96
179985,575000.0,578148.2033333334
179986,728000.0,385260.0833333333
179987,2100000.0,1330967.3333333333
179988,1164000.0,1052031.8333333333
179989,1350000.0,1431030.6666666667
179990,1762500.0,977611.1233333333
179991,568000.0,549170.0
179992,1099500.0,1292756.9266666668
179993,2800.0,2610.16
179994,933500.0,1000602.8633333333
179995,849000.0,849809.3266666667
179996,4300.0,5428.803333333333
179997,1280000.0,1354980.0877777778
179998,865000.0,803382.9
179999,1170000.0,1332368.0
180000,690000.0,705645.4633333334
180001,745000.0,753754.7166666667
180002,5100.0,4953.293333333333
180003,1790000.0,1428187.5466666666
180004,850000.0,846955.34
180005,900000.0,899164.8966666666
180006,488000.0,468638.42333333334
180007,2200000.0,2186329.4366666665
180008,287000.0,375806.7222222222
180009,1900000.0,1857315.7933333332
180010,825000.0,687816.3266666667
180011,780000.0,739670.1166666667
180012,1325000.0,1404649.3133333332
180013,445000.0,465706.3233333333
180014,679999.0,702924.3333333334
180015,779950.0,731567.9666666667
180016,510000.0,473710.2733333333
180017,850000.0,791809.4366666666
180018,565000.0,548881.2666666667
180019,2525000.0,2192584.8766666665
180020,670000.0,657276.4333333333
180021,930000.0,899563.4933333333
180022,1900.0,2183.016625781626
180023,1100000.0,1112898.1666666667
180024,1350000.0,1294126.07
180025,585000.0,392560.2233333333
180026,625000.0,617888.3833333333
180027,628000.0,644023.0533333333
180028,435000.0,369666.79333333333
180029,595000.0,558911.3333333334
180030,1200000.0,1154193.7033333334
180031,700000.0,672299.05
180032,960000.0,967981.1166666667
180033,2850.0,2814.972222222222
180034,1150000.0,947274.06
180035,1500000.0,1732268.4666666666
180036,1170000.0,1550323.63
180037,585000.0,577323.76
180038,2200000.0,2082314.2533333334
180039,787000.0,795308.5788888889
180040,650000.0,796836.51
180041,390000.0,545161.3266666667
180042,670000.0,745682.66
180043,1387000.0,1273507.3766666667
180044,670000.0,673929.6033333334
180045,4730000.0,2935086.22
180046,830000.0,881729.8366666667
180047,430000.0,515944.0
180048,797000.0,772047.9
180049,3950.0,3713.1133333333332
180050,645000.0,665536.3333333334
180051,1240000.0,1305144.2533333334
180052,357000.0,347316.9266666667
180053,585000.0,519859.81333333335
180054,1090000.0,949953.3666666667
180055,700000.0,728395.55
180056,4250.0,4624.833333333333
180057,920000.0,1213575.7526666666
180058,612500.0,701803.92
180059,970000.0,1039392.4
180060,1101750.0,1269184.5333333334
180061,340000.0,335538.9866666667
180062,965000.0,862372.45
180063,530000.0,481162.0233333333
180064,330000.0,337086.3333333333
180065,675000.0,838980.0804761904
180066,310000.0,352779.4666666667
180067,520000.0,530994.6511111112
180068,1400000.0,1947477.2333333334
180069,955000.0,969519.9
180070,559900.0,629146.5
180071,646000.0,648765.5766666667
180072,607500.0,603893.51
180073,635000.0,563475.5066666667
180074,878000.0,830141.1666666666
180075,810000.0,798984.3333333334
180076,466000.0,513448.49666666664
180077,895000.0,886156.3333333334
180078,935000.0,721946.2533333333
180079,1475000.0,1692072.6666666667
180080,1317000.0,1346390.7433333334
180081,510000.0,503678.8233333333
180082,640000.0,629541.0066666667
180083,5525000.0,3052948.6633333336
180084,815000.0,896840.0033333333
180085,865000.0,928593.0133333333
180086,710000.0,777212.8
180087,849000.0,818120.0
180088,935000.0,927993.68
180089,739999.0,746343.4333333333
180090,899999.0,915722.09
180091,529000.0,584625.26
180092,700000.0,723250.7
180093,1550.0,1785.1425
180094,600000.0,601224.6266666667
180095,645000.0,618054.2966666666
180096,499000.0,492770.2166666667
180097,831000.0,756818.8333333334
180098,3650.0,3594.9672222222216
180099,669990.0,704938.56
180100,620000.0,600294.3333333334
180101,4500.0,4383.25
180102,3250.0,2983.049722222222
180103,4000.0,4038.9733333333334
180104,767000.0,872169.1866666666
180105,2500.0,2379.5316666666668
180106,565000.0,507546.57
180107,1200000.0,1627075.01
180108,1600000.0,1333580.0
180109,1625000.0,1504508.7666666666
180110,3750000.0,3692405.3
180111,710000.0,1258314.6991666667
180112,780000.0,732691.5066666667
180113,915000.0,959277.8233333334
180114,2600.0,2576.286111111111
180115,1480480.0,1636086.3866666667
180116,1175000.0,1074644.3666666667
180117,1320000.0,1340457.8666666667
180118,1683000.0,2939102.1366666667
180119,470000.0,541444.8423809524
180120,820000.0,858351.8
180121,550000.0,527282.6666666666
180122,8195.0,10565.513333333334
180123,1570000.0,1605406.2933333332
180124,780000.0,738045.5533333333
180125,395000.0,445603.25
180126,755000.0,704039.92
180127,820000.0,934602.5466666666
180128,628000.0,615991.73
180129,5337500.0,3117653.723333333
180130,2525000.0,1994405.9533333334
180131,710000.0,718562.1266666667
180132,513000.0,545248.0
180133,1125000.0,990827.1533333333
180134,2200000.0,3172278.9233333333
180135,746000.0,699195.9133333333
180136,1115000.0,1203181.06
180137,2175.0,2441.17
180138,1575000.0,1192297.3077777778
180139,805000.0,806042.0
180140,5000.0,6255.07
180141,860000.0,957937.2733333333
180142,575000.0,653467.5166666667
180143,870000.0,971068.1833333333
180144,1775000.0,2848752.615833333
180145,1873300.0,3216672.6566666667
180146,589000.0,555990.29
180147,500000.0,479640.0
180148,3209375.0,3577369.276666667
180149,1070000.0,765913.6233333333
180150,635000.0,649928.6133333333
180151,3300.0,3676.79
180152,1699000.0,1349675.8066666666
180153,675000.0,653485.03
180154,1225000.0,1728925.1833333333
180155,650000.0,732686.5333333333
180156,1800.0,2147.6583333333333
180157,1775000.0,2729568.3633333333
180158,2875000.0,2411281.8333333335
180159,722000.0,995748.59
180160,1050000.0,1184598.8266666667
180161,930000.0,823360.5566666666
180162,1650000.0,1881395.45
180163,1175000.0,1066373.3933333338
180164,265000.0,350809.10333333333
180165,680000.0,649395.08
180166,1300000.0,1215132.7266666666
180167,1510000.0,1925127.7698000001
180168,2151000.0,1680644.4333333333
180169,1526000.0,1775898.8
180170,975000.0,908616.6766666666
180171,2550000.0,2460775.2579
180172,700000.0,740434.7666666667
180173,1490000.0,1301588.3847666667
180174,3787500.0,2764550.3966666665
180175,490000.0,497419.66
180176,600000.0,583940.66
180177,1175000.0,1106056.0033333334
180178,888000.0,874871.9566666667
180179,750000.0,709572.2566666667
180180,550000.0,510451.688888889
180181,1080000.0,961510.4466666667
180182,690000.0,680737.8355555555
180183,2290000.0,2385409.03
180184,650000.0,669265.7
180185,648500.0,657212.64
180186,1170000.0,1803859.0233333334
180187,799888.0,860823.1566666666
180188,1016000.0,982930.9633333334
180189,1055000.0,1001751.2966666666
180190,7300.0,6724.166666666667
180191,640000.0,1087490.2
180192,366500.0,431407.77777777775
180193,895000.0,869463.93
180194,1207000.0,1216218.88
180195,545000.0,531727.8133333334
180196,560000.0,539254.09
180197,3200.0,2980.546666666667
180198,560000.0,565074.1133333333
180199,1875000.0,2117100.0
180200,1515000.0,1348504.3866666667
180201,680000.0,789867.5966666667
180202,7000.0,6607.43
180203,425000.0,478246.45
180204,1500000.0,1499889.3633333333
180205,805000.0,848720.9566666667
180206,1500000.0,2266343.6066666665
180207,777500.0,735629.9933333333
180208,1500000.0,1297410.6033333333
180209,800000.0,793596.5966666667
180210,1435000.0,1280387.62
180211,900000.0,913187.7733333333
180212,2150000.0,1992099.5266666666
180213,830000.0,831916.14
180214,1295000.0,1064289.6266666667
180215,950000.0,942859.77
180216,429900.0,445564.20666666667
180217,1650000.0,1861396.9666666666
180218,1200000.0,1051630.0
180219,430000.0,402268.4066666667
180220,1437500.0,1416920.7225444445
180221,615000.0,631972.78
180222,1205000.0,1228891.0933333333
180223,2380.0,2877.2277777777776
180224,2995.0,2921.7116666666666
180225,399000.0,319068.4166666667
180226,2050000.0,2393852.0766666667
180227,2100000.0,2127120.026666667
180228,390000.0,390695.50666666665
180229,80000.0,160908.33
180230,574500.0,616196.6133333333
180231,2399000.0,2647223.24
180232,1195000.0,1131933.1333333333
180233,650000.0,684017.3166666667
180234,1050000.0,992946.0833333334
180235,886000.0,995294.8055555554
180236,2300.0,2299.1640888888887
180237,823000.0,815460.63
180238,2800.0,2750.161111111111
180239,450000.0,454557.66333333333
180240,2113.0,2076.4269365079363
180241,999998.0,1070188.8833333333
180242,2440.0,2473.3483888888886
180243,405000.0,481625.36
180244,2875000.0,2354107.9266666668
180245,1580000.0,1477017.1433333333
180246,750000.0,757118.7766666666
180247,600000.0,575919.08
180248,1300000.0,1079166.2
180249,2500000.0,2077955.75
180250,782750.0,839488.9966666667
180251,905000.0,849277.82
180252,1745000.0,1728994.6666666667
180253,305000.0,345790.6266666667
180254,600000.0,449139.66333333333
180255,2000.0,2785.7488888888893
180256,1630000.0,1744774.4033333333
180257,560000.0,599358.5366666666
180258,2650000.0,3663449.506666667
180259,2650000.0,2248037.0
180260,654500.0,647597.4833333333
180261,495000.0,420836.99333333335
180262,430000.0,434427.63333333336
180263,735000.0,803168.6666666666
180264,975000.0,1001858.74
180265,1199000.0,1423620.4466666668
180266,1190000.0,1236048.6666666667
180267,738000.0,710891.7142857142
180268,1738000.0,1408605.8
180269,1110000.0,995495.8233333334
180270,484000.0,417116.2966666667
180271,5000.0,5243.058333333333
180272,705000.0,760131.8233333334
180273,3050000.0,2773797.8266666667
180274,2950.0,3242.0266666666666
180275,240000.0,266450.23333333334
180276,900000.0,857725.66
180277,2300.0,2695.1966666666667
180278,4600000.0,3747602.21
180279,3501181.0,3838453.62
180280,410000.0,418785.86666666664
180281,798000.0,896503.5733333334
180282,463000.0,464669.56666666665
180283,405000.0,426571.59
180284,520000.0,517169.25333333336
180285,660000.0,631648.0544444444
180286,4200.0,3703.2833333333333
180287,480000.0,508086.62666666665
180288,759000.0,674496.9666666667
180289,1581800.0,1328610.5433333332
180290,2450000.0,2357442.2866666666
180291,2150.0,1965.779722222222
180292,700009.0,675491.66
180293,495000.0,682626.46
180294,892000.0,832994.19
180295,3250000.0,2971579.486666667
180296,5200.0,5265.166666666667
180297,996500.0,951103.5466666666
180298,685000.0,615609.2933333333
180299,635000.0,611499.5566666666
180300,540000.0,509523.98
180301,3650.0,3423.5777777777776
180302,575000.0,549758.2755555555
180303,3800.0,3969.7493333333337
180304,950000.0,859043.2533333333
180305,4950.0,4608.08
180306,315000.0,364786.1666666667
180307,3725.0,4351.946666666667
180308,2250.0,16467.84
180309,430000.0,396918.3333333333
180310,735000.0,799098.5606726607
180311,805000.0,789652.6666666666
180312,1100000.0,1245209.6666666667
180313,439999.0,411454.23333333334
180314,899000.0,1028663.3
180315,515000.0,499190.94333333336
180316,830000.0,778822.4333333333
180317,1848000.0,1973435.88
180318,645000.0,683087.9166666666
180319,1720000.0,1727395.3266666667
180320,1100888.0,1961399.9333333333
180321,1140000.0,978400.3233333334
180322,80000.0,349619.82
180323,4500.0,4458.6
180324,1135000.0,1104984.1766666668
180325,190000.0,338691.95666666667
180326,3050.0,3143.0333333333333
180327,470000.0,552883.0766666667
180328,4560000.0,2331283.9433333334
180329,1115000.0,1040433.89
180330,4800.0,4316.622222222221
180331,495000.0,511914.7766666667
180332,998000.0,904777.8333333334
180333,5400.0,4489.448333333334
180334,681000.0,881458.7766666666
180335,865000.0,881381.0233333333
180336,3375000.0,2443317.32
180337,3350.0,3113.3033333333333
180338,1185000.0,1102688.6833333333
180339,1450000.0,1311675.6266666667
180340,1600000.0,1591160.82
180341,1800000.0,1258853.63
180342,729000.0,791071.07
180343,465000.0,485291.95666666667
180344,3300000.0,2986181.07
180345,2395.0,3130.1983333333333
180346,760000.0,695150.9866666667
180347,813250.0,1044552.2
180348,599000.0,564071.3533333334
180349,410000.0,405250.6666666667
180350,3300.0,3795.2211111111114
180351,900000.0,1178074.2033333334
180352,1057500.0,1173125.7666666666
180353,1130000.0,1129812.1633333333
180354,3235775.0,3275521.71
180355,740000.0,841100.0
180356,415000.0,376940.8946666667
180357,1100000.0,1094203.3333333333
180358,1725000.0,1634306.6733333333
180359,699000.0,686313.8333333334
180360,1180000.0,1466862.4166666667
180361,650000.0,633488.54
180362,904500.0,1082160.3366666667
180363,525000.0,579771.1666666666
180364,1730000.0,1021995.4433333334
180365,3000000.0,2736172.553333333
180366,1025000.0,1270409.96
180367,1128600.0,1201638.0233333334
180368,2512800.0,3003530.4266666668
180369,1035000.0,956692.2666666667
180370,480000.0,483857.55
180371,740000.0,760501.2933333333
180372,1355000.0,1273381.6666666667
180373,4475.0,5102.398888888889
180374,970000.0,1161158.59
180375,1410000.0,1524089.5366666666
180376,2480.0,3137.0133333333333
180377,425500.0,423359.63666666666
180378,710000.0,686724.35
180379,485000.0,450801.6666666667
180380,1950000.0,2596001.2666666666
180381,700000.0,826749.3
180382,1725000.0,1989922.6733333333
180383,780000.0,707557.1266666667
180384,1780000.0,1800554.5
180385,525000.0,588360.5766666667
180386,1370000.0,1155609.05
180387,3200.0,3182.45
180388,3344000.0,2958265.1766666668
180389,599900.0,677802.72
180390,2275.0,2775.2566666666667
180391,432000.0,394421.02
180392,1150000.0,1105358.36
180393,320000.0,347623.7866666667
180394,695000.0,707933.1666666666
180395,540000.0,550484.22
180396,545000.0,530579.9833333333
180397,685000.0,631681.5
180398,7000.0,11262.183333333332
180399,1340000.0,1461561.89
180400,934500.0,869761.6666666666
180401,1189000.0,957739.3066666666
180402,3050.0,3041.5466666666666
180403,3200.0,3359.0633333333335
180404,4114.0,4101.67
180405,1199999.0,1034300.3966666666
180406,710000.0,657611.6633333333
180407,3120000.0,3749635.06
180408,1735000.0,1362703.6233333333
180409,4500.0,5357.944444444444
180410,3058985.0,3092767.0166666666
180411,755000.0,687072.9288888889
180412,1050000.0,884208.7266666667
180413,904000.0,965132.5666666667
180414,800000.0,840469.9133333333
180415,640990.0,651337.49
180416,575000.0,559826.3033333333
180417,943000.0,873760.19
180418,780000.0,747658.0
180419,353000.0,336689.07666666666
180420,1290000.0,1214959.0933333333
180421,1080000.0,1039626.3566666667
180422,499900.0,442125.23333333334
180423,6900.0,6717.483333333334
180424,838000.0,1113033.98
180425,1125000.0,1121190.4133333333
180426,3800.0,3417.5233333333335
180427,845000.0,860429.2866666666
180428,1865.0,5455.886111111111
180429,830000.0,763190.7166666667
180430,3720000.0,3302432.0033333334
180431,465000.0,462350.18
180432,520000.0,508371.69166666665
180433,650000.0,622130.6866666666
180434,420000.0,435344.6
180435,1700.0,1826.473214285714
180436,1412000.0,1262629.6144444444
180437,870000.0,847005.6233333333
180438,580000.0,644556.65
180439,740000.0,839996.5
180440,650000.0,620139.98
180441,3650.0,3772.197962962963
180442,2200000.0,1917566.8366666667
180443,4200.0,4111.083333333333
180444,805000.0,852068.73
180445,1180000.0,1245420.2966666666
180446,550000.0,483841.86333333334
180447,618000.0,597519.96
180448,3950.0,4317.88
180449,1850.0,2102.3766666666666
180450,585000.0,553929.66
180451,1075000.0,1286023.24
180452,450000.0,474270.30333333334
180453,895000.0,1053466.8333333333
180454,5400.0,6202.383333333333
180455,2000000.0,1831251.5333333334
180456,739000.0,885318.6766666666
180457,5000.0,168742.41976190475
180458,1099888.0,1161064.0433333332
180459,2415000.0,1693064.6666666667
180460,700000.0,694989.2466666667
180461,960000.0,787876.3
180462,1275000.0,1257995.8877333333
180463,570000.0,498676.5733333333
180464,510000.0,488961.38888888893
180465,568000.0,583773.4
180466,1450.0,1887.2506349206346
180467,1450350.0,1345465.4222222222
180468,1200000.0,1058869.9166666667
180469,480000.0,377525.99666666664
180470,3900.0,5216.043333333333
180471,412000.0,461939.825
180472,730000.0,729539.82
180473,1625000.0,1640332.25
180474,249000.0,225312.66666666666
180475,879000.0,842322.2533333333
180476,1150000.0,1156519.0033333334
180477,5375000.0,4678307.0
180478,330.0,4262.535555555555
180479,1450000.0,1358092.2933333332
180480,865000.0,855836.9666666667
180481,1400.0,1917.51
180482,580000.0,616458.7666666667
180483,759800.0,684543.6455555555
180484,615000.0,657270.5833333334
180485,1500.0,1934.3974603174609
180486,385000.0,421244.96
180487,720000.0,730860.3366666667
180488,547000.0,536562.9033333333
180489,3506.0,3469.9566666666665
180490,1313000.0,1224759.25
180491,5400.0,4656.5
180492,1585000.0,1486700.2533333334
180493,1741000.0,1304523.4266666668
180494,5300.0,5631.106666666667
180495,630000.0,608289.3266666667
180496,1650.0,1952.35
180497,560000.0,569521.76
180498,2000.0,2202.211111111111
180499,790000.0,717230.2288888888
180500,400000.0,436540.6533333333
180501,740000.0,498819.00666666665
180502,270000.0,416748.6666666667
180503,625000.0,674741.96
180504,599900.0,585217.2666666667
180505,5500.0,4727.4766666666665
180506,925000.0,960681.9
180507,499000.0,495940.7133333333
180508,1875000.0,1288318.7966666666
180509,5250.0,5188.561111111111
180510,610000.0,686577.1266666667
180511,4200.0,19761.894444444442
180512,1094305.0,1393099.0666666667
180513,820000.0,772826.0866666667
180514,1950000.0,1860055.46
180515,1750000.0,1746099.0733333332
180516,535000.0,517107.0
180517,570000.0,549402.1866666666
180518,1440000.0,1211544.0633333332
180519,140000.0,247514.83333333334
180520,1730000.0,1871194.5066666666
180521,1305000.0,1295901.4133333333
180522,830000.0,855228.46
180523,625600.0,527191.4166666666
180524,845000.0,832482.5233333333
180525,520000.0,435133.1
180526,820000.0,1063183.3533333333
180527,437500.0,561481.1666666666
180528,3500.0,3195.85
180529,375000.0,400387.6666666667
180530,1755000.0,1157346.7833333334
180531,1700000.0,2523024.2333333334
180532,680000.0,688016.44
180533,1285000.0,1158807.66
180534,2395000.0,1957269.4333333333
180535,1400000.0,1163351.7453333335
180536,785000.0,964525.3466666667
180537,385000.0,374767.98333333334
180538,670000.0,654725.72
180539,6250.0,6646.333333333333
180540,485000.0,418578.2833333333
180541,595000.0,603403.94
180542,1200000.0,1357333.9566666668
180543,1300000.0,1194940.12
180544,875000.0,860877.39
180545,497000.0,615995.1
180546,1150000.0,1159060.0
180547,1250000.0,1241589.4555555556
180548,340000.0,388687.6666666667
180549,1760000.0,1661641.76
180550,1050000.0,1060682.598888889
180551,236000.0,265403.14666666667
180552,6200.0,5392.807777777777
180553,579000.0,674342.3333333334
180554,460000.0,468057.12
180555,1320000.0,1413551.8233333332
180556,5000.0,4130.964444444445
180557,585000.0,625458.86
180558,770000.0,749656.6666666666
180559,880000.0,962723.4466666667
180560,1390000.0,1328733.42
180561,645000.0,581469.2466666667
180562,688288.0,663057.8166666667
180563,665258.0,660640.84
180564,770777.0,835035.7166666667
180565,6875000.0,4436459.433333334
180566,1515000.0,1290593.75
180567,607000.0,632097.3966666666
180568,4600000.0,4218509.04
180569,1146000.0,998204.7777777778
180570,620000.0,814129.42
180571,3950000.0,3894386.16
180572,140000.0,358046.09
180573,1900000.0,2096288.78
180574,750000.0,771068.0266666666
180575,333000.0,318983.88555555546
180576,1665432.0,1852178.8533333333
180577,1100000.0,1057858.58
180578,2950.0,3437.588888888889
180579,550000.0,583354.34
180580,300000.0,306351.5
180581,1000000.0,1029953.4233333333
180582,1895.0,2235.8133333333335
180583,763000.0,790035.1333333333
180584,1890000.0,2418994.0462666666
180585,1080000.0,1177249.4
180586,6150000.0,4226745.64
180587,575000.0,577188.1866666666
180588,405000.0,380079.74333333335
180589,2095.0,2099.4616666666666
180590,4318000.0,3373404.5433333335
180591,155000.0,215440.88555555555
180592,3750.0,3300.9066666666668
180593,2650.0,3161.5977777777775
180594,5800.0,7081.126666666667
180595,673675.0,492118.1066666667
180596,439000.0,359251.61666666664
180597,810000.0,787319.3466666667
180598,1239000.0,1204592.1666666667
180599,5500.0,4878.001388888889
180600,1495.0,1831.7580555555555
180601,715000.0,720589.66
180602,375000.0,394584.1712698413
180603,895000.0,751155.7244444445
180604,399000.0,426902.3466666667
180605,688000.0,813417.1566666666
180606,1550000.0,1570118.3333333333
180607,40000.0,21402.794444444444
180608,1275000.0,1388993.0675
180609,875000.0,838946.5
180610,1036000.0,1195440.2211111113
180611,4600.0,4092.26
180612,2650.0,2660.4616666666666
180613,705000.0,835555.4966666667
180614,2800000.0,2403634.194444444
180615,420000.0,415136.61333333334
180616,330000.0,358924.8333333333
180617,850000.0,839045.4566666667
180618,345000.0,291249.49
180619,560000.0,475578.4033333333
180620,3000000.0,2912431.0
180621,825000.0,841539.6466666666
180622,2800000.0,2180712.5966666667
180623,820000.0,790622.3766666667
180624,650000.0,594793.34
180625,4650.0,4642.8308
180626,870000.0,855026.35
180627,599625.0,633020.6366666667
180628,779000.0,796058.3333333334
180629,2505000.0,2391606.243333333
180630,1637000.0,1731108.5133333334
180631,763200.0,795687.2833333333
180632,392000.0,375417.26666666666
180633,840000.0,919559.8633333333
180634,414900.0,395409.92
180635,241000.0,282768.69
180636,1222485.0,1141512.4233333333
180637,525000.0,586275.5446666667
180638,1380000.0,1927864.2533333334
180639,1200000.0,1610217.7733333334
180640,375000.0,404208.2188888889
180641,1625000.0,1854654.8666666667
180642,479990.0,487514.66333333333
180643,592000.0,780073.9233333333
180644,400000.0,379998.0
180645,920000.0,904530.6666666666
180646,535000.0,524337.5
180647,1655000.0,1735690.2233333334
180648,1350000.0,1312084.3066666666
180649,2280000.0,1703534.0
180650,1495.0,1838.9209555555553
180651,1350000.0,1259177.8233333332
180652,3950.0,4059.6583333333333
180653,4200.0,4049.23
180654,514000.0,476821.48333333334
180655,510000.0,452403.00666666665
180656,910000.0,761109.8333333334
180657,841000.0,872970.0833333334
180658,542864.0,568797.47
180659,1200000.0,1213997.6166666667
180660,2500.0,2041.918253968254
180661,1285000.0,1462474.6666666667
180662,2400.0,2088.2566666666667
180663,535706.0,545318.4933333333
180664,2515000.0,1648438.4733333334
180665,825000.0,907438.2566666667
180666,465000.0,435608.80333333334
180667,50000.0,146991.11111111112
180668,1355000.0,1411106.0
180669,720000.0,796245.7233333334
180670,4200.0,4111.793333333333
180671,900000.0,986393.0166666667
180672,1240000.0,1195687.37
180673,1099999.0,868535.47
180674,770000.0,804249.8266666667
180675,685000.0,693523.7866666666
180676,1370000.0,1225892.6833333333
180677,2500000.0,1929650.7473333331
180678,1610000.0,1981796.6666666667
180679,605000.0,631985.6966666667
180680,1622500.0,1682746.0366666666
180681,300000.0,379485.8566666667
180682,900000.0,783426.08
180683,825000.0,778849.9733333334
180684,2845000.0,1971795.1533333333
180685,1240000.0,1155880.0
180686,438000.0,420560.68333333335
180687,1044000.0,982396.6666666666
180688,700000.0,737602.95
180689,1150000.0,1292412.365
180690,3600.0,3505.169444444445
180691,300000.0,369770.6666666667
180692,1105000.0,873629.6666666666
180693,2500000.0,2398524.74
180694,1130000.0,1071061.8533333333
180695,590000.0,582512.88
180696,2800.0,2571.85
180697,855000.0,803789.9966666667
180698,542500.0,477990.3333333333
180699,8000.0,9975.15
180700,721000.0,715671.2577777777
180701,400000.0,406505.6666666667
180702,775500.0,741791.92
180703,2195.0,2851.5708333333328
180704,1007500.0,1249515.8333333333
180705,469900.0,495048.43
180706,629000.0,624556.24
180707,355000.0,360765.0933333333
180708,1220000.0,1121699.3566666667
180709,870000.0,856371.01
180710,579000.0,519887.88333333336
180711,299900.0,457672.95081111114
180712,3100.0,3269.6688888888893
180713,1126000.0,1119172.3
180714,2180000.0,1830958.75
180715,1175000.0,1125542.7066666668
180716,549000.0,595294.4
180717,399900.0,374297.66333333333
180718,1287500.0,1331086.4333333333
180719,750000.0,679215.9266666666
180720,1700000.0,1811840.0466666666
180721,1612500.0,1549964.7333333334
180722,729900.0,702169.8
180723,830000.0,781304.6633333333
180724,1195000.0,1412165.4
180725,450000.0,376211.6666666667
180726,297000.0,345110.88888888893
180727,325000.0,279972.0
180728,650000.0,699388.92
180729,385000.0,358836.66
180730,1750000.0,1842878.96
180731,2850.0,2998.6466666666665
180732,1060000.0,982281.5333333333
180733,1400000.0,1734544.3633333333
180734,1050000.0,1416708.15
180735,515000.0,520346.58666666667
180736,3270000.0,3250483.3333333335
180737,1315000.0,1405550.3966666667
180738,1300000.0,1444202.5433333332
180739,610000.0,688706.64
180740,460000.0,419654.33888888883
180741,400000.0,394723.4866666667
180742,860000.0,1198802.5
180743,310000.0,314383.5
180744,950000.0,935105.7333333333
180745,877000.0,578481.0
180746,1060000.0,1081674.0366666666
180747,840000.0,918255.6666666666
180748,610000.0,290312.48333333334
180749,1055000.0,832987.6333333333
180750,2160000.0,2185070.7
180751,425000.0,441491.38333333336
180752,3250.0,3431.78
180753,645000.0,755375.5
180754,665000.0,688753.5066666667
180755,2250000.0,1895523.3333333333
180756,1490000.0,1586141.15
180757,3600.0,3726.3766666666666
180758,3910000.0,3574286.38
180759,2105000.0,2245316.783333333
180760,900000.0,882668.5566666666
180761,1288000.0,1316726.88
180762,600000.0,607302.6833333333
180763,1700.0,1664.9
180764,543862.0,538134.8566666667
180765,120000.0,172229.26666666666
180766,3750.0,3752.5633333333335
180767,875000.0,787551.83
180768,825000.0,829816.6266666667
180769,570000.0,588217.9166666666
180770,640000.0,619915.2244444445
180771,329900.0,269404.68666666665
180772,750000.0,797397.3333333334
180773,719990.0,644568.4833333333
180774,1925000.0,2017015.0533333332
180775,405000.0,409599.06333333335
180776,444000.0,418934.86666666664
180777,4790.0,5071.323333333334
180778,1600000.0,1746093.5333333334
180779,1900000.0,1508850.85
180780,670000.0,707524.99
180781,699990.0,600213.6833333333
180782,603000.0,582651.5333333333
180783,370000.0,361079.4866666667
180784,745000.0,764803.0
180785,625000.0,577068.4933333333
180786,1860000.0,1518440.3766666667
180787,142000.0,219370.867
180788,1350000.0,1337316.6666666667
180789,1135000.0,1132564.3333333333
180790,790000.0,783371.03
180791,1107000.0,1613611.52
180792,267000.0,302084.66333333333
180793,2250000.0,1968306.4166666667
180794,3080000.0,2846618.0733333332
180795,620000.0,663704.2044666667
180796,585000.0,586233.3633333333
180797,3325000.0,2065153.02
180798,1375000.0,1692205.4033333333
180799,450000.0,423675.6666666667
180800,3700.0,7227.833333333333
180801,1210500.0,1417197.0233333334
180802,975000.0,1120114.6166666667
180803,450000.0,484577.3333333333
180804,1212500.0,1203108.28
180805,6500.0,6363.7
180806,670000.0,603210.0
180807,558330.0,533753.8
180808,995000.0,837830.7733333333
180809,2200000.0,2023804.2
180810,2700.0,2717.4820634920634
180811,735000.0,738506.5
180812,2800.0,2923.772222222222
180813,789000.0,743639.3333333334
180814,2895000.0,2571211.222222222
180815,800000.0,767049.2933333333
180816,1150500.0,1219215.99
180817,4000.0,4233.242222222222
180818,2700.0,2728.8722222222223
180819,3800000.0,3842264.4166666665
180820,2500.0,2436.070634920635
180821,675000.0,570975.8333333334
180822,1110000.0,1037704.1766666666
180823,2900.0,3015.68
180824,755000.0,825655.4666666667
180825,5216250.0,4068922.27
180826,1032500.0,1093077.5166666666
180827,23000.0,110671.06666666667
180828,875000.0,907096.0
180829,2050000.0,2125886.7933333335
180830,1545000.0,1479692.25
180831,815000.0,816354.6822222223
180832,585000.0,509554.86333333334
180833,625000.0,605586.1966666667
180834,660000.0,642238.7933333333
180835,1350000.0,1695035.08
180836,760000.0,761345.0266666666
180837,1220000.0,1093860.89
180838,400000.0,404976.51666666666
180839,740000.0,689010.7166666667
180840,806500.0,1351267.86
180841,580000.0,598652.4566666667
180842,1249000.0,1570147.4
180843,1690000.0,1103901.7733333334
180844,8500.0,4575.715555555556
180845,911400.0,893746.6933333334
180846,840000.0,871686.26
180847,4900.0,5043.720555555555
180848,1879000.0,1660602.11
180849,705000.0,720714.3266666667
180850,590000.0,543531.9666666667
180851,470000.0,560564.1133333333
180852,2075000.0,2243028.0433333335
180853,755000.0,880971.5
180854,1499000.0,1328086.5433333332
180855,587000.0,562362.7333333333
180856,804000.0,787071.6133333333
180857,2280000.0,2162300.0
180858,1849000.0,1438106.7333333334
180859,930000.0,840944.5766666667
180860,1691.0,1662.0029206349207
180861,704000.0,593440.6633333333
180862,915000.0,959738.4466666667
180863,419000.0,368934.1666666667
180864,650000.0,708475.4736507937
180865,175000.0,201675.25
180866,860000.0,724545.0
180867,1650.0,1857.4831746031748
180868,965000.0,981075.48
180869,1040000.0,987265.8333333334
180870,355000.0,352185.93333333335
180871,605000.0,562074.14
180872,685000.0,911426.6466666666
180873,4000.0,3639.3114444444445
180874,600000.0,620305.8066666666
180875,1780000.0,1447149.7
180876,539900.0,458105.73333333334
180877,3720000.0,3938380.76
180878,2295.0,2536.002222222222
180879,361000.0,369483.2266666667
180880,865000.0,1475996.87
180881,705000.0,666882.38
180882,2875.0,3103.42
180883,1050000.0,1202971.5266666666
180884,953500.0,895554.7933333333
180885,2650000.0,2778923.966666667
180886,5000.0,4433.792222222222
180887,355000.0,381541.67333333334
180888,1985000.0,2046123.16
180889,596000.0,588459.9
180890,1151000.0,1094101.73
180891,850000.0,826034.8333333334
180892,565000.0,542244.47
180893,970000.0,1392065.6866666668
180894,4600.0,4290.899444444445
180895,410000.0,382725.14
180896,1350000.0,988603.3733333333
180897,1460000.0,1567884.5933333333
180898,4300.0,4339.58
180899,632000.0,548139.5122222222
180900,860000.0,1094812.9347666667
180901,10500.0,13758.705555555554
180902,675000.0,913721.13
180903,1349000.0,1627611.6633333333
180904,801000.0,806980.0533333333
180905,795000.0,884199.8333333334
180906,3745000.0,3719893.6033333335
180907,418000.0,437228.36
180908,1970000.0,1780795.8366666667
180909,1670000.0,1474334.68
180910,1725.0,1874.8433333333332
180911,576000.0,624140.9760333333
180912,545000.0,510472.99666666664
180913,675000.0,691606.33
180914,750000.0,582491.9166666666
180915,1625000.0,1556681.4766666666
180916,6900.0,6142.016666666666
180917,840000.0,766715.3433333334
180918,9500.0,11841.246666666666
180919,720000.0,633820.41
180920,185000.0,386583.1
180921,950000.0,970082.54
180922,650000.0,729002.5033333333
180923,2180000.0,1946826.33
180924,2975.0,3525.633333333333
180925,1505000.0,2091481.5433333332
180926,437400.0,354579.36666666664
180927,12500.0,13563.768877777777
180928,2200000.0,1682532.3
180929,1300000.0,1258811.111111111
180930,490000.0,696413.6766666666
180931,3010000.0,2476234.8866666667
180932,2400200.0,1831886.8066666666
180933,1200000.0,1223020.0855555555
180934,565000.0,534051.0066666667
180935,600000.0,680035.0
180936,1045000.0,971019.1
180937,799990.0,788617.4966666667
180938,859000.0,938305.0
180939,650000.0,557120.3366666667
180940,1150000.0,1251463.5714285716
180941,509900.0,526572.37
180942,1820000.0,1837899.7833333334
180943,535000.0,520718.11333333334
180944,1000000.0,1569190.66
180945,700000.0,695851.82
180946,1365000.0,1278332.2266666666
180947,1075000.0,1488920.8333333333
180948,860000.0,764871.6966666667
180949,1300000.0,1435022.6266666667
180950,625000.0,601532.9033333333
180951,356000.0,531834.3333333334
180952,3235000.0,1569750.6666666667
180953,962000.0,1048587.1266666667
180954,1288000.0,1126923.58
180955,585500.0,727154.64
180956,7500.0,5602.733333333334
180957,3390000.0,4212530.946666666
180958,405000.0,354608.6666666667
180959,4995.0,5950.597222222222
180960,785000.0,724713.4666666667
180961,965000.0,1063749.4222222222
180962,730000.0,943023.04
180963,1795.0,11387.941666666668
180964,430000.0,326944.9166666667
180965,710000.0,682541.3333333334
180966,1270000.0,1123390.99
180967,5000.0,3844.44
180968,675000.0,654716.3566666667
180969,4250.0,4151.584444444445
180970,1550000.0,1700705.6125
180971,1607786.0,1678138.71
180972,1100000.0,968848.6666666666
180973,7300.0,7127.166666666667
180974,680000.0,699417.6266666667
180975,470000.0,407923.8233333333
180976,498558.0,483268.88666666666
180977,529900.0,527079.725
180978,216620.0,519371.14666666667
180979,985000.0,1071949.57
180980,1335000.0,1139411.0
180981,399000.0,421030.9033333333
180982,740000.0,691043.7466666668
180983,825000.0,875063.48
180984,586000.0,515299.0266666667
180985,564046.0,510429.0
180986,770000.0,700563.4066666666
180987,2500.0,2495.010277777778
180988,999900.0,1115671.8833333333
180989,589900.0,518811.08
180990,530000.0,485936.32666666666
180991,549900.0,567122.5666666667
180992,611000.0,765319.09
180993,772500.0,846181.6486666667
180994,1099000.0,841781.8166666667
180995,465000.0,466033.59
180996,617000.0,597399.5111111111
180997,824900.0,839564.6666666666
180998,3555000.0,2587496.7933333335
180999,1160000.0,1101925.46
181000,575000.0,589574.3933333333
181001,507700.0,530587.0
181002,255000.0,270677.5
181003,1355000.0,1270732.1944444443
181004,1275000.0,1161012.9362666667
181005,2895000.0,2071210.3333333333
181006,1500000.0,1215317.19
181007,399000.0,436183.39
181008,1297000.0,1301992.1433333333
181009,1050000.0,950968.1766666666
181010,890000.0,854426.3333333334
181011,1125000.0,1005670.9733333334
181012,1600000.0,1559061.1020000002
181013,376000.0,334979.99666666664
181014,665000.0,637640.8266666667
181015,6000.0,5109.11
181016,775000.0,864560.1566666666
181017,455000.0,482241.07666666666
181018,835000.0,905146.5744444446
181019,3400000.0,2823024.865555556
181020,430000.0,468084.8944444444
181021,800000.0,762991.0
181022,4900.0,4985.366666666667
181023,2475.0,2689.7879166666667
181024,5500.0,5449.7
181025,1685000.0,1788219.6833333333
181026,1275000.0,1466523.92
181027,690000.0,589396.0133333333
181028,865000.0,837712.59
181029,3600000.0,3659840.0366666666
181030,508750.0,477042.6566666667
181031,7399.0,7239.522222222222
181032,830000.0,806515.101111111
181033,850000.0,853946.7777777778
181034,2899.0,3380.457777777778
181035,885000.0,819401.6666666666
181036,315000.0,267026.6
181037,1500000.0,1657169.66
181038,2460000.0,1932472.8966666667
181039,1100000.0,962381.2133333334
181040,429900.0,387514.03
181041,630000.0,607134.9866666667
181042,845000.0,815476.6666666666
181043,935000.0,906462.35
181044,570000.0,540232.9166666666
181045,1080000.0,878355.4166666666
181046,923000.0,840727.9866666667
181047,900000.0,799385.5466666666
181048,795000.0,760301.4066666666
181049,490000.0,433289.76
181050,999000.0,1015568.8166666667
181051,1075000.0,1109763.36
181052,490000.0,425278.55
181053,768000.0,771335.6666666666
181054,940000.0,799688.6266666667
181055,775000.0,755177.7666666667
181056,3200.0,3805.155
181057,1120000.0,872125.1533333333
181058,3250.0,3028.36
181059,385000.0,449640.4166666667
181060,1349000.0,1424098.8333333333
181061,1253000.0,969996.5633333334
181062,899000.0,918639.96
181063,900000.0,900678.14
181064,675000.0,647940.0
181065,2950.0,2705.5
181066,640000.0,586218.3333333334
181067,635000.0,599423.7222222221
181068,1815000.0,2319793.3785
181069,1910000.0,1726806.6666666667
181070,459000.0,405087.44333333336
181071,855000.0,991145.0
181072,4850.0,5357.606666666667
181073,1125000.0,1074751.1
181074,251000.0,243243.35
181075,688888.0,735280.9566666667
181076,1500000.0,1707059.9066666667
181077,743000.0,749299.1166666667
181078,440000.0,508298.42
181079,865000.0,961582.2
181080,489000.0,588262.8866666667
181081,600000.0,568714.3333333334
181082,485000.0,447688.76
181083,895000.0,741389.0
181084,955000.0,932413.6666666666
181085,1780000.0,1470381.2033333334
181086,3314965.0,2463714.3933333335
181087,1280500.0,1379082.08
181088,2400000.0,2340796.18
181089,1310000.0,1412666.6533333333
181090,520000.0,504997.3333333333
181091,1378000.0,1364710.1366666667
181092,1575000.0,1535783.6833333333
181093,1675000.0,1605794.6533333333
181094,780000.0,785060.4466666667
181095,1095000.0,875501.3333333334
181096,799900.0,730131.0933333334
181097,1703000.0,1456266.6666666667
181098,1400000.0,1179062.97
181099,1680000.0,1693206.6666666667
181100,1250000.0,1292363.6862666667
181101,2050000.0,2080659.0166666666
181102,932000.0,1094973.8366666667
181103,900000.0,898653.0033333333
181104,1641000.0,1753499.4537000007
181105,625000.0,631145.7222222222
181106,1325000.0,1251310.8966666667
181107,920000.0,758936.74
181108,2700.0,2699.116666666667
181109,810000.0,773482.45
181110,743000.0,787976.223888889
181111,946500.0,1067196.8186666667
181112,5200.0,4849.13888888889
181113,632000.0,627994.2766666666
181114,550000.0,524539.4833333333
181115,2200.0,2890.1566666666668
181116,625000.0,658185.2633333333
181117,1723000.0,1567196.3333333333
181118,965000.0,947523.0588888888
181119,1206000.0,1042300.1733333333
181120,545000.0,523010.63333333336
181121,2599.0,2962.4533333333334
181122,720000.0,715579.3333333334
181123,620000.0,682923.0
181124,3300.0,2641.4933333333333
181125,13850000.0,4513627.0
181126,410000.0,403182.3333333333
181127,758775.0,752811.51
181128,990000.0,708912.0
181129,500000.0,520152.43
181130,685000.0,785379.9966666667
181131,1750000.0,1877640.7433333334
181132,1950.0,1929.9491666666668
181133,598000.0,549182.0
181134,1337000.0,1476928.4966666666
181135,2630000.0,3328969.2
181136,773500.0,675392.9466666667
181137,1260000.0,946709.0066666667
181138,1375000.0,1281078.7
181139,763000.0,712000.98
181140,815000.0,827170.0666666667
181141,670000.0,619708.08
181142,885000.0,1035019.1033333334
181143,730000.0,813301.8733333333
181144,1499000.0,1533474.7666666666
181145,3100.0,4016.1744444444444
181146,374000.0,387811.7966666667
181147,2700.0,2542.682777777778
181148,1082500.0,1274105.5933333333
181149,479500.0,491465.13666666666
181150,2500.0,2726.15
181151,4800.0,4920.655555555555
181152,765000.0,718646.3333333334
181153,640000.0,542864.3333333334
181154,450000.0,367082.42333333334
181155,870000.0,992918.3333333334
181156,910000.0,895920.1866666666
181157,849000.0,825002.3333333334
181158,1130000.0,1225070.4933333334
181159,2768.0,2987.514444444444
181160,500000.0,559117.9766666667
181161,3500.0,3803.86
181162,1450000.0,1593188.2866666666
181163,500000.0,533257.4066666666
181164,1028000.0,980298.8666666667
181165,760000.0,711625.15
181166,640000.0,579371.3333333334
181167,540000.0,702299.7266666667
181168,475000.0,394134.6666666667
181169,700000.0,698050.28
181170,1950000.0,1640390.0
181171,4200.0,4063.0933333333332
181172,820000.0,727301.0333333333
181173,1670000.0,1587304.89
181174,2250000.0,1881994.3233333332
181175,3700.0,5559.393333333333
181176,2200.0,3185.8966666666665
181177,600000.0,666488.5555555555
181178,1929000.0,1925202.1
181179,425000.0,396789.33
181180,3780000.0,3857510.2733333334
181181,715000.0,692957.8066666666
181182,1191000.0,1172342.76
181183,960000.0,928831.26
181184,800000.0,763803.0433333333
181185,1242500.0,1282265.5066666666
181186,770000.0,822894.2533333333
181187,891000.0,872753.6933333334
181188,775000.0,677424.0766666667
181189,745000.0,703697.9666666667
181190,740000.0,810210.6533333333
181191,4995.0,5829.946666666667
181192,5495.0,6216.123333333333
181193,2695.0,488292.2833333333
181194,345000.0,354855.8333333333
181195,530000.0,523342.69666666666
181196,1464000.0,1518440.1666666667
181197,489000.0,404783.75
181198,7800000.0,2510454.8233333332
181199,1091000.0,1104047.0466666666
181200,1930202.0,1628981.4566666668
181201,1760000.0,1564902.46
181202,4300.0,4689.7
181203,775000.0,810690.3
181204,4500000.0,2052545.9666666666
181205,4200.0,4330.076533333333
181206,2450.0,2214.7191666666668
181207,780000.0,673808.0466666666
181208,595000.0,715206.39
181209,675000.0,559544.14
181210,686000.0,689305.9466666667
181211,2200.0,2421.3888888888887
181212,7800000.0,2484083.1333333333
181213,1550000.0,1574756.05
181214,2225000.0,1792145.8
181215,575000.0,517131.99333333335
181216,780000.0,807121.0
181217,1052000.0,1045144.3133333334
181218,1340000.0,1193273.3266666667
181219,1025000.0,876085.1433333333
181220,648375.0,731640.5
181221,3795.0,3881.1833333333334
181222,1288000.0,1431847.2866666666
181223,484990.0,457764.4766666667
181224,640000.0,677320.3333333334
181225,975000.0,1081184.8033333332
181226,524950.0,527128.1866666666
181227,840000.0,904866.6
181228,520000.0,491147.63333333336
181229,1260000.0,1309577.2933333332
181230,856000.0,868740.0166666667
181231,475000.0,414531.77777777775
181232,980000.0,1253441.0277777778
181233,480000.0,611311.96
181234,3598.0,14195.106666666667
181235,1355000.0,1321614.85
181236,235000.0,220442.1
181237,925000.0,943785.3866666667
181238,250000.0,266385.9166666667
181239,520000.0,685960.1833333333
181240,540000.0,513679.9666666667
181241,890000.0,1095207.4333333333
181242,275725.0,552135.0
181243,870000.0,911200.0866666667
181244,592000.0,511781.2266666667
181245,643000.0,633576.5166666667
181246,990000.0,1045059.7044444446
181247,1110000.0,949698.92
181248,790000.0,805866.4833333333
181249,3200000.0,2232857.56
181250,920000.0,844110.2166666667
181251,1225000.0,1479487.4066666667
181252,905000.0,987180.0155555555
181253,2350000.0,3600855.803333333
181254,915000.0,964442.0133333333
181255,1260000.0,1206368.8633333333
181256,665000.0,635245.9333333333
181257,610000.0,584707.6666666666
181258,1370000.0,1497677.68
181259,925000.0,836459.9333333333
181260,1850.0,1851.1716666666666
181261,3664800.0,3480583.176666667
181262,1528500.0,1529695.8001666667
181263,700000.0,659220.0
181264,2050000.0,1932596.44
181265,670000.0,676411.4166666666
181266,1160000.0,1630698.35
181267,2025000.0,1941353.0
181268,989998.0,1153545.7666666666
181269,680000.0,617881.1785333334
181270,410000.0,395664.8433333333
181271,659000.0,675898.42
181272,560000.0,516756.7875
181273,776000.0,811986.9933333333
181274,1700000.0,1275337.8466666667
181275,895000.0,850566.34
181276,1067000.0,1069588.7666666666
181277,834000.0,810980.4166666666
181278,695000.0,769776.18
181279,650000.0,650102.2911111112
181280,563000.0,554644.1666666666
181281,832000.0,638372.92
181282,820000.0,714080.4133333333
181283,2500.0,3225.334722222222
181284,448000.0,438555.01666666666
181285,725000.0,731053.9966666667
181286,1263000.0,1586579.4433333334
181287,2050.0,2205.838611111111
181288,630000.0,720729.6466666666
181289,579950.0,565642.2333333333
181290,995000.0,1050731.05
181291,1165000.0,1243848.38
181292,5450000.0,4099349.6033333335
181293,799000.0,813398.2833333333
181294,730000.0,855322.3333333334
181295,3125000.0,2811610.83
181296,1450000.0,1349894.04
181297,825000.0,974824.5866666667
181298,4016.0,4585.233333333334
181299,567500.0,672877.2133333334
181300,1625000.0,1449633.6666666667
181301,685000.0,667191.9222222222
181302,760000.0,753136.1966666667
181303,300000.0,300890.36666666664
181304,780000.0,710424.2633333333
181305,870000.0,833692.61
181306,575000.0,424896.43333333335
181307,304000.0,301118.12333333335
181308,2450.0,2742.53
181309,930000.0,898620.2833333333
181310,795000.0,789181.1166666667
181311,2700000.0,2960028.0366666666
181312,1300000.0,1201993.7466666666
181313,2049000.0,2229311.73
181314,2520000.0,2656407.52
181315,810000.0,860833.5
181316,645000.0,622684.8533333334
181317,2700.0,2912.7577777777774
181318,1663800.0,1587063.96
181319,1648000.0,1678372.3066666666
181320,4150.0,4380.26
181321,2400000.0,1847806.1977777774
181322,280000.0,382036.69666666666
181323,2875000.0,2936161.5866666664
181324,150000.0,249586.66666666666
181325,782000.0,759246.6666666666
181326,3000.0,3236.7405555555556
181327,2405000.0,1876028.8633333333
181328,1930000.0,1637594.9133333333
181329,445000.0,511626.30333333334
181330,2990405.0,2022174.5266666666
181331,566000.0,553423.1666666666
181332,985000.0,916542.1633333333
181333,540000.0,571352.7666666667
181334,950000.0,1149086.0733333332
181335,927500.0,912442.1748333335
181336,224900.0,367754.75333333336
181337,1235000.0,1243696.3
181338,790000.0,799484.37
181339,1484000.0,1256331.9
181340,515000.0,485914.42333333334
181341,500000.0,732569.51
181342,1690000.0,1336421.79
181343,1415000.0,1376574.222222222
181344,2320000.0,2077438.9733333334
181345,617000.0,775310.5866666667
181346,1250000.0,1546945.89
181347,705000.0,722124.0
181348,1100000.0,1033181.4266666666
181349,845000.0,884729.7266666667
181350,199000.0,243109.83333333334
181351,2129000.0,1933988.61
181352,755000.0,734756.5
181353,1180000.0,1222517.6466666667
181354,775000.0,788894.5633333334
181355,2345000.0,2555299.4166666665
181356,465000.0,344120.6666666667
181357,2095000.0,1599327.0733333332
181358,809000.0,765394.5166666667
181359,775000.0,619862.52
181360,515000.0,532147.9233333333
181361,464000.0,395583.74666666664
181362,525000.0,506950.96
181363,1000000.0,1234286.52
181364,1450000.0,1557095.4766666666
181365,266479.0,271047.1666666667
181366,1005000.0,914866.4766666667
181367,570000.0,556118.0933333334
181368,449000.0,447195.5366666667
181369,2000.0,2635.3683333333333
181370,819500.0,856201.3666666667
181371,938000.0,1074282.6166666667
181372,5500.0,5368.205555555556
181373,3575.0,3404.5633333333335
181374,955000.0,759033.7766666666
181375,400000.0,477923.54
181376,2100000.0,3638566.8666666667
181377,699000.0,1612861.98
181378,900000.0,845147.4666666667
181379,915000.0,919089.2533333333
181380,305000.0,267526.86666666664
181381,1712500.0,1536542.8966666667
181382,1075000.0,1231586.46
181383,4495.0,4497.4
181384,853500.0,815356.6
181385,300000.0,317782.6222222222
181386,865000.0,616516.7833333333
181387,550000.0,602743.5618666667
181388,4950.0,5457.703333333333
181389,870000.0,959210.8188888888
181390,2695000.0,2288783.8333333335
181391,410000.0,398472.0
181392,710000.0,665218.88
181393,495000.0,536863.6666666666
181394,466000.0,448320.5
181395,432000.0,438407.50666666665
181396,175000.0,311957.4266666667
181397,787000.0,826360.3333333334
181398,250000.0,710759.23
181399,395000.0,394270.3233333333
181400,4050.0,3847.1666666666665
181401,2250000.0,2906194.75
181402,4300.0,3892.669444444445
181403,430000.0,442568.33
181404,3989.0,3218.193333333333
181405,410000.0,372549.5
181406,605000.0,805379.9433333334
181407,2999.0,3180.367222222222
181408,824100.0,762102.6666666666
181409,1040000.0,905680.3022222221
181410,740000.0,708009.2566666667
181411,106000.0,421000.07033333334
181412,760000.0,829500.3
181413,1700000.0,1093317.08
181414,2200.0,2220.5255555555555
181415,775000.0,980772.6720000001
181416,1360000.0,1428135.3233333332
181417,22000.0,16906.1611
181418,410000.0,352018.44444444444
181419,988000.0,914063.51
181420,1525000.0,1479767.3
181421,2800000.0,2381962.0
181422,753000.0,752546.1266666667
181423,955000.0,1152868.36
181424,3160000.0,2978557.0966666667
181425,6000.0,5899.888888888889
181426,4000.0,3813.733333333333
181427,1415000.0,1427028.46
181428,716000.0,717704.3333333334
181429,380000.0,368699.63333333336
181430,455000.0,480128.96
181431,456000.0,489502.5983333333
181432,1340000.0,1233175.6266666667
181433,889000.0,802802.6666666666
181434,1350000.0,1460428.6266666667
181435,343000.0,422599.13333333336
181436,885000.0,941353.7333333333
181437,4500.0,4210.9222222222215
181438,4100.0,4152.521111111112
181439,592093.0,672957.3466666667
181440,1400000.0,1500400.75
181441,450000.0,424142.3333333333
181442,582000.0,751659.6466666666
181443,251000.0,422579.81
181444,1050000.0,1127090.06
181445,899000.0,817714.7333333333
181446,6950.0,6211.833333333333
181447,855000.0,911781.66
181448,650000.0,653867.6133333333
181449,412000.0,442821.5466666667
181450,3500.0,4240.205555555556
181451,1850000.0,2224879.783333333
181452,1550.0,1682.2353703703704
181453,1725000.0,1831437.3333333333
181454,1225000.0,1395798.6033333333
181455,950000.0,1063913.8333333333
181456,820000.0,690199.5066666667
181457,1660000.0,1761875.22
181458,2500000.0,2877283.4433333334
181459,425000.0,477714.23
181460,2795.0,2594.4763888888892
181461,3752000.0,2630192.6666666665
181462,1535000.0,1882207.5
181463,400000.0,354810.93
181464,615000.0,601189.4233333333
181465,740000.0,675852.9466666667
181466,1760000.0,1359691.3566666667
181467,522500.0,516736.56
181468,980000.0,927100.43
181469,950000.0,1148715.9166666667
181470,1571000.0,1603665.7591666668
181471,400000.0,328687.4733333333
181472,1295000.0,1217375.6833333333
181473,1625.0,1781.0327777777775
181474,2000.0,1957.442341269841
181475,775000.0,731348.3333333334
181476,1475000.0,1523583.6133333333
181477,1285000.0,1244811.32
181478,1950000.0,1726113.06
181479,3495.0,3646.6577777777784
181480,3500.0,3268.3333333333335
181481,930000.0,910997.08
181482,570000.0,480935.96
181483,420000.0,465990.24
181484,539990.0,549865.2733333333
181485,1285000.0,1212022.5
181486,3393000.0,3056151.3
181487,1175000.0,1250268.87
181488,895000.0,958223.0
181489,1850000.0,1302737.84
181490,3555000.0,3929210.066666667
181491,4500.0,4341.293333333333
181492,3400.0,3101.64
181493,942000.0,939543.55
181494,915000.0,1118912.3366666667
181495,887000.0,935893.4233333333
181496,3500.0,3737.383333333333
181497,2995.0,2881.5466666666666
181498,2550.0,2951.473333333334
181499,760000.0,726033.2133333334
181500,505000.0,528198.7966666666
181501,765000.0,775836.4933333333
181502,2100.0,1877.0377777777778
181503,355000.0,337520.1566666667
181504,1100000.0,1037010.6666666666
181505,137650.0,200133.66666666666
181506,23000.0,228622.17333333334
181507,884256.0,916789.59
181508,315000.0,371757.96
181509,565000.0,491607.93666666665
181510,515000.0,517364.9166666667
181511,730000.0,706210.41
181512,263000.0,403932.43
181513,4875.0,5389.722222222222
181514,370000.0,354942.66333333333
181515,1055000.0,1071004.4777777777
181516,3495.0,3506.05
181517,475000.0,398976.83
181518,336500.0,335875.4633333333
181519,945000.0,902645.1666666666
181520,749900.0,752492.9066666666
181521,465000.0,557298.78
181522,675000.0,737672.5988888888
181523,1278000.0,1571043.0966666667
181524,450000.0,566920.9523809522
181525,8000.0,4461.22
181526,517500.0,511367.36
181527,515900.0,550341.9133333333
181528,2617000.0,3222921.6666666665
181529,4850.0,5899.795533333334
181530,704000.0,821487.9
181531,1620000.0,2117395.68
181532,355000.0,405375.5
181533,945000.0,973125.76
181534,955000.0,912475.9244444446
181535,1330000.0,1424497.9
181536,2590000.0,2384108.0433333335
181537,3550000.0,3471741.06
181538,802000.0,744490.9966666667
181539,575000.0,597950.7333333333
181540,366000.0,697522.7666666667
181541,382000.0,532105.758888889
181542,1700000.0,1811138.35
181543,1200000.0,1183099.1933333334
181544,1679976.0,1415324.42
181545,1475000.0,1449389.15
181546,240000.0,385462.8333333333
181547,715000.0,847945.3333333334
181548,1175000.0,1203836.2933333332
181549,650000.0,795373.88
181550,5250.0,4904.763333333333
181551,580000.0,635256.3833333333
181552,847000.0,705230.6333333333
181553,430000.0,414002.17333333334
181554,440000.0,403566.81666666665
181555,3580000.0,2281023.9
181556,580000.0,590860.2766666666
181557,2500.0,2897.9333333333334
181558,610000.0,411413.7
181559,1200000.0,1447159.84
181560,5000.0,4238.625
181561,1565000.0,1587102.5433333332
181562,850000.0,857285.6
181563,449900.0,420660.0
181564,28500000.0,3812210.933333333
181565,507500.0,380962.2266666667
181566,3451000.0,3157762.756666667
181567,4450.0,4361.963333333333
181568,455000.0,435934.54333333333
181569,1357000.0,1472894.6566666667
181570,275500.0,372369.2866666667
181571,1830000.0,1460968.5833333333
181572,3000.0,2584.85746031746
181573,1590000.0,1558691.3333333333
181574,1350000.0,1174885.0
181575,1840000.0,1685503.0891666666
181576,1250000.0,1169084.2966666666
181577,940000.0,851204.9466666667
181578,3950.0,4981.506666666667
181579,4300.0,4656.306666666666
181580,2600.0,2308.8166666666666
181581,715000.0,749992.86
181582,1258000.0,1259419.1666666667
181583,1350000.0,1612277.2335
181584,930000.0,921180.3166666667
181585,902000.0,836156.5433333333
181586,1750.0,1786.8775
181587,1225000.0,1201347.8055555555
181588,675000.0,705805.0766666667
181589,567965.0,546426.52
181590,435000.0,409901.29333333333
181591,3300000.0,3330733.6
181592,789000.0,809556.6666666666
181593,2000000.0,1868717.8
181594,415000.0,418117.37333333335
181595,599900.0,677929.7566666667
181596,1750000.0,1753335.39
181597,849000.0,791876.8366666667
181598,1635000.0,1276783.8266666667
181599,1405000.0,1426108.0633333332
181600,545000.0,495888.1666666667
181601,3950000.0,3514588.066666667
181602,2500.0,2546.9577777777777
181603,433000.0,431554.0
181604,505000.0,663987.63
181605,2000.0,3901.74
181606,290000.0,274059.8466666667
181607,2799.0,4338.508888888889
181608,359000.0,459140.64
181609,1299999.0,1338521.8
181610,745000.0,797979.6666666666
181611,1058000.0,916386.0533333333
181612,599000.0,610991.111111111
181613,2300.0,2581.1647619047617
181614,545000.0,606692.28
181615,449000.0,485367.62
181616,540000.0,684003.2833333333
181617,1155000.0,1097548.4796
181618,490000.0,406409.86
181619,5795.0,6178.441111111111
181620,828000.0,809831.06
181621,1275000.0,1214558.3933333333
181622,888000.0,831008.59
181623,4500.0,6713.94
181624,1300000.0,1556639.8433333333
181625,1168000.0,1017021.6533333333
181626,2595.0,2097.95
181627,950000.0,1239720.1255555553
181628,1650000.0,1777559.1966666668
181629,625000.0,600191.1933333334
181630,436000.0,433993.7
181631,888000.0,851181.93
181632,1915000.0,2356492.3333333335
181633,530000.0,559356.9411111112
181634,1695.0,9805.709166666667
181635,310500.0,411536.32666666666
181636,1300000.0,1314405.95
181637,1220000.0,1339180.1233333333
181638,585000.0,589824.62
181639,950000.0,978703.1533333333
181640,750000.0,755883.5133333333
181641,1310000.0,1588024.51
181642,835000.0,867855.29
181643,1370000.0,1297153.3333333333
181644,1200000.0,1141175.05
181645,730000.0,760054.3333333334
181646,775000.0,808714.8
181647,2495.0,2861.0233333333335
181648,3200.0,2989.8333333333335
181649,3300.0,3737.0833333333335
181650,680000.0,676709.6
181651,372000.0,358942.38888888893
181652,390000.0,505654.98
181653,915000.0,826733.41
181654,468000.0,438576.3333333333
181655,1200000.0,1201287.86
181656,535000.0,498997.628888889
181657,1085000.0,865336.59
181658,210000.0,249903.40333333332
181659,975000.0,1394256.6766666668
181660,555000.0,578639.5266666666
181661,990000.0,1475694.5266666666
181662,735000.0,710931.06
181663,5250.0,8103.564366666668
181664,580000.0,590635.0733333334
181665,3725000.0,3761913.3333333335
181666,1175000.0,1038588.88
181667,750000.0,520979.85
181668,3125000.0,2954480.8
181669,740000.0,656864.69
181670,1200000.0,978424.4833333333
181671,450000.0,417836.73
181672,584900.0,537888.6733333333
181673,3500.0,3370.86
181674,580000.0,519963.86666666664
181675,600000.0,554653.7233333334
181676,899990.0,892666.8333333334
181677,765000.0,719867.6666666666
181678,660000.0,672593.2133333334
181679,760000.0,774251.59
181680,1250000.0,1422114.3333333333
181681,980.0,2296.5216666666665
181682,620000.0,600722.77
181683,2200.0,2740.61
181684,780000.0,801263.6366666667
181685,755000.0,637132.1
181686,900029.0,990975.86
181687,1230000.0,966530.64
181688,1800000.0,1428043.3733333333
181689,335000.0,484303.8233333333
181690,1025000.0,1373343.947777778
181691,489990.0,505669.3
181692,2100.0,1882.3425
181693,1620000.0,1398101.63
181694,2900.0,3002.7266666666665
181695,480000.0,453725.69666666666
181696,285000.0,462946.59259259264
181697,975000.0,975678.3633333333
181698,720000.0,711464.39
181699,844500.0,972293.6533333333
181700,310000.0,194737.54
181701,1899.0,1841.6033333333332
181702,770000.0,759147.3466666667
181703,950000.0,961161.1333333333
181704,660000.0,690630.53
181705,446000.0,535497.8033333333
181706,615000.0,690523.0
181707,4250.0,4290.866666666667
181708,415000.0,435061.26
181709,870000.0,1142039.5
181710,402000.0,409720.13333333336
181711,665000.0,657107.6566666666
181712,700000.0,702504.3733333333
181713,3600.0,3424.7266666666665
181714,2200000.0,2380033.3966666665
181715,525000.0,501894.75666666665
181716,4900.0,4426.676666666666
181717,785000.0,768402.0066666667
181718,665000.0,588376.3333333334
181719,3300.0,3406.233333333333
181720,928866.0,891389.9586666665
181721,1185000.0,1091540.8333333333
181722,1100000.0,1348992.2581666666
181723,2465000.0,2453468.433333333
181724,4400.0,4691.21
181725,6000.0,5475.183333333333
181726,465000.0,456657.99
181727,779000.0,803531.9065333334
181728,3350.0,3091.5666666666666
181729,1045000.0,1142690.5466666666
181730,8250.0,7783.31
181731,580000.0,927297.55
181732,3740000.0,3289110.5566666666
181733,445000.0,536116.44
181734,825000.0,795592.86
181735,449000.0,448709.83
181736,650000.0,646352.4766666667
181737,1100000.0,1315122.4366666668
181738,870000.0,949469.0333333333
181739,569000.0,611151.2966666666
181740,730000.0,598777.16
181741,515000.0,490071.66333333333
181742,2577374.0,2409305.3066666666
181743,775000.0,828461.8533333334
181744,690000.0,786594.28
181745,427000.0,441201.58
181746,150000.0,215070.47
181747,3325000.0,3122214.3833333333
181748,1300.0,1628.1766666666667
181749,800000.0,997878.5766666667
181750,990000.0,979711.33
181751,1090000.0,974802.19
181752,460000.0,478227.46
181753,2650.0,2803.89
181754,479900.0,425123.2766666667
181755,1200000.0,1249574.6666666667
181756,1055000.0,1135016.25
181757,685000.0,737307.8333333334
181758,645000.0,653332.6366666667
181759,480000.0,521779.99666666664
181760,6600.0,6991.397766666667
181761,6800.0,6094.446666666667
181762,850000.0,663857.65
181763,350000.0,302392.3333333333
181764,2100.0,2224.5022222222224
181765,5950.0,5035.386666666666
181766,1477000.0,1576202.6566666667
181767,6600000.0,4764010.923333333
181768,370000.0,328474.96
181769,1895000.0,2107598.5749
181770,669000.0,666821.5555555555
181771,1825000.0,1836582.71
181772,1649.0,2368.38
181773,2590000.0,2491553.2
181774,1200000.0,758668.6683333333
181775,4400.0,4108.883333333333
181776,851000.0,710504.6566666666
181777,1430000.0,1121563.5555555557
181778,2590000.0,2779760.8633333333
181779,6000.0,6866.006666666667
181780,4200.0,4940.483333333334
181781,1635000.0,1446960.4866666666
181782,880000.0,814397.63
181783,4200.0,3934.2
181784,549000.0,476553.2833333333
181785,600000.0,599733.0
181786,3050000.0,2674584.263333333
181787,4950.0,5579.246666666667
181788,265000.0,422348.66333333333
181789,3300.0,3469.116666666667
181790,4950.0,4682.304444444444
181791,2700.0,2984.9083333333333
181792,3450.0,4274.7
181793,1525000.0,1664732.595
181794,2100000.0,1744010.2066666668
181795,669750.0,639690.26
181796,980000.0,1107668.2533333334
181797,2700.0,2284.7833333333333
181798,3600.0,3371.0337222222224
181799,787000.0,817037.3566666667
181800,308000.0,391994.98777777783
181801,1037500.0,986633.9166666666
181802,990000.0,949606.4266666666
181803,440000.0,456209.83
181804,3850000.0,3745887.183333333
181805,550000.0,547187.3333333334
181806,620000.0,716966.49
181807,1500000.0,1461571.7188888888
181808,636000.0,653470.285
181809,1070000.0,925982.18
181810,685000.0,727105.6666666666
181811,1051500.0,1050200.8933333333
181812,3495.0,3678.79
181813,665000.0,626590.86
181814,380000.0,372825.5
181815,5300.0,4833.3108
181816,3700.0,3927.0866666666666
181817,142500.0,269834.3
181818,375000.0,580845.65
181819,700000.0,712884.0
181820,532500.0,510897.2
181821,5100.0,5744.283333333334
181822,875000.0,760941.4333333333
181823,2250.0,2356.308888888889
181824,885000.0,1068065.6766666668
181825,650000.0,653024.1766666666
181826,190000.0,208406.33333333334
181827,250000.0,259284.33
181828,5200.0,4822.058333333333
181829,2695.0,2582.56
181830,410000.0,421290.91333333333
181831,1325000.0,1199845.2933333332
181832,1172500.0,1895152.4266666668
181833,290000.0,345967.32666666666
181834,1430000.0,1277230.0666666667
181835,560000.0,746280.8933333333
181836,595000.0,592617.8033333333
181837,3450.0,3643.1966666666667
181838,2305000.0,2104458.716666667
181839,1095000.0,1216086.6666666667
181840,678080.0,759600.8144444445
181841,830000.0,807911.4533333334
181842,265000.0,190938.76
181843,420000.0,422884.17333333334
181844,351000.0,416295.2
181845,6500.0,6955.333333333333
181846,638000.0,676568.8633333333
181847,1750.0,2050.6102981315207
181848,5700.0,5247.266666666666
181849,1700.0,1711.0504761904763
181850,615000.0,604994.77
181851,828888.0,772954.96
181852,1888000.0,2198361.99
181853,655000.0,618339.0266666666
181854,620000.0,625139.5333333333
181855,981000.0,1037710.9466666667
181856,305000.0,319082.9266666667
181857,2000.0,1827.2977777777776
181858,3830000.0,4422125.333333333
181859,540000.0,524610.94
181860,2300.0,2283.867777777778
181861,587470.0,632823.0833333334
181862,1110000.0,1397193.25
181863,630000.0,609635.6633333333
181864,2300000.0,2301236.6666666665
181865,1070000.0,1146840.55
181866,858000.0,971527.5666666667
181867,1047500.0,806240.11
181868,795000.0,747891.8066666666
181869,6000.0,4954.426666666666
181870,1505000.0,1608584.5666666667
181871,360000.0,380420.46
181872,735000.0,596183.6666666666
181873,740000.0,751100.0
181874,750000.0,712656.6766666666
181875,399000.0,415997.1066666667
181876,2074000.0,2121902.85
181877,1070000.0,1006587.98
181878,500000.0,596789.85
181879,370000.0,335051.76666666666
181880,575000.0,581150.7166666667
181881,446400.0,464121.7166666667
181882,260000.0,270925.06666666665
181883,439000.0,502890.45666666667
181884,665000.0,660076.0333333333
181885,1850.0,1822.7886111111113
181886,1275000.0,1615551.3733333333
181887,650000.0,670169.8333333334
181888,600000.0,592140.51
181889,1075000.0,950278.8733333333
181890,405000.0,417551.8722222222
181891,2100000.0,2447211.6166666667
181892,430000.0,440462.1
181893,970000.0,909898.7266666667
181894,6400000.0,3917912.993333333
181895,780000.0,803126.9433333334
181896,402000.0,428455.84
181897,375000.0,392059.99666666664
181898,1165000.0,1158381.8776666666
181899,215000.0,253494.0
181900,1400000.0,1633699.57
181901,2225000.0,2353793.0366666666
181902,22000.0,10190.138888888889
181903,5450.0,5436.933333333333
181904,3300.0,2656.3433333333332
181905,1660000.0,1546164.4533333334
181906,537000.0,513939.4533333333
181907,410000.0,461688.3333333333
181908,950000.0,1073093.1443333335
181909,637777.0,659138.8666666667
181910,5700000.0,3355448.81
181911,545000.0,543930.5733333334
181912,550000.0,644129.6666666666
181913,3200.0,3128.1633333333334
181914,1275000.0,1413074.3666666667
181915,700000.0,794495.7933333333
181916,672000.0,693640.2133333334
181917,7200.0,6961.7
181918,1631000.0,1690150.4333333333
181919,5500.0,2981.6233333333334
181920,1100000.0,1298682.9166666667
181921,630000.0,647545.9833333333
181922,1240000.0,1245088.06
181923,1070000.0,876929.0666666667
181924,1180000.0,1147881.6666666667
181925,2850.0,2835.977777777778
181926,2100.0,2165.55
181927,3515000.0,3073236.1466666665
181928,6500.0,7254.09
181929,2225000.0,1955608.5933333333
181930,510000.0,502952.55333333334
181931,790000.0,824816.63
181932,1026000.0,908767.4583333334
181933,930000.0,820230.45
181934,1150000.0,1352587.5833333333
181935,300000.0,367108.8453333333
181936,6750.0,669119.48
181937,1142027.0,1066861.6666666667
181938,520000.0,515295.49333333335
181939,975000.0,1091192.9966666666
181940,810000.0,1094161.1
181941,7450.0,6555.426666666666
181942,4500.0,3951.9227777777783
181943,750000.0,760632.6233333333
181944,510000.0,697786.7533333333
181945,4100.0,4533.933333333333
181946,800000.0,835019.2
181947,775000.0,752605.8633333333
181948,825000.0,771417.5666666667
181949,459000.0,445154.06666666665
181950,3500.0,3742.9666666666667
181951,350000.0,666481.08
181952,5999.0,7346.033333333334
181953,1560000.0,1054333.7533333334
181954,1015000.0,1369937.2533333334
181955,577000.0,577172.5866666667
181956,849900.0,858389.23
181957,895000.0,1066190.03
181958,2250000.0,1453171.7133333334
181959,3900.0,4191.173333333333
181960,1435000.0,1336023.0
181961,785000.0,829694.5066666667
181962,795000.0,1236278.0933333333
181963,725000.0,587391.6233333333
181964,710000.0,762515.4366666666
181965,1040000.0,955344.74
181966,1800000.0,1956789.4479
181967,4495.0,4670.033333333334
181968,362000.0,349595.63
181969,795000.0,529951.6666666666
181970,3800.0,3717.963333333333
181971,90000.0,208573.77666666667
181972,165000.0,188710.0
181973,1010000.0,1030212.7833333333
181974,870000.0,755299.1266666667
181975,755000.0,792859.3433333334
181976,1895000.0,1990471.9
181977,3700.0,4349.633333333333
181978,2620000.0,1899204.7933333332
181979,890000.0,687729.3333333334
181980,840000.0,878796.9444444445
181981,1650000.0,1827325.7933333332
181982,965000.0,857832.6266666667
181983,1995000.0,2150749.1666666665
181984,838000.0,789007.46
181985,1320000.0,1656636.0733333332
181986,1495811.0,1630211.0433333332
181987,1065000.0,988118.4466666667
181988,320000.0,223835.65333333332
181989,750000.0,753580.1933333334
181990,3195000.0,2445971.16
181991,580000.0,641873.2933333333
181992,740000.0,702304.2933333333
181993,2118500.0,1657517.8266666667
181994,750000.0,583279.1533333333
181995,5300000.0,2649229.0
181996,689000.0,633209.99
181997,413000.0,363808.3433333333
181998,783000.0,729657.3066666666
181999,2250000.0,2274752.3366666664
182000,355000.0,396548.6666666667
182001,520000.0,749493.5
182002,338000.0,324422.3333333333
182003,575000.0,804731.0
182004,920000.0,754930.4633333334
182005,1319000.0,1357404.95
182006,850000.0,909290.92
182007,449990.0,446938.43333333335
182008,870000.0,1294696.15
182009,486000.0,528746.2366666667
182010,2000.0,2129.379208199208
182011,665000.0,647884.3333333334
182012,1030000.0,1216220.9133333333
182013,540000.0,495961.2222222222
182014,744900.0,802887.6433333333
182015,785000.0,775163.3333333334
182016,392000.0,387824.63333333336
182017,400000.0,672541.7633333333
182018,678888.0,743037.9166666666
182019,625000.0,637792.2866666666
182020,699999.0,655808.6766666666
182021,690000.0,653564.9433333334
182022,4450.0,4416.116666666667
182023,875000.0,955808.33
182024,700000.0,665563.3333333334
182025,15995.0,11151.466666666667
182026,890000.0,896444.4333333333
182027,3300.0,3482.9983333333334
182028,385000.0,584233.9733333334
182029,490000.0,495259.66333333333
182030,1550000.0,1623009.0
182031,1150000.0,1148375.6666666667
182032,590000.0,539983.6133333333
182033,590000.0,613489.0833333334
182034,4000.0,8587.71388888889
182035,999999.0,797378.95
182036,520500.0,453454.3333333333
182037,725000.0,710102.2
182038,1669900.0,1465869.3333333333
182039,360000.0,505302.27
182040,940000.0,896669.7433333333
182041,1049990.0,1095389.6533333333
182042,675000.0,669618.88
182043,905000.0,917607.0577777779
182044,1290000.0,1432325.2766666666
182045,640000.0,610710.72
182046,634000.0,760235.0
182047,1050000.0,1012342.78
182048,1933000.0,2250570.38
182049,795000.0,722988.16
182050,350000.0,417476.81666666665
182051,2800.0,3085.8933333333334
182052,730000.0,735606.5666666667
182053,1975000.0,2150661.71
182054,2800.0,2586.076666666667
182055,735000.0,787683.0
182056,1595.0,1657.197023809524
182057,1080000.0,1070030.6666666667
182058,1137500.0,974829.6655555554
182059,875000.0,819020.66
182060,459000.0,412566.70666666667
182061,642500.0,649193.33
182062,1350000.0,1201328.4866666666
182063,885000.0,749812.35
182064,1099000.0,1409891.1
182065,519000.0,539048.5833333334
182066,699000.0,845770.22
182067,1400000.0,1279708.9
182068,850000.0,943491.7933333333
182069,392000.0,417091.14666666667
182070,351000.0,413915.3333333333
182071,616000.0,687344.5
182072,990000.0,816373.7333333333
182073,850000.0,1030713.7966666666
182074,795000.0,777819.6666666666
182075,5299000.0,4409410.593333334
182076,1600000.0,1263218.3166666667
182077,715000.0,704395.8766666667
182078,922000.0,907548.33
182079,475000.0,440496.9166666667
182080,1525000.0,1277851.3833333333
182081,956250.0,909641.4666666667
182082,950000.0,805110.4433333334
182083,843375.0,838130.3333333334
182084,505000.0,492113.3466666667
182085,2085000.0,2161730.4293
182086,1055000.0,1082416.91
182087,710000.0,696476.5733333334
182088,3700.0,3468.8033333333333
182089,1360000.0,1498424.88
182090,949000.0,883319.6133333333
182091,3600000.0,2794589.51
182092,1260000.0,1087294.9066666667
182093,2700.0,2675.6858333333334
182094,2588.0,2790.8444444444444
182095,1530000.0,1766458.6366666667
182096,2700.0,2712.4028809523807
182097,565000.0,599842.63
182098,1275000.0,1365240.4366666668
182099,465000.0,451610.73333333334
182100,1005000.0,1165209.2933333332
182101,3600.0,4224.41
182102,405000.0,488517.0833333333
182103,399000.0,327918.86666666664
182104,2300000.0,2683439.36
182105,1655000.0,1487515.4566666668
182106,515000.0,495409.35
182107,780000.0,806335.8333333334
182108,620000.0,718985.65
182109,1325000.0,1249779.1066666667
182110,1670000.0,1777163.27
182111,5000.0,4802.3983333333335
182112,1950000.0,1815725.4266666668
182113,1260000.0,1459475.1566666667
182114,2175.0,2701.625
182115,1585000.0,1340003.1566666667
182116,1190000.0,978857.75
182117,923200.0,987518.5333333333
182118,520000.0,535794.68
182119,989000.0,1069367.7166666666
182120,943000.0,872588.1033333334
182121,1515000.0,1458181.1233333333
182122,390000.0,429789.2766666667
182123,452000.0,430566.23333333334
182124,5300.0,5750.633333333333
182125,10850.0,23552.693333333333
182126,1450000.0,1705512.74
182127,1541000.0,1671794.0466666666
182128,6334900.0,4747775.086666667
182129,108000.0,164993.62333333332
182130,569900.0,536570.6566666666
182131,1000000.0,483884.4266666667
182132,855000.0,1051808.32
182133,780000.0,798124.2933333333
182134,2250000.0,2069201.5533333332
182135,1550000.0,1481461.7533333334
182136,1249000.0,1311642.6666666667
182137,275000.0,472955.50333333336
182138,850000.0,752302.3466666667
182139,740000.0,680209.06
182140,1185000.0,1274242.4966666666
182141,675000.0,620744.5633333334
182142,640000.0,606714.6666666666
182143,1025000.0,1072386.6166666667
182144,730000.0,751320.1666666666
182145,1620000.0,1529098.6666666667
182146,935000.0,869125.5
182147,3600.0,4235.71
182148,2475000.0,1780998.7
182149,1135000.0,1297871.3333333333
182150,828000.0,858628.4066666666
182151,6850.0,9698.373333333333
182152,1095000.0,1405660.5866666667
182153,235000.0,208309.0
182154,1485000.0,1347887.85
182155,1400000.0,1374015.6349206348
182156,970000.0,884985.0555555555
182157,440000.0,428316.4166666667
182158,1375000.0,1075898.2333333334
182159,1475000.0,1561471.0533333332
182160,4100.0,3141.96
182161,1430000.0,1302873.3333333333
182162,1280000.0,1366061.3266666667
182163,1275000.0,1270385.28
182164,780000.0,749737.55
182165,1600000.0,1734923.6933333334
182166,503000.0,551587.21
182167,605000.0,598237.25
182168,615000.0,593061.4766666667
182169,1780000.0,1288881.3566666667
182170,1320000.0,1056386.7533333334
182171,360000.0,516040.75333333336
182172,1802500.0,1668060.9233333333
182173,450000.0,463316.9866666667
182174,1525000.0,1560518.58
182175,1075000.0,1086617.8433333333
182176,8000.0,7564.5216666666665
182177,1029555.0,1058875.0333333334
182178,1180000.0,1089991.687777778
182179,500000.0,547951.7944444445
182180,6700.0,7465.089933333335
182181,3390000.0,3158952.91
182182,1250000.0,1436232.9633333334
182183,754000.0,737280.3066666666
182184,2850.0,3273.3961111111107
182185,1198100.0,1915546.4533333334
182186,460000.0,508271.74111111107
182187,1178500.0,1186777.22
182188,630000.0,637721.2133333334
182189,1400000.0,1438256.348888889
182190,1025000.0,1139763.88
182191,1848888.0,2028439.8799
182192,400000.0,381524.7133333333
182193,3900.0,4337.783333333334
182194,486800.0,506533.3333333333
182195,650000.0,621336.5166666667
182196,2655000.0,2146708.5996000003
182197,780000.0,810632.6822222222
182198,1800000.0,1495263.7833333334
182199,1060000.0,1037909.92
182200,945000.0,952920.5
182201,666900.0,663110.7166666667
182202,979000.0,775918.3233333334
182203,1725000.0,1724196.3313333332
182204,505000.0,475611.5933333333
182205,599000.0,603070.3766666667
182206,858000.0,1064227.3333333333
182207,665000.0,654622.2533333333
182208,670000.0,701296.2433333333
182209,925000.0,933420.3366666667
182210,550000.0,506968.8377777778
182211,5250.0,5313.766666666666
182212,925000.0,1069076.9566666668
182213,1025000.0,1096506.15
182214,224000.0,315187.8003333333
182215,679000.0,753175.9633333334
182216,32500.0,115556.79
182217,355000.0,329412.2733333333
182218,322000.0,333131.06666666665
182219,955000.0,1023038.7666666667
182220,400000.0,382699.67666666664
182221,705000.0,704684.66
182222,693418.0,668629.3333333334
182223,2450000.0,2327842.816666667
182224,665000.0,645494.6822222222
182225,515000.0,485990.5266666667
182226,1015000.0,1086646.0
182227,1535000.0,1263287.12
182228,540000.0,440242.55333333334
182229,820000.0,792216.9433333334
182230,788925.0,739304.42
182231,2850000.0,2284517.4066666667
182232,1279000.0,1038853.3033333333
182233,580000.0,789851.79
182234,5700.0,5800.01
182235,680000.0,683106.26
182236,423000.0,444872.46
182237,975000.0,1036276.42
182238,2400.0,2504.0866666666666
182239,750000.0,713797.6555555556
182240,625000.0,590395.8333333334
182241,515000.0,474486.40111111104
182242,385000.0,313216.65
182243,570000.0,553992.0933333334
182244,2788000.0,3368025.49
182245,1526700.0,1464698.4233333333
182246,1775000.0,1845425.8633333333
182247,230000.0,239887.33333333334
182248,1100000.0,1058614.1666666667
182249,3700.0,4133.943333333334
182250,395000.0,384804.8333333333
182251,580000.0,602650.0366666666
182252,1465000.0,1377678.1333333333
182253,1075000.0,961509.79
182254,230000.0,245044.8888888889
182255,380000.0,290820.9866666667
182256,995000.0,958463.0733333334
182257,625000.0,627760.65
182258,575000.0,611299.3333333334
182259,945000.0,1133211.9333333333
182260,780000.0,913560.3633333333
182261,500000.0,487071.43333333335
182262,900000.0,849078.99
182263,1325000.0,1403541.5166666666
182264,1900000.0,1826216.1666666667
182265,715000.0,751971.2933333333
182266,510000.0,486712.46
182267,675000.0,668186.0
182268,3600.0,2797.1222222222223
182269,940000.0,1010700.1433333333
182270,710000.0,709041.5633333334
182271,1795000.0,1813174.71
182272,945000.0,858131.1666666666
182273,749000.0,694243.9933333333
182274,9000.0,5863.194433333334
182275,792000.0,930914.6666666666
182276,3500000.0,2096758.6666666667
182277,1175000.0,996193.1266666667
182278,2200.0,2329.8722222222223
182279,3750.0,4110.78
182280,1267000.0,1632891.7266666666
182281,600000.0,665244.15
182282,130000.0,218124.16666666666
182283,634000.0,626321.31
182284,360000.0,359249.55
182285,285000.0,301429.55
182286,484000.0,470346.1666666667
182287,1065000.0,987970.5633333334
182288,1710000.0,1605454.5166666666
182289,459000.0,454011.5966666667
182290,965000.0,1140680.4
182291,4260.0,4229.444444444445
182292,1866000.0,1736730.6
182293,750000.0,784258.61
182294,785000.0,834961.3233333334
182295,1400000.0,1481153.19
182296,372000.0,381744.228
182297,4850.0,4567.716666666666
182298,925000.0,946465.6666666666
182299,5500000.0,3879380.33
182300,1400000.0,990598.0333333333
182301,5100.0,6009.845
182302,260000.0,260460.33333333334
182303,880000.0,1314852.6133333333
182304,3950000.0,4318265.526666666
182305,280000.0,271307.5
182306,3750000.0,2796834.453333333
182307,1900000.0,1894337.58
182308,312000.0,274824.7633333333
182309,1131000.0,1064527.9333333333
182310,1490000.0,1335814.4133333333
182311,840000.0,766200.6666666666
182312,2280000.0,3089437.3833333333
182313,1580000.0,1400174.4166666667
182314,1245000.0,1165340.7777777778
182315,1185000.0,1033288.3333333334
182316,703000.0,814666.4633333334
182317,715000.0,880243.2866666666
182318,530000.0,518490.57
182319,975000.0,1411625.1166666667
182320,940000.0,1087750.0
182321,453000.0,453501.68333333335
182322,1400000.0,1180956.8866666667
182323,850000.0,827569.6966666667
182324,780000.0,793472.3333333334
182325,2495.0,2458.7766666666666
182326,1062000.0,561998.7
182327,1080000.0,1485052.1233333333
182328,750000.0,717613.3333333334
182329,290000.0,238265.40666666668
182330,640000.0,632384.94
182331,840000.0,847608.6033333334
182332,2299000.0,2360913.38
182333,305000.0,314336.6666666667
182334,750000.0,751154.6933333334
182335,820000.0,833614.42
182336,800000.0,709029.9333333333
182337,575000.0,632369.12
182338,2050000.0,2567431.6666666665
182339,679000.0,630344.7922222222
182340,1326000.0,1158901.6866666668
182341,1250000.0,1366170.7
182342,720000.0,1291751.2566666666
182343,1250000.0,1185210.6466666667
182344,3495000.0,3413054.3733333335
182345,1465000.0,1102610.38
182346,829900.0,768188.8339999999
182347,684000.0,642085.5
182348,1490000.0,1588904.5222222223
182349,1915000.0,1876032.0232333334
182350,1375000.0,1359842.8166666667
182351,599000.0,595595.0466666666
182352,910000.0,834854.39
182353,1349000.0,1454588.7
182354,920000.0,947716.1333333333
182355,695000.0,715019.11
182356,1105000.0,1013431.13
182357,520000.0,528617.0055555556
182358,6000.0,5210.232222222223
182359,1475000.0,1502725.4733333334
182360,3300.0,3362.0666666666666
182361,827500.0,913406.6666666666
182362,2475000.0,1965009.0366666666
182363,825000.0,784306.0
182364,2100000.0,2094525.8666666672
182365,914000.0,887526.4866666667
182366,435000.0,518317.51666666666
182367,400000.0,420936.73333333334
182368,420720.0,503682.9166666667
182369,590000.0,674652.6566666666
182370,1585000.0,1536239.1266666667
182371,1050000.0,1028130.7933333333
182372,600000.0,643528.16
182373,800000.0,904475.98
182374,921200.0,1021863.6155555557
182375,525000.0,519018.3
182376,9750.0,6363.0055555555555
182377,785000.0,706010.7966666666
182378,2700000.0,2595093.65
182379,1350000.0,1279803.4166666667
182380,790000.0,882159.5533333333
182381,490000.0,480925.47
182382,1560000.0,1676641.5
182383,540000.0,528840.37
182384,545000.0,558155.6666666666
182385,1660000.0,1741840.4233333333
182386,1313800.0,1285956.5
182387,1700000.0,1982908.3366666667
182388,474000.0,470100.6666666667
182389,650000.0,617402.18
182390,635000.0,624042.0933333334
182391,2550000.0,2521052.96
182392,375000.0,403753.8
182393,705000.0,684842.7066666667
182394,3000.0,3136.62
182395,1974000.0,1612169.0666666667
182396,405000.0,405567.83666666667
182397,1149000.0,988069.971111111
182398,5065000.0,4162438.933333333
182399,1360000.0,1208024.38
182400,225000.0,719902.69
182401,1065000.0,1065734.42
182402,3100.0,3206.0333333333333
182403,1385000.0,1288959.0
182404,625000.0,645778.31
182405,2589000.0,2299461.453333333
182406,850000.0,880803.9526666667
182407,405000.0,365049.4444444445
182408,3900.0,3126.6827222222223
182409,900000.0,863421.0833333334
182410,530000.0,581393.0633333334
182411,640000.0,599158.85
182412,593000.0,565127.2666666667
182413,640000.0,741811.41
182414,1472000.0,1523744.02
182415,1950.0,1773.4288888888887
182416,500000.0,536356.41
182417,200000.0,194329.27777777778
182418,4300.0,4387.633333333333
182419,1360000.0,1356117.8433333333
182420,1110000.0,968072.6533333333
182421,479000.0,544950.8333333334
182422,820000.0,965045.6666666666
182423,840000.0,872681.4833333333
182424,350000.0,541159.9933333333
182425,1290000.0,1191743.5833333333
182426,780000.0,717758.8666666667
182427,1235000.0,1175203.6633333333
182428,3750000.0,1478187.92
182429,3000.0,2845.329444444444
182430,593958.0,629184.3133333334
182431,560000.0,565693.8733333333
182432,2700000.0,3548103.89
182433,538500.0,595386.2933333333
182434,750000.0,777491.9233333333
182435,618000.0,588963.9466666667
182436,740000.0,741538.0566666666
182437,570000.0,622637.32
182438,1020000.0,1304207.38
182439,384000.0,321122.4633333333
182440,2850.0,2887.73
182441,415000.0,404746.25
182442,725000.0,520115.77040000004
182443,1800000.0,1477055.5
182444,935000.0,1090656.51
182445,1160000.0,1044149.5566666666
182446,440000.0,447196.57
182447,1235000.0,1226518.6633333333
182448,1699000.0,1845033.7966666666
182449,510750.0,544755.5166666667
182450,650000.0,652274.2666666667
182451,330000.0,422927.5
182452,615694.0,620066.32
182453,620000.0,707329.45
182454,750000.0,668057.6666666666
182455,920000.0,885661.8366666667
182456,644000.0,574737.9566666667
182457,255000.0,340530.36333333334
182458,1475000.0,1187323.7133333334
182459,654000.0,679153.3111111112
182460,1072000.0,1042355.73
182461,1361000.0,1086739.3333333333
182462,460000.0,440960.86
182463,900000.0,869263.6966666667
182464,1610000.0,1807117.7366666666
182465,635000.0,644451.9966666667
182466,435000.0,443169.4666666667
182467,650000.0,473566.29333333333
182468,3385000.0,2902176.27
182469,19950.0,37725.333333333336
182470,1005000.0,954097.3333333334
182471,3250.0,3609.43
182472,1770000.0,1942003.4333333333
182473,1102000.0,1324819.16
182474,1055000.0,1053106.851
182475,3000.0,3453.0866666666666
182476,418000.0,413300.0
182477,5500.0,5567.6033333333335
182478,3700.0,4820.592777777778
182479,489000.0,591691.7666666667
182480,1730000.0,1751090.33
182481,580000.0,608090.46
182482,408000.0,387561.99666666664
182483,1695000.0,1392596.5666666667
182484,1300000.0,1730563.04
182485,1899000.0,1677302.3966666667
182486,1150000.0,1026519.3266666667
182487,985000.0,961758.04
182488,1245000.0,1316488.1666666667
182489,1296205.0,1725468.71
182490,400000.0,496842.95666666667
182491,400000.0,440939.1433333333
182492,850000.0,866171.8966666666
182493,1890000.0,2079501.7533333334
182494,445000.0,370912.8
182495,828000.0,888899.53
182496,180000.0,246382.33
182497,586500.0,600822.7266666667
182498,575000.0,531711.3133333334
182499,4500.0,6339.211111111111
182500,758500.0,712891.5611111111
182501,2440000.0,2269507.616666667
182502,1025000.0,951535.27
182503,395000.0,445092.24333333335
182504,720000.0,686580.2233333334
182505,1300000.0,1388495.4533333334
182506,495000.0,368039.6666666667
182507,3500.0,3742.3111111111107
182508,745000.0,748452.9966666667
182509,1630000.0,1564990.0
182510,799000.0,749639.5733333334
182511,415000.0,417077.0
182512,380000.0,335828.17
182513,525000.0,537683.17
182514,999000.0,966313.6766666666
182515,1100000.0,1055057.3666666667
182516,1049000.0,1128999.33
182517,1150000.0,1097842.7866666666
182518,590000.0,541328.49
182519,925000.0,979440.6666666666
182520,2088000.0,1939616.4766666666
182521,1513000.0,1087590.4166666667
182522,760000.0,858579.6733333333
182523,1010000.0,1046075.3805
182524,1565000.0,1473519.7133333334
182525,820000.0,1082274.4666666666
182526,1085000.0,933328.06
182527,889000.0,867380.6633333333
182528,625000.0,605456.2266666667
182529,1305000.0,1447296.6133333333
182530,735000.0,745206.4266666666
182531,770000.0,806188.3333333334
182532,2575000.0,1828536.6666666667
182533,501000.0,474398.6533333333
182534,175000.0,280908.1
182535,6500.0,6137.6319047619045
182536,570000.0,567821.8833333333
182537,700000.0,719618.63
182538,1600.0,1797.5623015873018
182539,875000.0,971282.3433333334
182540,569000.0,579143.3393333334
182541,738000.0,841981.6633333333
182542,675000.0,776428.83
182543,289000.0,250231.16333333333
182544,442000.0,408923.6666666667
182545,1660000.0,1684527.2533333334
182546,790000.0,759463.89
182547,605000.0,590883.3333333334
182548,7800.0,6421.45
182549,3150000.0,2483649.053333333
182550,1674000.0,1681821.3066666666
182551,745000.0,684674.83
182552,247500.0,274037.7366666667
182553,772000.0,871478.6833333333
182554,540000.0,578896.7777777778
182555,1260000.0,1091958.3333333333
182556,455900.0,437179.25
182557,1950000.0,1510301.2933333332
182558,1285000.0,1311608.44
182559,952000.0,968120.83
182560,620000.0,606873.0
182561,3500.0,3360.7444444444445
182562,955000.0,1144035.0233333334
182563,758500.0,795037.4966666667
182564,1895.0,1905.375
182565,765000.0,806686.7666666667
182566,2750.0,2919.6544444444444
182567,1850000.0,1930474.8333333333
182568,2850000.0,2716535.45
182569,705000.0,703346.4233333333
182570,1275530.0,1413169.59
182571,895000.0,930460.45
182572,3950.0,3813.5666666666666
182573,640000.0,546170.7866666666
182574,869000.0,929289.25
182575,1250000.0,811521.8433333334
182576,790000.0,761658.0
182577,4500.0,4616.433333333333
182578,1210000.0,1239242.156825397
182579,1110000.0,1156459.7066666668
182580,1215000.0,972806.9633333334
182581,5200000.0,3438022.6066666665
182582,1340000.0,1577197.1233333333
182583,990000.0,846339.92
182584,2350.0,2135.4805555555554
182585,360000.0,332379.9666666667
182586,865000.0,866003.6666666666
182587,737000.0,802110.29
182588,1990000.0,1777943.3133333332
182589,500000.0,509645.19333333336
182590,4700.0,5220.4766666666665
182591,580000.0,653688.3333333334
182592,990000.0,1004562.0166666667
182593,760000.0,783151.92
182594,435000.0,406667.3333333333
182595,1000025.0,1242423.71
182596,820000.0,980120.2566666667
182597,790000.0,818803.2933333333
182598,390000.0,389756.70666666667
182599,485000.0,502770.56
182600,1883500.0,1506947.5566666666
182601,759000.0,663091.6866666666
182602,1650000.0,1275177.9966666666
182603,1515000.0,1435901.0
182604,1060000.0,1076369.5133333334
182605,790000.0,818962.2377777778
182606,799900.0,1203401.9666666666
182607,1685.0,1732.7605555555556
182608,526000.0,445545.58666666667
182609,383000.0,350914.15777777776
182610,610000.0,585003.94
182611,880000.0,860541.4666666667
182612,920000.0,975158.4333333333
182613,2300000.0,2547307.4166666665
182614,2000.0,1905.1166666666666
182615,745000.0,729138.3333333334
182616,3850.0,3829.51
182617,1040000.0,1069248.72
182618,2195.0,2259.7420634920636
182619,800000.0,778264.3211111111
182620,742000.0,780234.9266666666
182621,4150.0,4417.723888888889
182622,2900.0,2833.1300333333334
182623,635000.0,616760.7433333333
182624,585000.0,580315.0
182625,1450000.0,1280615.2588888889
182626,935000.0,603418.7166666667
182627,1900000.0,2064999.1866666668
182628,741250.0,727342.5666666667
182629,730000.0,765219.3666666667
182630,2300.0,2311.7888888888892
182631,594000.0,602911.6866666666
182632,547290.0,543429.3
182633,979000.0,1102671.7511111111
182634,775000.0,762293.6966666667
182635,1610000.0,1777622.97
182636,610000.0,651383.13
182637,685000.0,678149.4566666667
182638,1998000.0,1375461.5
182639,640000.0,652295.0566666666
182640,460000.0,409258.0
182641,550000.0,377948.0
182642,2900.0,2761.6561111111114
182643,449000.0,411605.8888888889
182644,880000.0,852136.5233333333
182645,3800.0,4809.1808
182646,1470000.0,1411467.8
182647,1200000.0,1370698.1266666667
182648,805000.0,895353.6266666667
182649,454000.0,405546.61333333334
182650,870000.0,798179.2933333333
182651,1735000.0,1599613.84
182652,2550000.0,2610616.64
182653,1890000.0,1981112.9111111113
182654,13500000.0,4729390.883333334
182655,1600000.0,1800105.0
182656,4900.0,4546.596666666666
182657,1721000.0,1448713.6666666667
182658,1325000.0,1308791.3266666667
182659,999000.0,863449.1744444445
182660,640000.0,637326.1666666666
182661,1300000.0,1475615.1333333333
182662,925000.0,926547.6666666666
182663,559500.0,578535.5193333334
182664,4250.0,6039.496666666667
182665,285000.0,305180.13
182666,525000.0,555806.4266666666
182667,1335000.0,1395879.4933333334
182668,635000.0,751412.33
182669,1493000.0,2146916.5733333332
182670,946000.0,994216.4433333334
182671,625080.0,602235.8
182672,669000.0,745384.0
182673,2650000.0,2512162.7066666665
182674,470000.0,513130.95666666667
182675,581000.0,649584.04
182676,830000.0,822590.67
182677,540000.0,466872.6666666667
182678,397000.0,376851.6666666667
182679,659000.0,593756.23
182680,275000.0,270840.1666666667
182681,985000.0,926240.16
182682,3500.0,4063.868888888889
182683,696000.0,670471.21
182684,1710000.0,1755908.5766666667
182685,495000.0,388900.88
182686,3700.0,3578.829735449736
182687,1100000.0,1126946.0555555557
182688,2595.0,2684.7933333333335
182689,950000.0,935016.5
182690,2100.0,2108.8905555555557
182691,460000.0,479854.1666666667
182692,1050000.0,1162324.4066666667
182693,910000.0,828137.0
182694,2930000.0,2593832.14
182695,689000.0,737457.06
182696,91000.0,130127.33333333333
182697,410000.0,395541.8566666667
182698,355000.0,367621.28
182699,695622.0,751073.3333333334
182700,2800.0,2591.69
182701,1177000.0,1143344.4666666666
182702,700000.0,936401.6433666669
182703,2075.0,2118.7944444444447
182704,990000.0,998967.9666666667
182705,420000.0,394975.0
182706,390000.0,393882.3333333333
182707,526500.0,616435.0
182708,2550000.0,1916565.3666666667
182709,866000.0,882064.8233333334
182710,1800000.0,1603945.8333333333
182711,1190000.0,1095700.462222222
182712,1895.0,1806.4322222222224
182713,693785.0,681942.1433333333
182714,1550000.0,1434216.0
182715,6500000.0,4417944.12
182716,5000.0,4023.443333333333
182717,2750.0,2939.3555555555554
182718,595000.0,632903.8266666667
182719,642500.0,515182.26666666666
182720,2980000.0,2689505.0
182721,773600.0,779605.0833333334
182722,789000.0,795613.2633333333
182723,3400.0,3048.8733333333334
182724,305000.0,297059.3333333333
182725,973000.0,2320150.6733333333
182726,885000.0,568513.1633333333
182727,715000.0,771246.0
182728,639990.0,653935.8733333333
182729,525000.0,554769.1733333333
182730,880000.0,777880.38
182731,3200000.0,3519342.56
182732,3600.0,3496.545
182733,1420000.0,1194244.3333333333
182734,510000.0,622845.92
182735,312500.0,321399.2633333333
182736,1600.0,4495.305
182737,435000.0,431591.4166666667
182738,944000.0,858101.31
182739,1425000.0,775664.0
182740,965000.0,1186030.4766666666
182741,1950000.0,1893558.6833333333
182742,699000.0,716788.21
182743,2100000.0,2486586.42
182744,750000.0,790887.3833333333
182745,850000.0,902325.6633333333
182746,1500000.0,1545522.2033333334
182747,675000.0,683074.58
182748,765000.0,1310396.86
182749,979999.0,1022167.96
182750,1125000.0,672474.0819999999
182751,900000.0,969039.54
182752,690000.0,926709.41
182753,675000.0,734541.3133333334
182754,1239933.0,1161051.0
182755,539000.0,532138.9666666667
182756,2500.0,3363.068333333333
182757,2502000.0,2061337.5
182758,335000.0,385549.88
182759,1625000.0,1420455.8333333333
182760,820000.0,771172.3333333334
182761,295000.0,359023.9377777778
182762,610000.0,628946.6866666666
182763,630000.0,662658.3433333334
182764,795000.0,876448.0
182765,605000.0,549128.2533333333
182766,857000.0,782695.6633333333
182767,2200.0,5346.204444444445
182768,4750.0,4653.983333333334
182769,4000.0,3515.94
182770,2800.0,2611.690476190476
182771,730000.0,772494.8633333333
182772,2350000.0,2186330.6484999997
182773,901000.0,906047.7
182774,300000.0,266682.0
182775,765000.0,571213.0
182776,1050000.0,988990.0777777779
182777,1600000.0,1427312.2966666666
182778,2200000.0,2073623.7
182779,340000.0,1038058.71
182780,265000.0,358675.75666666665
182781,2200000.0,1520198.7766666666
182782,1785000.0,1683509.5
182783,650000.0,671449.3566666667
182784,350000.0,1218958.9933333334
182785,7000.0,6829.7988888888885
182786,1565340.0,1680458.4266666668
182787,1908000.0,1944818.88
182788,4275.0,4694.843333333333
182789,395000.0,409996.41
182790,900000.0,1072915.4866666666
182791,1300000.0,1203302.7777777778
182792,6295.0,8975.397777777776
182793,1370000.0,1337798.1966666668
182794,5186869.0,3647922.35
182795,1200000.0,1257690.2666666666
182796,7500.0,7545.0
182797,1135000.0,931449.9233333333
182798,1550000.0,1337947.1566666667
182799,1900000.0,1447348.6666666667
182800,930000.0,897906.8833333333
182801,553000.0,534336.7933333333
182802,720000.0,687423.94
182803,780000.0,753295.9933333333
182804,475000.0,504327.8466666667
182805,1299000.0,1257533.7266666666
182806,1184500.0,1016879.8555555557
182807,2300.0,2078.406388888889
182808,948800.0,825754.3333333334
182809,935000.0,1190743.8066666666
182810,895000.0,760691.3222222223
182811,525000.0,528678.71
182812,3400.0,3729.1
182813,725000.0,513370.34373333334
182814,2886000.0,2230338.94
182815,950000.0,943471.83
182816,557777.0,608612.3333333334
182817,1220000.0,1240941.2966666666
182818,1769000.0,1931660.7733333334
182819,1235000.0,1310651.0
182820,3100.0,3058.1911111111112
182821,2250.0,2552.258888888889
182822,2040000.0,1843358.3
182823,699900.0,688355.4966666667
182824,560000.0,559466.33
182825,2358000.0,2192296.7466666666
182826,4892500.0,3743083.006666667
182827,780000.0,810425.0
182828,830000.0,860896.0833333334
182829,2600000.0,1986634.0440000002
182830,4800.0,5149.306666666666
182831,870000.0,872716.9
182832,3050.0,3028.963333333333
182833,415000.0,399976.11333333334
182834,1200000.0,975566.02
182835,650000.0,678502.9788888888
182836,930000.0,1818081.4066666667
182837,3350.0,3346.5666666666666
182838,649000.0,523929.1533333333
182839,2395.0,2994.1377777777775
182840,1849000.0,2111310.6
182841,2240000.0,2065019.8533333333
182842,380000.0,378328.75666666665
182843,278000.0,278581.6666666667
182844,1900.0,2005.725
182845,480000.0,413706.19666666666
182846,900000.0,920811.6666666666
182847,740000.0,669996.6666666666
182848,660000.0,850869.3966666666
182849,637000.0,652497.96
182850,430000.0,525527.4166666666
182851,3000.0,2930.3633333333332
182852,3580000.0,2803036.798888889
182853,1249000.0,1196465.3533333333
182854,549900.0,596112.59
182855,1875000.0,1768703.69
182856,493500.0,510020.53
182857,312500.0,471052.66333333333
182858,735000.0,741851.83
182859,219000.0,245243.49333333335
182860,1340000.0,1134178.9
182861,460000.0,424284.0133333333
182862,800000.0,725352.3966666666
182863,1005000.0,921310.4277777779
182864,2530000.0,3009832.03
182865,430000.0,447780.75333333336
182866,1472000.0,1415401.0666666667
182867,2700.0,2478.3117460317458
182868,824000.0,790697.3333333334
182869,765000.0,803078.4333333333
182870,175000.0,307965.24666666664
182871,292000.0,308073.6666666667
182872,3800.0,9301.930555555557
182873,1988888.0,2100380.1533333333
182874,760000.0,773754.8866666667
182875,1750.0,1936.297222222222
182876,1210619.0,1058849.38
182877,1510000.0,1238708.3333333333
182878,7585000.0,4092366.7733333334
182879,398000.0,273965.6666666667
182880,2421000.0,2476520.5433333335
182881,590000.0,650799.2
182882,2475000.0,2603687.6066666665
182883,2200000.0,2311272.4366666665
182884,590000.0,616864.6666666666
182885,667000.0,653130.05
182886,1210000.0,1006726.5666666667
182887,1000000.0,1012523.1666666666
182888,572000.0,564028.5555555555
182889,3400000.0,2075787.3717333332
182890,5300000.0,3923246.993333333
182891,770000.0,690077.53
182892,7600000.0,4353031.188888889
182893,365000.0,370587.82
182894,795000.0,675892.8766666667
182895,3400.0,3853.864444444445
182896,2000000.0,1863471.62
182897,1298000.0,1247731.1966666668
182898,1075000.0,1400235.5266666666
182899,650000.0,633735.6533333333
182900,1375000.0,1326157.5
182901,975000.0,1043507.6666666666
182902,895000.0,947960.0
182903,1312000.0,1441963.41
182904,254500.0,241313.33333333334
182905,3300.0,4446.213333333333
182906,1575000.0,1658342.8833333333
182907,3400000.0,3388266.75
182908,740000.0,873362.8833333333
182909,1150000.0,1228158.5333333334
182910,1695.0,1926.22
182911,510000.0,710136.4333333333
182912,2100000.0,1866043.8866666667
182913,1799000.0,1618910.85
182914,465000.0,444412.8233333333
182915,1675000.0,2053304.0915666667
182916,980000.0,889435.6666666666
182917,215000.0,252241.36333333334
182918,2700000.0,2579920.92
182919,689900.0,788936.4666666667
182920,614900.0,575677.4933333333
182921,2100.0,2179.4555555555557
182922,945000.0,1005442.5266666666
182923,1875000.0,1718076.8333333333
182924,365000.0,350312.3233333333
182925,1371500.0,1294737.11
182926,1340000.0,928419.0901666665
182927,3300.0,4150.54
182928,1120000.0,1189601.1566666667
182929,3500.0,3805.590833333333
182930,555000.0,550877.3289333334
182931,489990.0,501351.7266666667
182932,1600000.0,1467352.4866666666
182933,907000.0,930395.92
182934,460000.0,499015.9733333333
182935,2175000.0,2207733.591666667
182936,465000.0,459407.8333333333
182937,313000.0,289312.25
182938,2220000.0,2299063.1266666665
182939,840000.0,915363.2833333333
182940,465000.0,483782.8577777777
182941,353000.0,296678.92
182942,762000.0,748139.8133333334
182943,775000.0,768037.7
182944,450000.0,460727.0266666667
182945,2499.0,2893.728888888889
182946,520000.0,543973.6866666666
182947,865000.0,861860.16
182948,300000.0,287104.0
182949,575000.0,526377.5777777778
182950,1370000.0,1355895.4409999999
182951,1140000.0,994512.6666666666
182952,7000.0,7664.8855555555565
182953,1420000.0,1281127.3533333333
182954,899999.0,813417.4733333334
182955,570000.0,479670.0733333333
182956,480000.0,509948.00333333336
182957,750000.0,687899.7333333333
182958,730000.0,744957.3533333334
182959,800000.0,648250.3566666667
182960,725000.0,761929.0166666667
182961,4900.0,4838.072619047619
182962,7650.0,8183.82888888889
182963,1550000.0,1589137.5
182964,875000.0,912481.8333333334
182965,915000.0,1047404.4533333334
182966,520000.0,496536.61333333334
182967,1350000.0,1482067.57
182968,2440000.0,1831946.2866666666
182969,1037500.0,1073164.9393333334
182970,375000.0,291134.24666666664
182971,2150.0,2568.9375
182972,10550000.0,4696607.183333334
182973,1430000.0,2487927.4766666666
182974,3015.0,3448.3333333333335
182975,1400000.0,1598576.4
182976,1175000.0,1090029.8833333333
182977,290000.0,574489.4866666667
182978,670000.0,684464.6499999999
182979,620000.0,436355.41333333333
182980,4600.0,4273.9
182981,1785000.0,1709031.8333333333
182982,3300.0,3161.151111111111
182983,350000.0,754965.1766666666
182984,2900000.0,1539419.9666666666
182985,835000.0,868733.3233333334
182986,475000.0,454556.93333333335
182987,4500.0,3254.2566666666667
182988,510000.0,461530.5833333333
182989,1160000.0,1244040.83
182990,3900.0,4094.3
182991,838000.0,752414.4566666667
182992,850000.0,1054509.34
182993,600000.0,541934.0
182994,3000.0,3095.3533333333335
182995,180000.0,315120.6666666667
182996,1562500.0,1574335.59
182997,1180000.0,1494124.7133333334
182998,977000.0,1150573.9166666667
182999,702000.0,806048.0466666666
183000,420000.0,472316.62
183001,485000.0,445575.4666666667
183002,840000.0,865967.1366666667
183003,925000.0,1814315.0833333333
183004,76000.0,236797.49
183005,3400.0,3265.4
183006,986000.0,914321.64
183007,565000.0,543150.98
183008,755000.0,809124.0
183009,960000.0,1053514.8722222222
183010,925000.0,1116443.142
183011,1050000.0,1593324.0333333334
183012,1460000.0,1296639.86
183013,789999.0,805259.6666666666
183014,800000.0,929009.75
183015,690000.0,682259.0588888888
183016,524900.0,520936.06333333335
183017,850000.0,999430.3433333334
183018,1189000.0,1183306.9666666666
183019,1156000.0,1161876.6566666667
183020,159000.0,449606.9266666667
183021,805500.0,848268.6266666667
183022,605000.0,572585.6133333333
183023,1100000.0,1146012.3
183024,1370000.0,1377557.7366666666
183025,1075000.0,1055211.8633333333
183026,585000.0,562110.61
183027,680000.0,773982.6666666666
183028,605000.0,551601.0433333333
183029,365000.0,533163.6066666667
183030,432500.0,417430.59
183031,1880000.0,1963975.1
183032,15000.0,241013.9
183033,339900.0,316325.66
183034,1520000.0,1492678.1366666667
183035,1225000.0,1193251.43
183036,4500.0,4942.54
183037,1050000.0,1194087.5
183038,975000.0,1090325.0
183039,1980000.0,1817806.0
183040,1325000.0,1250997.6333333333
183041,440000.0,439539.0
183042,3995.0,3884.85
183043,1765000.0,2182640.2873
183044,409000.0,417811.24166666664
183045,875000.0,840625.1233333333
183046,1410000.0,1235084.6666666667
183047,950000.0,999650.2333333333
183048,375000.0,396755.0266666667
183049,775000.0,526474.9533333334
183050,1050000.0,1053152.1466666667
183051,375000.0,401647.07
183052,595000.0,562961.2533333333
183053,1400000.0,1266334.8633333333
183054,1250000.0,1283962.5766666667
183055,719000.0,676335.05
183056,435000.0,527809.6066666667
183057,1200000.0,2012765.2066666668
183058,839000.0,858907.5
183059,333000.0,340393.49333333335
183060,1320000.0,1359296.3966666667
183061,989000.0,975046.9433333334
183062,439900.0,424284.87
183063,420000.0,398420.7966666667
183064,785000.0,761852.4433333334
183065,438000.0,957196.6
183066,1000000.0,1145437.8466666667
183067,18000.0,27459.096666666668
183068,581000.0,546855.45
183069,975000.0,955010.63
183070,1149000.0,1172250.46
183071,445000.0,462686.6666666667
183072,269900.0,267537.9666666667
183073,635000.0,732176.8233333334
183074,445000.0,462798.9841269841
183075,406200.0,524169.2
183076,1100000.0,1592718.8233333332
183077,470000.0,462363.43333333335
183078,470000.0,685777.3666666667
183079,1035000.0,1062146.4166666667
183080,1600000.0,1316478.7433333334
183081,1950000.0,1775713.8333333333
183082,741000.0,641203.7333333333
183083,16200.0,14858.29777777778
183084,718000.0,1096483.23
183085,925000.0,868717.6833333333
183086,660000.0,657483.1633333333
183087,567000.0,602475.6966666667
183088,507000.0,494405.00666666665
183089,700000.0,780534.9666666667
183090,365000.0,370069.66333333333
183091,1123000.0,1102322.3466666667
183092,540000.0,482869.80666666664
183093,1980000.0,1769531.9866666666
183094,780000.0,783250.1633333333
183095,1175000.0,900614.12
183096,2500.0,2011.3916666666667
183097,1600000.0,1697466.21
183098,888000.0,752767.0333333333
183099,650000.0,618293.8166666667
183100,800000.0,967529.1333333333
183101,1795000.0,1538170.33
183102,2300.0,3179.8433333333332
183103,3845000.0,2449566.6666666665
183104,452952.0,453436.69333333336
183105,3400.0,3207.983333333333
183106,589000.0,602801.9633333334
183107,625000.0,611637.8366666667
183108,835000.0,891911.7833333333
183109,3995.0,4247.966666666666
183110,2300.0,3180.2966666666666
183111,3500.0,3674.69
183112,790000.0,828324.4533333334
183113,1625000.0,2073705.3333333333
183114,1730000.0,1760260.8455555555
183115,1575000.0,1466132.4333333333
183116,1350000.0,1208042.5333333334
183117,1090500.0,1039798.8766666667
183118,1900000.0,1603757.0666666667
183119,2200000.0,2375445.4266666668
183120,1350000.0,1469196.7
183121,720000.0,694188.9933333333
183122,1749000.0,1815825.9458333333
183123,520000.0,557087.3533333334
183124,2600.0,2604.9527777777776
183125,420000.0,374003.0233333333
183126,499000.0,671289.5533333333
183127,790000.0,784356.6866666666
183128,625000.0,615477.0866666667
183129,645000.0,552133.5133333333
183130,6800.0,6978.216666666666
183131,970000.0,888562.0166666667
183132,510000.0,678958.0
183133,2450000.0,2913689.05
183134,637500.0,1033617.3333333334
183135,450000.0,626327.69
183136,500000.0,485502.83
183137,420000.0,399249.8
183138,3350.0,3499.42
183139,2000.0,2266.555
183140,535000.0,494028.6000000001
183141,1200000.0,988547.15
183142,820888.0,815112.9166666666
183143,2500.0,2638.9588888888893
183144,2150000.0,2157184.05
183145,749000.0,483388.1
183146,585000.0,539846.0577777778
183147,1140000.0,1249342.86
183148,875000.0,918734.0466666666
183149,2950.0,2999.8723809523813
183150,729000.0,614006.1633333333
183151,1000000.0,1992638.65
183152,925000.0,758847.4366666666
183153,750000.0,770334.1966666667
183154,258000.0,326867.41333333333
183155,715000.0,774499.9766666667
183156,785000.0,1203918.33
183157,685000.0,704980.9466666667
183158,500000.0,509425.3233333333
183159,701000.0,858045.1766666666
183160,1600000.0,1604192.7333333334
183161,710000.0,704745.3333333334
183162,520000.0,599802.1966666667
183163,435000.0,391329.24333333335
183164,160000.0,240891.83333333334
183165,950000.0,1198699.25
183166,500000.0,469281.3
183167,480000.0,471247.50666666665
183168,6000.0,5620.676666666666
183169,515000.0,541204.8133333334
183170,130000.0,231507.83333333334
183171,12500.0,11796.992222222221
183172,361000.0,289189.05333333334
183173,479000.0,525035.0
183174,1349000.0,1297113.5
183175,500000.0,522675.6533333333
183176,855000.0,868077.8333333334
183177,13500.0,19014.983333333334
183178,1559000.0,1883296.7766666666
183179,705000.0,639856.3611111111
183180,3260000.0,3720960.6533333333
183181,900000.0,864676.23
183182,685000.0,797333.1533333333
183183,1200000.0,1593602.0433333332
183184,445000.0,488117.49666666664
183185,609000.0,579214.7933333333
183186,602000.0,577936.9866666667
183187,775000.0,760209.8833333333
183188,1490000.0,1861838.0533333332
183189,1125000.0,1215994.4766666666
183190,1050000.0,933752.3333333334
183191,555000.0,708671.11
183192,1000000.0,1165496.0
183193,621000.0,579525.6666666666
183194,2700.0,2696.7366666666667
183195,490000.0,541188.5233333333
183196,570000.0,513891.08666666667
183197,3800.0,3938.87
183198,335000.0,400042.83
183199,760000.0,709838.3333333334
183200,545000.0,559135.93
183201,415000.0,376284.76666666666
183202,1000000.0,1380367.8833333333
183203,622000.0,621653.3933333333
183204,495000.0,496003.66
183205,238500.0,474913.1666666667
183206,968888.0,1176279.8933333333
183207,1262500.0,1185054.237
183208,3000.0,2836.4622222222224
183209,890000.0,855398.5633333334
183210,459000.0,394751.4533333333
183211,1050000.0,1029387.7666666667
183212,655000.0,593789.3333333334
183213,935000.0,951590.5633333334
183214,5950.0,5529.433333333333
183215,1120000.0,1478591.9566666668
183216,2702000.0,2583147.16
183217,1280000.0,849855.92
183218,600000.0,624060.1666666666
183219,1180000.0,1090124.5633333332
183220,650000.0,598717.9866666667
183221,1060200.0,930782.2066666667
183222,1100000.0,1174103.3133333332
183223,500000.0,567677.1133333333
183224,1420000.0,1442347.9533333334
183225,910000.0,846085.4166666666
183226,598000.0,669830.8333333334
183227,800000.0,792395.7933333333
183228,850000.0,875158.65
183229,710000.0,671306.9233333333
183230,10950.0,7196.483703703703
183231,481000.0,717891.9544444445
183232,800000.0,756342.7133333334
183233,7212500.0,4599662.543333333
183234,900000.0,809680.27
183235,690000.0,659528.0877777778
183236,453000.0,442372.62666666665
183237,1370000.0,1521599.42
183238,520000.0,520178.0
183239,310000.0,327588.0
183240,800000.0,833911.4833333333
183241,810000.0,888949.9966666667
183242,372000.0,376217.37
183243,365000.0,368217.0
183244,773600.0,730674.6166666667
183245,2357000.0,3067326.7866666666
183246,1223000.0,1300006.6666666667
183247,1165000.0,1066532.75
183248,465000.0,467489.69333333336
183249,437000.0,438178.0933333333
183250,1000000.0,1322814.3633333333
183251,670000.0,734780.2233333334
183252,1485000.0,1328463.2511111111
183253,785000.0,780137.3333333334
183254,471000.0,466274.6666666667
183255,660000.0,613156.8333333334
183256,575000.0,503536.81333333335
183257,529900.0,602806.8266666667
183258,914000.0,939126.08
183259,1025000.0,1027855.3133333334
183260,2000000.0,2005548.9966666666
183261,915000.0,2858258.1366666667
183262,740000.0,759062.92
183263,825000.0,940190.2133333334
183264,370000.0,333143.38333333336
183265,1070000.0,1213859.2166666666
183266,1090000.0,1156295.9066666667
183267,470000.0,414664.21
183268,2375000.0,2517471.026666667
183269,599000.0,492156.25
183270,297500.0,273980.05555555556
183271,810000.0,934831.03
183272,750000.0,663585.5466666666
183273,760000.0,648023.3333333334
183274,628000.0,631624.5566666666
183275,1675000.0,1760087.9833333334
183276,930000.0,923197.3766666667
183277,2500.0,5063.306666666666
183278,764000.0,742599.8333333334
183279,850000.0,1069331.2066666668
183280,1812500.0,1608361.8266666667
183281,825000.0,865055.1066666667
183282,1725000.0,1830404.8333333333
183283,850000.0,767733.3333333334
183284,845000.0,869246.5433333333
183285,488000.0,504662.6566666667
183286,355000.0,359188.58
183287,765000.0,713318.3677777778
183288,875000.0,1030277.75
183289,1100000.0,1540628.4766666666
183290,6200.0,6418.013333333333
183291,980000.0,910490.9866666667
183292,455000.0,446259.98333333334
183293,779000.0,756732.2766666666
183294,875000.0,886234.97
183295,1775000.0,1775855.58
183296,1412500.0,1471944.1977777777
183297,1690000.0,1432710.3333333333
183298,1350000.0,1251044.6666666667
183299,1100000.0,1166459.15
183300,1675000.0,1996915.5766666667
183301,2840000.0,2169466.716666667
183302,389000.0,383504.16333333333
183303,2250.0,2141.818888888889
183304,1345.0,1865.0277777777776
183305,467000.0,551627.34
183306,940000.0,1167260.9166666667
183307,852000.0,892722.53
183308,204250.0,234646.05333333334
183309,720000.0,710193.65
183310,315000.0,285597.0
183311,536825.0,530630.6366666667
183312,1049000.0,1416380.17
183313,767000.0,755464.75
183314,790000.0,770395.62
183315,1500000.0,1273933.4
183316,550000.0,526878.9433333334
183317,1015000.0,880389.6
183318,2075000.0,1661756.9633333334
183319,3250.0,3554.7397222222216
183320,460000.0,312085.3333333333
183321,620000.0,594167.14
183322,1144575.0,1302165.92
183323,1220000.0,1273277.6633333333
183324,1040000.0,971089.6666666666
183325,930000.0,872616.2233333334
183326,1580300.0,1148592.1066666667
183327,651500.0,574549.1566666666
183328,780000.0,719084.4133333333
183329,405000.0,403596.25666666665
183330,430000.0,452098.4
183331,3500.0,3306.6177777777775
183332,750000.0,728315.95
183333,535000.0,561172.1266666667
183334,636790.0,651144.7066666667
183335,1980000.0,1700272.81
183336,1465000.0,1335360.81
183337,3895.0,4830.687777777777
183338,605000.0,568222.2066666667
183339,1700000.0,1609080.0
183340,620000.0,563036.9066666666
183341,1525000.0,1518337.8433333333
183342,3195.0,3197.94
183343,825000.0,846516.3
183344,715000.0,660536.15
183345,439000.0,375647.3333333333
183346,465000.0,435739.11
183347,1875000.0,2375588.95
183348,710000.0,719322.7766666666
183349,549000.0,549841.1666666666
183350,355000.0,351788.0
183351,554000.0,549521.1666666666
183352,805000.0,905107.96
183353,424000.0,419757.3233333333
183354,1100000.0,1397933.3266666667
183355,490000.0,318755.0
183356,660000.0,659714.1833333333
183357,2412500.0,1703876.4433333334
183358,589285.0,587324.2233333334
183359,782400.0,754608.33
183360,2600000.0,1664809.8333333333
183361,397000.0,432570.9633333333
183362,2468000.0,1725483.9766666666
183363,1372000.0,1299088.274
183364,615000.0,680808.5133333333
183365,960000.0,940203.3333333334
183366,673000.0,679346.5933333334
183367,435000.0,469415.3944444444
183368,950000.0,832580.3733333333
183369,579000.0,608142.6666666666
183370,760000.0,851638.7066666667
183371,2600.0,2519.55
183372,1330000.0,1068618.05
183373,485000.0,524576.9466666667
183374,775000.0,804251.6366666667
183375,1099000.0,1062306.0
183376,906230.0,864835.5833333334
183377,1375000.0,1542223.4333333333
183378,700000.0,845488.87
183379,6500.0,8117.916666666667
183380,919000.0,1010777.1833333333
183381,849000.0,1010591.2433333333
183382,1260000.0,820888.4633333334
183383,3500.0,3562.2433333333333
183384,17000.0,18858.816666666666
183385,1930000.0,2066815.47
183386,1100000.0,1038008.7
183387,545000.0,536446.24
183388,710000.0,697645.7966666666
183389,1299000.0,1269397.3233333332
183390,410000.0,388933.16
183391,3500.0,3392.5533333333333
183392,1810000.0,2603278.6666666665
183393,4200000.0,2899261.67
183394,785000.0,663855.9955555556
183395,2050000.0,2131144.72
183396,1770000.0,2240722.6633333336
183397,663400.0,696363.8333333334
183398,570000.0,570616.9966666667
183399,608000.0,697644.5866666667
183400,879000.0,839064.9322333332
183401,445000.0,450032.48
183402,1750000.0,3884937.783333333
183403,500000.0,508664.56
183404,925000.0,801763.4133333333
183405,780000.0,765080.92
183406,1949900.0,1403553.3333333333
183407,3200000.0,3252894.12
183408,1089000.0,1010677.21
183409,660000.0,616926.0
183410,2599.0,3229.646111111111
183411,855000.0,868390.6666666666
183412,925000.0,851093.9166666666
183413,710000.0,702894.111111111
183414,1380000.0,1450084.8
183415,535000.0,547292.5066666667
183416,500000.0,469732.03
183417,535000.0,418681.25
183418,455000.0,451419.23333333334
183419,3608000.0,3274298.07
183420,1950000.0,1730951.2666666666
183421,443000.0,427845.7966666667
183422,685000.0,670530.4166666666
183423,705000.0,679815.1866666666
183424,400000.0,371466.26666666666
183425,785000.0,791803.9133333333
183426,1650.0,1933.9966666666667
183427,735000.0,730449.9066666666
183428,1329600.0,1665431.5966666667
183429,474000.0,440240.0
183430,890000.0,992764.68
183431,934044.0,883133.7266666667
183432,6495.0,7761.25
183433,4000.0,3862.6433333333334
183434,1050000.0,989486.4633333334
183435,305000.0,485996.66
183436,730000.0,960708.2733333333
183437,575000.0,637358.3733333333
183438,390000.0,424894.12666666665
183439,2690000.0,2872560.88
183440,810000.0,747518.2933333333
183441,888000.0,979154.08
183442,1210000.0,1041193.6922222223
183443,2600000.0,3206408.35
183444,650000.0,690860.0
183445,1225000.0,1011044.0748
183446,875000.0,932501.3666666667
183447,568000.0,599322.7833333333
183448,625000.0,720646.26
183449,510000.0,560572.78
183450,2395.0,3041.8577777777773
183451,750000.0,699624.4266666666
183452,355000.0,468616.93
183453,542136.0,531144.0233333333
183454,698000.0,673209.2366666667
183455,3450000.0,3351191.9166666665
183456,805000.0,1082605.2933333332
183457,1650.0,2931.26
183458,4000.0,8840.271587301588
183459,730000.0,692260.0
183460,2200.0,2133.6222222222223
183461,633605.0,584283.2266666667
183462,350000.0,369208.9866666667
183463,2500.0,2980.719444444444
183464,1652500.0,1447343.4
183465,905000.0,784596.6466666666
183466,1365000.0,1423321.148888889
183467,560799.0,563085.85
183468,1327900.0,1478818.0533333332
183469,401000.0,372142.5
183470,550000.0,826685.0466666666
183471,1150000.0,1360209.8266666667
183472,632000.0,765116.5133333333
183473,825000.0,760148.5233333333
183474,2149000.0,1853373.1758333333
183475,685000.0,862849.0166666667
183476,1860000.0,2263934.05
183477,695000.0,813793.9733333334
183478,2600000.0,2623432.77
183479,5950.0,6445.77
183480,1100384.0,1660568.7366666666
183481,1335000.0,1505408.3
183482,790000.0,847753.2166666667
183483,625000.0,611846.4066666666
183484,789000.0,818280.38
183485,1624000.0,2263546.7666666666
183486,310000.0,324201.60555555555
183487,810000.0,1060839.3333333333
183488,1680000.0,2706290.6566666667
183489,799000.0,798926.0
183490,1300000.0,1342748.3333333333
183491,1360000.0,1631174.52
183492,1590000.0,2275230.4366666665
183493,429000.0,468189.30333333334
183494,1600000.0,1461053.2333333334
183495,735000.0,761404.0
183496,591400.0,745778.4133333333
183497,950000.0,957773.35
183498,510000.0,530847.18
183499,662000.0,780326.9433333334
183500,680000.0,617101.4866666667
183501,299000.0,273474.4
183502,720000.0,668312.69
183503,805000.0,717970.1566666666
183504,564000.0,701967.59
183505,720000.0,719680.4466666667
183506,3000.0,3285.616666666667
183507,780000.0,829434.9666666667
183508,965000.0,1111901.6666666667
183509,687000.0,709266.0
183510,5100.0,4701.655555555555
183511,615000.0,547265.01
183512,1390000.0,700412.6133333333
183513,1395000.0,1447729.99
183514,3500000.0,2937645.513333333
183515,580000.0,610406.0
183516,3000.0,5344.354166666667
183517,180000.0,180041.16333333333
183518,1725000.0,1514728.01
183519,625000.0,657785.5433333333
183520,550000.0,603584.9233333333
183521,315000.0,336167.89
183522,622500.0,688793.3266666667
183523,1540000.0,1603162.47
183524,7102500.0,4613787.27
183525,932750.0,979861.0033333333
183526,480000.0,484692.9766666667
183527,85000.0,128007.66666666667
183528,1505000.0,1525458.6766666668
183529,338000.0,360648.6666666667
183530,818000.0,871510.49
183531,875000.0,950071.08
183532,2550.0,2686.054166666667
183533,2395.0,2587.848611111111
183534,755000.0,745348.8533333334
183535,950000.0,904215.15
183536,990000.0,894540.7
183537,1122000.0,1107784.5433333332
183538,1425000.0,1474730.3866666667
183539,540000.0,525067.9966666667
183540,785000.0,809383.0
183541,649000.0,634204.7333333333
183542,370000.0,364871.36333333334
183543,940000.0,908173.96
183544,1387500.0,1282515.7114333333
183545,5250.0,5582.383333333333
183546,820000.0,1083530.0466666666
183547,2185000.0,2126238.743333333
183548,1400000.0,1168428.2433333334
183549,499900.0,486536.63
183550,897000.0,871126.5666666667
183551,969000.0,719752.6766666666
183552,658000.0,649477.4033333333
183553,435000.0,434290.42333333334
183554,1475000.0,1441049.61
183555,989000.0,1016486.6666666666
183556,1670000.0,1431112.2133333334
183557,565000.0,576265.5333333333
183558,215000.0,223471.5
183559,4900.0,4948.113333333334
183560,2625000.0,2275893.631233333
183561,600000.0,569166.59
183562,759000.0,715701.3333333334
183563,1025000.0,946773.6333333333
183564,1760000.0,1686844.3266666667
183565,480000.0,471247.3333333333
183566,920000.0,890359.05
183567,920000.0,764472.34
183568,799000.0,837597.0333333333
183569,1330000.0,1257867.0555555557
183570,1325000.0,1365504.7833333334
183571,2200000.0,2756542.071833333
183572,647000.0,691096.6483333333
183573,752000.0,850946.3433333334
183574,815000.0,886673.8533333334
183575,1125000.0,1047425.1533333336
183576,5400.0,5824.116666666667
183577,144900.0,267481.89
183578,625000.0,697615.5
183579,470000.0,487830.02
183580,2800.0,2774.8133333333335
183581,410000.0,402792.91
183582,470000.0,481893.6766666667
183583,1796888.0,1571984.6166666667
183584,875000.0,873237.6666666666
183585,1538000.0,1414861.92
183586,980000.0,1104437.0233333334
183587,874500.0,993695.4366666666
183588,480000.0,487803.3
183589,845911.0,1036078.2833333333
183590,830000.0,769992.0
183591,1050000.0,1040930.6133333333
183592,318000.0,244646.91333333333
183593,670000.0,653815.0133333333
183594,400000.0,475219.4166666667
183595,147000.0,184825.16333333333
183596,750000.0,749257.3766666667
183597,875000.0,920760.3133333334
183598,998000.0,768244.3333333334
183599,1208000.0,1305824.6666666667
183600,1440000.0,1497149.4455555554
183601,585000.0,635259.14
183602,470000.0,380015.93333333335
183603,935000.0,916878.8492063492
183604,1895.0,1973.6216666666667
183605,500000.0,511759.26666666666
183606,3400.0,3368.64
183607,312000.0,375583.38333333336
183608,1550000.0,1814031.5166666666
183609,1150000.0,959987.95
183610,559950.0,590498.9566666667
183611,3095000.0,2380499.0391666666
183612,925000.0,849950.0766666667
183613,1580000.0,1632069.0233333334
183614,435000.0,430314.0
183615,1360000.0,1282007.41
183616,7895.0,7104.11
183617,2360.0,3109.087777777778
183618,1101500.0,1141612.51
183619,1750000.0,1471217.4966666666
183620,1145000.0,1164268.4633333334
183621,800000.0,906744.4233333333
183622,720000.0,1145544.28
183623,1185000.0,1219870.6666666667
183624,445000.0,624501.4033333333
183625,960000.0,846858.0014999999
183626,2645.0,2692.65
183627,1170000.0,1205283.8766666667
183628,4800.0,5570.013333333333
183629,925000.0,852111.2533333333
183630,1138000.0,1097851.25
183631,740000.0,829096.2833333333
183632,3300.0,3306.007777777778
183633,230000.0,245849.69666666666
183634,960000.0,969716.4566666667
183635,433000.0,482972.43333333335
183636,5500.0,4738.1033333333335
183637,890000.0,976491.8744444445
183638,1150000.0,1137731.6033333333
183639,5300.0,5390.066666666667
183640,2800000.0,2503207.7333333334
183641,463300.0,561176.3333333334
183642,1470000.0,1509905.31
183643,6000.0,5520.795555555555
183644,600000.0,625590.4966666667
183645,3700.0,3524.5477777777783
183646,1155000.0,1170268.9166666667
183647,1150000.0,1154020.3133333332
183648,3500000.0,3188341.26
183649,2000000.0,1779626.2666666666
183650,175000.0,284646.7222222222
183651,4600.0,3571.394444444445
183652,919000.0,1441994.2966666666
183653,320000.0,470987.49333333335
183654,3999.0,3629.145
183655,780000.0,720238.0
183656,850000.0,985273.6766666666
183657,328500.0,745300.3833333333
183658,2500.0,2029.7466666666667
183659,1027500.0,921666.2166666667
183660,899000.0,1608585.4166666667
183661,975000.0,796707.5633333334
183662,1333000.0,1382115.33
183663,600000.0,569149.3855555556
183664,875000.0,870189.1711111112
183665,1850000.0,1738575.8333333333
183666,321000.0,379773.67
183667,3450.0,2857.7394444444444
183668,1375000.0,1635602.76
183669,540000.0,549742.3333333334
183670,1140000.0,1311436.77
183671,26000.0,3639.193333333333
183672,620000.0,996284.8533333334
183673,1288000.0,1233803.8333333333
183674,950000.0,1150700.5866666667
183675,475000.0,386219.5
183676,1139850.0,994974.14
183677,755000.0,726331.0566666666
183678,280000.0,262227.0966666667
183679,760000.0,921473.4433333334
183680,1077500.0,891932.0366666666
183681,450000.0,836116.96
183682,5800.0,5995.123333333333
183683,1005000.0,976192.6633333333
183684,635000.0,646165.83
183685,915000.0,944719.2966666666
183686,235000.0,211058.33333333334
183687,3650000.0,4381293.78
183688,915000.0,974318.8966666666
183689,1050000.0,1064957.4433333334
183690,495000.0,506019.96
183691,1269000.0,1039902.9533333334
183692,2300000.0,2131865.55
183693,998000.0,1173883.34
183694,4550000.0,3931129.986666667
183695,4800.0,5101.2
183696,595000.0,872090.4033333333
183697,1150000.0,1202749.5177777777
183698,1595000.0,1808993.9666666666
183699,760000.0,765403.25
183700,1590000.0,1471065.1633333333
183701,640000.0,679406.5555555555
183702,1705000.0,1707558.3333333333
183703,5200.0,4651.7444444444445
183704,710000.0,636711.3933333333
183705,237500.0,245380.54
183706,2500000.0,1758114.5166666666
183707,715000.0,697571.3
183708,580000.0,652155.5166666667
183709,1261000.0,1319683.4133333333
183710,1100000.0,964900.6266666667
183711,594500.0,587129.5333333333
183712,890000.0,860774.66
183713,3560850.0,3412892.5733333332
183714,663000.0,598824.2066666667
183715,380000.0,619163.5933333334
183716,1570000.0,1514627.5
183717,670000.0,570651.1833333333
183718,640000.0,590858.5033333333
183719,1774999.0,1830517.332166667
183720,390000.0,338216.5133333333
183721,445000.0,432291.43
183722,528394.0,536587.7433333333
183723,510000.0,671013.8633333333
183724,524163.0,527464.5933333334
183725,2200000.0,1780058.8466666667
183726,450000.0,562536.5666666667
183727,713295.0,706627.0566666666
183728,1100000.0,1150623.9
183729,1550000.0,1574109.51
183730,1100000.0,1464041.0633333332
183731,10300.0,37460.64944444444
183732,3600.0,3844.7166666666667
183733,3800.0,3494.95
183734,9500.0,7492.384444444443
183735,765000.0,718172.1666666666
183736,915000.0,795968.6233333333
183737,265000.0,255454.33333333334
183738,270000.0,487544.5
183739,588150.0,702419.0166666667
183740,450000.0,439425.5933333333
183741,2350000.0,3071076.8833333333
183742,750000.0,733395.42
183743,3995.0,3616.692333333334
183744,938000.0,907812.79
183745,22000.0,11952.633333333333
183746,825000.0,1002129.67
183747,424000.0,465897.6666666667
183748,870990.0,831855.4933333333
183749,560000.0,576890.29
183750,550000.0,561293.1066666667
183751,4995.0,5225.733333333334
183752,575000.0,627834.6666666666
183753,1410000.0,1304118.3333333333
183754,3395.0,3607.97
183755,1990000.0,2987843.2733333334
183756,3300000.0,3127208.3233333332
183757,733000.0,554010.6133333333
183758,932000.0,1025882.6666666666
183759,1600000.0,1367023.2133333334
183760,729490.0,743661.5866666667
183761,4400.0,4550.4366666666665
183762,240000.0,336772.33
183763,665000.0,786913.62
183764,580000.0,682864.19
183765,315000.0,433036.49494444445
183766,785000.0,786835.4466666667
183767,875000.0,851683.8466666667
183768,1545.0,1648.9533333333334
183769,341900.0,257624.33333333334
183770,315000.0,273534.0833333333
183771,440000.0,470574.9866666667
183772,20000.0,18324.411111111112
183773,799000.0,1206617.7866666666
183774,522000.0,552705.8466666667
183775,1600000.0,1635744.7133333334
183776,2600.0,2784.438888888889
183777,1740000.0,1637699.43
183778,1485000.0,1438805.4444444443
183779,435000.0,446963.1666666667
183780,950000.0,900009.1655555556
183781,649000.0,811589.8466666667
183782,810000.0,703992.9033333333
183783,595000.0,598428.4666666667
183784,885000.0,652748.31
183785,1345000.0,1221814.8190000001
183786,1580000.0,1738168.3333333333
183787,650000.0,611604.0804
183788,610000.0,617227.3333333334
183789,3250.0,3235.918518518519
183790,3400.0,3460.0133333333333
183791,1995.0,2333.4666666666667
183792,565000.0,538725.4666666667
183793,295000.0,267994.33
183794,560000.0,609038.2633333333
183795,998000.0,884474.4533333334
183796,500000.0,574466.3333333334
183797,2199.0,2315.4047777777787
183798,360000.0,373435.01666666666
183799,550000.0,585308.3166666667
183800,540000.0,486656.5
183801,1447500.0,1514470.1733333333
183802,520000.0,517143.26666666666
183803,390000.0,410453.66
183804,289900.0,345380.2072222222
183805,452000.0,464026.07666666666
183806,789000.0,722119.4333333333
183807,1285000.0,1205151.1633333333
183808,1680000.0,1566047.7733333334
183809,1440000.0,1504154.8
183810,1505000.0,1880571.3533333333
183811,4200.0,4258.75
183812,315000.0,322391.68733333336
183813,710000.0,653309.6616666666
183814,1850000.0,1971374.0966666667
183815,1688000.0,2136420.9366666665
183816,750000.0,835556.32
183817,905000.0,874491.3966666666
183818,440000.0,525446.8833333333
183819,1025000.0,983503.7933333333
183820,1679000.0,1504970.4033333333
183821,2025000.0,2140752.0866666664
183822,875000.0,723207.6133333333
183823,365000.0,346539.80333333334
183824,1600000.0,1617463.27
183825,2350.0,2065.7205555555556
183826,560000.0,525259.81
183827,810000.0,792392.9966666667
183828,2126000.0,1878455.8466666667
183829,950000.0,1145638.7466666666
183830,2450.0,2326.5666666666666
183831,3950000.0,3658439.4966666666
183832,3500.0,3580.38
183833,1220000.0,1077280.0966666667
183834,870000.0,839799.03
183835,1305000.0,1018166.9566666667
183836,5465.0,5494.453333333333
183837,555000.0,515308.33
183838,800000.0,803332.7333333333
183839,635000.0,783521.64
183840,6000000.0,4729170.5
183841,1290000.0,1290600.0
183842,839000.0,1034374.0266666666
183843,1625000.0,1764921.15
183844,520000.0,448339.3333333333
183845,880000.0,891223.9966666667
183846,500000.0,497744.26666666666
183847,580000.0,563346.6933333334
183848,985000.0,942027.0833333334
183849,290000.0,258415.4
183850,415000.0,376851.8333333333
183851,1450000.0,1528396.9
183852,926000.0,1098727.94
183853,625000.0,702640.73
183854,410000.0,399067.4666666667
183855,509696.0,517365.05666666664
183856,1000000.0,884473.54
183857,260000.0,326548.8233333333
183858,1400000.0,1306059.2533333334
183859,650000.0,779857.16
183860,497176.0,488464.69333333336
183861,713000.0,672712.0
183862,515000.0,529880.16
183863,454000.0,373798.15
183864,326000.0,473242.08
183865,5000.0,5385.3
183866,3600.0,5710.733333333334
183867,750000.0,782338.4333333333
183868,963000.0,1000790.5266666666
183869,490000.0,512564.8466666667
183870,14800.0,13682.491111111112
183871,745000.0,628990.0
183872,3100.0,2894.1
183873,1020000.0,1050609.4666666666
183874,429000.0,570089.5766666667
183875,855000.0,884188.0333333333
183876,2700.0,3455.6683333333335
183877,545200.0,536748.8333333334
183878,6200.0,8889.555555555555
183879,945000.0,910525.3333333334
183880,285000.0,392902.61
183881,1000000.0,972386.84
183882,454500.0,432981.4666666667
183883,325000.0,392902.61
183884,2500.0,3214.3233333333333
183885,2500.0,2341.983333333333
183886,420000.0,402106.13333333336
183887,700000.0,684362.4866666667
183888,453390.0,504069.01666666666
183889,5000.0,5314.905555555556
183890,1850.0,2134.889523809524
183891,515000.0,526263.8166666667
183892,5375000.0,3948540.0
183893,799999.0,735270.66
183894,2350.0,2636.03
183895,1400.0,5620.553333333333
183896,615000.0,628566.3333333334
183897,2800000.0,2160548.04
183898,580000.0,720803.2366666667
183899,1398000.0,1454895.6266666667
183900,6300.0,6505.85
183901,658000.0,598999.7533333333
183902,1760000.0,1716141.6466666667
183903,842000.0,882549.6266666667
183904,10000.0,8685.180555555555
183905,898000.0,968410.5
183906,575000.0,574317.5
183907,6650.0,7084.41
183908,585000.0,524844.2866666666
183909,3950.0,4135.263333333333
183910,2137500.0,2188533.506666667
183911,2000000.0,2024454.8433333333
183912,4999.0,41207.43
183913,685000.0,924802.0
183914,2500.0,2736.26
183915,2080.0,2279.2242063492063
183916,480000.0,272497.33666666667
183917,314900.0,300072.0
183918,2345000.0,2342213.066666667
183919,505000.0,466832.0
183920,754000.0,824278.2933333333
183921,410000.0,386719.3333333333
183922,842000.0,913407.6633333333
183923,399000.0,431803.67
183924,920000.0,1012052.1133333333
183925,770000.0,539571.231111111
183926,975000.0,1003334.6866666666
183927,405000.0,408924.4633333333
183928,1240000.0,1731046.3533333333
183929,780000.0,744583.2233333334
183930,1525000.0,1230123.4533333334
183931,540000.0,535708.7477777777
183932,6500.0,5594.136666666666
183933,532000.0,556691.79
183934,280000.0,329435.3155555556
183935,270000.0,325931.3333333333
183936,977500.0,1116220.9666666666
183937,2995.0,2948.866666666667
183938,20000.0,21041.954433333332
183939,456000.0,430406.55666666664
183940,1000000.0,1155965.92
183941,1100000.0,993726.1233333333
183942,898000.0,878694.4366666666
183943,802000.0,693206.5933333334
183944,665000.0,768933.0833333334
183945,1640000.0,1784584.0366666666
183946,2450.0,2811.7877777777776
183947,177000.0,281659.8466666667
183948,570000.0,735589.1933333334
183949,2075000.0,2094745.0266666666
183950,445000.0,484765.8333333333
183951,1235000.0,1007205.33
183952,1310000.0,1230343.3433333333
183953,489000.0,468266.17
183954,3200.0,3182.9133333333334
183955,2700.0,2987.2611111111114
183956,1750000.0,2460246.05
183957,265000.0,387202.66333333333
183958,4100000.0,3748467.946666667
183959,452000.0,461568.32666666666
183960,920000.0,1021620.71
183961,1044850.0,1131375.7153333332
183962,620000.0,617421.6666666666
183963,1700.0,2081.13
183964,1435000.0,922545.5766666667
183965,520000.0,496289.54111111106
183966,2000.0,2096.9749999999995
183967,585000.0,478139.631111111
183968,390000.0,404684.6666666667
183969,395000.0,421612.99666666664
183970,1450.0,1650.321746031746
183971,695000.0,720912.1417460317
183972,839000.0,928940.64
183973,800000.0,811549.8666666667
183974,700000.0,776836.9333333333
183975,6500.0,5655.083333333333
183976,3100000.0,2184565.477866667
183977,1600000.0,1748464.3866666667
183978,2875000.0,1986500.32
183979,775000.0,774762.9589000001
183980,6950.0,6841.427766666667
183981,397000.0,426312.0
183982,745000.0,823348.9
183983,597000.0,592918.9033333333
183984,770000.0,858993.0466666666
183985,705000.0,682478.3633333333
183986,640000.0,660596.8266666667
183987,1485000.0,1642339.9566666668
183988,4350.0,5362.774444444444
183989,3195.0,3077.403333333333
183990,760000.0,653936.6133333333
183991,640000.0,488412.19666666666
183992,445000.0,516711.1666666667
183993,7500.0,7134.116666666667
183994,1310000.0,1237573.2897333326
183995,1950000.0,1894380.69
183996,2405000.0,2850205.3333333335
183997,465000.0,593906.8333333334
183998,698000.0,647082.16
183999,890000.0,875443.0
184000,400000.0,401760.13333333336
184001,840600.0,835447.2833333333
184002,434400.0,426219.85333333333
184003,1250.0,1904.1158333333333
184004,1475000.0,1071767.6566666667
184005,1260000.0,986110.6666666666
184006,750000.0,644581.1844444445
184007,499900.0,471681.9033333333
184008,840000.0,784765.3133333334
184009,2150000.0,1834821.2666666666
184010,550000.0,509514.3416666667
184011,455000.0,553163.75
184012,469000.0,510590.1666666667
184013,250500.0,312337.49
184014,920000.0,929195.8866666667
184015,624000.0,573440.7833333333
184016,445000.0,415569.79333333333
184017,1299000.0,1221002.6411111113
184018,545000.0,509299.83
184019,862500.0,939758.4
184020,1200000.0,1260382.3033333332
184021,478000.0,538029.7933333333
184022,12000.0,9864.61
184023,755000.0,835921.6666666666
184024,8100.0,7544.635833333334
184025,216000.0,262536.1666666667
184026,1370000.0,1073013.27
184027,785000.0,771836.3333333334
184028,830000.0,773897.6033333334
184029,780000.0,644625.0
184030,508400.0,526418.8466666667
184031,380000.0,370827.3333333333
184032,1800.0,1973.0938888888888
184033,545000.0,524688.0766666667
184034,594000.0,628150.22
184035,390000.0,396075.1
184036,395000.0,408302.3333333333
184037,259900.0,364589.99666666664
184038,630000.0,693642.0866666667
184039,919000.0,846551.4766666667
184040,660000.0,598129.03
184041,815000.0,915693.6433333333
184042,1200000.0,1061808.41
184043,320000.0,340238.76666666666
184044,1215000.0,1077012.4
184045,750000.0,755642.5866666667
184046,2560000.0,2426696.2133333334
184047,810000.0,871684.0
184048,614000.0,607373.5333333333
184049,499900.0,518233.0366666667
184050,520690.0,543048.1
184051,739000.0,704413.4266666666
184052,500000.0,481468.62
184053,3900.0,4095.95
184054,515000.0,504856.58666666667
184055,500000.0,570682.8
184056,3750.0,3968.7933333333335
184057,750000.0,780257.73
184058,285000.0,269159.3333333333
184059,2560000.0,2593889.3066666666
184060,700000.0,643282.2733333333
184061,4600000.0,3028108.566666667
184062,905000.0,901756.2766666666
184063,995000.0,1015657.25
184064,405000.0,432619.1666666667
184065,542000.0,446782.51666666666
184066,315000.0,339795.0
184067,2450.0,2616.831111111111
184068,1235000.0,1267455.8566666667
184069,700000.0,648341.0
184070,1620000.0,1468510.52
184071,1349000.0,1189281.0
184072,3750.0,3534.368888888889
184073,600000.0,740195.2266666667
184074,595000.0,580017.89
184075,775000.0,905291.7
184076,2835000.0,2720264.5933333333
184077,376000.0,381588.31
184078,625000.0,574702.6222222222
184079,495000.0,545375.4966666667
184080,1124990.0,1018463.8066666666
184081,656000.0,856881.86
184082,1100000.0,1129487.2333333334
184083,903000.0,1071707.3966666667
184084,715000.0,872236.9366666666
184085,1850000.0,1980671.9133333333
184086,930000.0,862433.7533333333
184087,800000.0,840861.68
184088,880000.0,897144.5266666666
184089,489900.0,528648.8333333334
184090,528880.0,533592.03
184091,745000.0,765272.2566666667
184092,674000.0,604375.77
184093,575000.0,605144.9533333334
184094,415000.0,299388.4066666667
184095,1365000.0,1288449.6566666667
184096,350000.0,416610.18333333335
184097,2395000.0,2563304.2552666664
184098,1270000.0,1330097.72
184099,6200.0,6304.243333333333
184100,6500.0,7039.433333333333
184101,1055000.0,969941.1977777779
184102,2120000.0,1793738.3333333333
184103,647000.0,692355.4166666666
184104,558772.0,605546.6533333333
184105,635000.0,539823.7466666667
184106,425000.0,458123.7311111111
184107,9000.0,12597.53888888889
184108,3395.0,3640.1
184109,1050000.0,1387255.45
184110,379000.0,396503.0
184111,940000.0,1220698.9233333333
184112,2140000.0,1611615.5366666666
184113,560000.0,539021.6366666667
184114,3995.0,3588.1857142857143
184115,1210000.0,936126.2933333333
184116,475000.0,502261.06666666665
184117,1995.0,2101.658888888889
184118,499900.0,528394.85
184119,400000.0,466270.0
184120,850000.0,682173.4166666666
184121,3100.0,3299.65
184122,677000.0,633267.4933333333
184123,415000.0,385018.0
184124,609900.0,550326.6666666666
184125,848000.0,777432.75
184126,740000.0,626474.4333333333
184127,2855000.0,2766386.6666666665
184128,2850.0,3208.7444444444445
184129,555000.0,488032.4166666667
184130,745000.0,794020.5666666667
184131,3700000.0,2933140.776666667
184132,2110000.0,1682628.4666666666
184133,2500.0,2983.7533333333336
184134,389900.0,367853.3
184135,870000.0,937533.4766666667
184136,825000.0,775427.3
184137,517000.0,633659.81
184138,605000.0,527181.999047619
184139,400000.0,530213.9733333334
184140,495000.0,490532.36666666664
184141,509000.0,556625.0633333334
184142,351000.0,374204.19333333336
184143,3000.0,3143.3253968253966
184144,1000000.0,1126622.2633333334
184145,440000.0,431114.19333333336
184146,785000.0,738782.6666666666
184147,380000.0,395240.93333333335
184148,868000.0,834204.4
184149,1030000.0,1014598.2266666667
184150,10500.0,12556.52777777778
184151,675000.0,657598.2933333333
184152,1250000.0,1168740.58
184153,573000.0,543699.1933333334
184154,1350000.0,1203424.6
184155,890000.0,878900.1333333333
184156,600000.0,544946.68
184157,980000.0,951055.2366666667
184158,532523.0,560007.7266666667
184159,1750.0,1974.4411111111112
184160,1205000.0,988737.25
184161,500000.0,475627.9866666667
184162,315000.0,367339.9633333333
184163,972000.0,1170205.31
184164,975000.0,902284.1333333333
184165,6900000.0,4277586.336666667
184166,990000.0,1045445.2
184167,1050000.0,1172501.0643333334
184168,160000.0,421662.3333333333
184169,1800000.0,1920539.3366666667
184170,815000.0,788235.2933333333
184171,370000.0,565897.5933333334
184172,540000.0,612984.4533333334
184173,860000.0,764915.0
184174,655000.0,692176.5366666666
184175,524000.0,534413.8166666667
184176,4000.0,3743.430555555555
184177,699000.0,619971.7
184178,215000.0,169623.49666666667
184179,1275000.0,1379250.57
184180,224950.0,432413.45666666667
184181,960000.0,951479.6566666666
184182,395000.0,340700.9666666667
184183,1390000.0,1357624.72
184184,380000.0,392060.7633333333
184185,1330000.0,1291725.38
184186,1453000.0,1173548.6066666667
184187,2125000.0,1827529.7633333334
184188,3228000.0,3657164.966666667
184189,1325000.0,1285359.1666666667
184190,670000.0,661668.3666666667
184191,710000.0,681947.98
184192,860000.0,843778.35
184193,65000.0,5921.53
184194,1410888.0,1434193.7933333332
184195,720000.0,669148.04
184196,405000.0,474337.36
184197,1850000.0,2159911.01
184198,400000.0,332295.75
184199,10500.0,12443.070000000002
184200,1215000.0,1299693.4166666667
184201,510000.0,479430.63333333336
184202,857500.0,920473.66
184203,625000.0,749382.0966666667
184204,1660000.0,1500262.75
184205,1410000.0,2167290.7866666666
184206,330000.0,359472.8888888889
184207,2035000.0,1071509.9433333334
184208,3395.0,3122.4366666666665
184209,470000.0,389928.0
184210,950000.0,1023907.96
184211,1875000.0,1309534.9333333333
184212,430000.0,478344.18666666665
184213,708000.0,715186.85
184214,1040000.0,1134845.138888889
184215,4350.0,4270.316666666667
184216,740000.0,763962.5
184217,1830000.0,1533621.0066666666
184218,650000.0,753353.16
184219,1150000.0,1289957.7866666666
184220,1065000.0,1056218.6433333333
184221,5750.0,7056.796666666667
184222,280000.0,249392.17
184223,980000.0,862342.7266666667
184224,835000.0,895864.2933333333
184225,505000.0,540632.5066666667
184226,880000.0,861726.15
184227,650000.0,636394.6433333333
184228,580000.0,618288.6966666667
184229,387000.0,431038.35
184230,739900.0,750726.6083333333
184231,965000.0,1011847.8333333334
184232,975000.0,1032486.77
184233,530000.0,481657.6666666667
184234,890000.0,739430.0333333333
184235,5500000.0,2406231.553333333
184236,790000.0,792928.6666666666
184237,825000.0,901812.75
184238,610000.0,496579.9020666667
184239,1330000.0,1538691.9066666667
184240,1000000.0,1169610.6233333333
184241,1850000.0,1709299.0566666666
184242,839999.0,821235.08
184243,880000.0,1025089.6666666666
184244,915000.0,974885.0
184245,800000.0,991631.0
184246,684999.0,589480.89
184247,957000.0,1020465.5766666667
184248,525000.0,490337.56333333335
184249,1094000.0,1235746.3133333332
184250,2845000.0,3094775.77
184251,815000.0,798958.6666666666
184252,450000.0,470230.0833333333
184253,730000.0,742050.5
184254,210000.0,215887.65333333332
184255,865000.0,893207.4333333333
184256,1497500.0,1313850.111111111
184257,420000.0,435392.97
184258,505625.0,521944.7633333333
184259,3000.0,3204.2433333333333
184260,725000.0,686489.4766666667
184261,1065000.0,1160801.9333333333
184262,480000.0,770577.6633333333
184263,1274888.0,1246403.2066666668
184264,1100000.0,990874.62
184265,950000.0,998289.67
184266,1140000.0,1139319.4733333334
184267,534500.0,630327.8233333334
184268,590000.0,644217.59
184269,1274800.0,1193634.6666666667
184270,335000.0,316620.2
184271,665000.0,741154.19
184272,1050000.0,1081168.335
184273,11150000.0,4629960.626666667
184274,3300.0,2789.4011111111113
184275,2000.0,2095.996888888889
184276,1760000.0,1725019.0833333333
184277,630000.0,607450.86
184278,2365000.0,1923467.5933333333
184279,745000.0,751364.1166666667
184280,700000.0,1054051.3066666666
184281,2000.0,2579.7159523809523
184282,2690000.0,2504240.62
184283,694000.0,669986.1333333333
184284,685000.0,774160.2933333333
184285,6495.0,5473.9925
184286,175000.0,283041.6666666667
184287,683264.0,678935.5370666666
184288,750000.0,791598.9566666667
184289,475000.0,476641.6666666667
184290,1035000.0,1005331.66
184291,1262000.0,1170635.0
184292,640000.0,708975.9633333334
184293,5750.0,7367.663333333333
184294,1650000.0,1683494.7733333334
184295,8800000.0,4487461.993333333
184296,865392.0,1154687.2
184297,885000.0,860571.4833333333
184298,555000.0,558153.71
184299,2820.0,2862.339444444445
184300,816000.0,824163.2433333333
184301,722500.0,582072.5933333334
184302,677223.0,678935.5370666666
184303,1978000.0,1434853.9666666666
184304,615000.0,659302.4333333333
184305,570000.0,793657.2366666667
184306,5000.0,7165.293333333333
184307,660000.0,665300.5633333334
184308,691000.0,957336.25
184309,930000.0,935573.2633333333
184310,1400000.0,1262536.1666666667
184311,660000.0,633319.6633333333
184312,4700.0,4165.618888888888
184313,510000.0,504960.79333333333
184314,650000.0,878944.3633333333
184315,920000.0,910411.48
184316,1254000.0,1334403.4
184317,442500.0,452247.7777777777
184318,885000.0,590117.1
184319,722000.0,683736.6066666667
184320,2990.0,3474.1433333333334
184321,535000.0,552329.1733333333
184322,1630000.0,1740337.8922222222
184323,950000.0,871837.3333333334
184324,418000.0,435605.43333333335
184325,845000.0,847202.0833333334
184326,1161000.0,1240358.1177777778
184327,929000.0,1052140.96
184328,1215000.0,1106924.5
184329,725000.0,770212.8066666666
184330,660000.0,766106.44
184331,715000.0,763976.5
184332,6700.0,7782.713333333333
184333,1846000.0,3398432.1366666667
184334,660000.0,652815.2533333333
184335,805000.0,762017.3333333334
184336,645000.0,699110.53
184337,1600000.0,1336750.6114999999
184338,2950000.0,2568026.1666666665
184339,710000.0,746154.0
184340,3220.0,3014.5444444444443
184341,160000.0,415289.95
184342,750000.0,788379.1666666666
184343,540000.0,557393.8233333334
184344,540000.0,541476.4433333334
184345,424000.0,409619.29
184346,615000.0,622069.2233333334
184347,415000.0,417819.0
184348,375000.0,435156.7166666667
184349,2900.0,2378.686111111111
184350,1577000.0,1619074.3333333333
184351,532000.0,622235.5
184352,725000.0,732908.6533333333
184353,641950.0,640789.5466666666
184354,1300.0,3362.2658333333334
184355,800000.0,833349.3333333334
184356,2800.0,2479.9266666666667
184357,1110000.0,1358774.5766666667
184358,730000.0,695444.5522222222
184359,587000.0,595128.74
184360,749000.0,831129.3166666667
184361,806000.0,748586.5
184362,373000.0,385886.6666666667
184363,929000.0,906436.7611111113
184364,2250000.0,1722665.6633333333
184365,500000.0,553088.58
184366,665000.0,656126.5733333334
184367,325000.0,399936.23
184368,490000.0,502612.4033333333
184369,825000.0,794130.7433333333
184370,578000.0,686948.2633333333
184371,975000.0,1035001.3333333334
184372,1755000.0,2021065.2
184373,544000.0,592783.5266666666
184374,2795.0,3094.9616666666666
184375,590000.0,517581.92333333334
184376,1475000.0,1437062.5973333335
184377,1380000.0,1523761.38
184378,400000.0,562070.76
184379,340000.0,325927.31333333335
184380,30000.0,28224.8
184381,315000.0,314552.6
184382,270000.0,415236.0
184383,1135000.0,1126647.2466666666
184384,860000.0,845746.6333333333
184385,1430000.0,1503957.0866666667
184386,335000.0,309756.82666666666
184387,575000.0,813477.8733333333
184388,1210000.0,1218357.6266666667
184389,500000.0,475526.2133333333
184390,518500.0,453531.59
184391,679490.0,723869.5433333333
184392,780000.0,691987.5
184393,1120000.0,1338809.8333333333
184394,4800.0,4336.983333333334
184395,695000.0,691592.09
184396,1240000.0,1063792.3166666667
184397,5700.0,5494.443333333334
184398,820000.0,894350.5366666666
184399,1230000.0,1162073.293888889
184400,1900.0,2817.239722222222
184401,1799.0,2067.284444444444
184402,6600.0,5828.593333333333
184403,595000.0,664517.4977777778
184404,685000.0,635032.1333333333
184405,565879.0,562071.37
184406,755000.0,1038134.04
184407,12000.0,8196.326666666666
184408,672000.0,692494.99
184409,1510000.0,1530646.54
184410,580000.0,546337.8766666667
184411,290000.0,346194.99333333335
184412,479990.0,460040.04333333333
184413,670000.0,663955.49
184414,2200000.0,2100974.966666667
184415,330000.0,299533.74333333335
184416,2150.0,2502.4477777777774
184417,635000.0,589174.0
184418,425000.0,403944.0233333333
184419,950000.0,1784259.78
184420,539131.0,537897.5193650794
184421,895000.0,956439.25
184422,3500000.0,2758698.73
184423,1640500.0,1713002.1666666667
184424,3477500.0,2837545.2266666666
184425,3000.0,2862.233333333333
184426,900000.0,787992.2466666667
184427,576752.0,568362.47
184428,16500.0,13793.2
184429,603919.0,597826.9566666667
184430,1220000.0,1221480.8633333333
184431,840000.0,743009.6666666666
184432,803000.0,1022076.95
184433,938000.0,970569.8
184434,775000.0,772929.7733333333
184435,460000.0,522363.7633333333
184436,950000.0,926151.6666666666
184437,474900.0,484027.3
184438,930000.0,912525.23
184439,5500.0,5493.517777777777
184440,1065000.0,1089967.12
184441,960000.0,893094.0266666666
184442,913000.0,1071987.4444444445
184443,1425000.0,1491576.8333333333
184444,1680000.0,1800012.4433333334
184445,1960000.0,2059867.85
184446,4200000.0,3572054.6666666665
184447,455000.0,501318.66333333333
184448,690000.0,535063.5866666667
184449,1850000.0,1921679.9633333334
184450,2475000.0,3054432.236666667
184451,3800.0,3388.79
184452,2700.0,2194.6444444444446
184453,2250.0,2956.47
184454,855000.0,851952.4633333334
184455,650000.0,616693.3333333334
184456,582025.0,593840.1666666666
184457,620000.0,577303.5866666667
184458,310000.0,317773.3233333333
184459,512000.0,464281.6
184460,439500.0,490223.3233333333
184461,720000.0,807573.16
184462,725000.0,759957.0833333334
184463,1288000.0,1103892.14
184464,575772.0,569587.1466666666
184465,609762.0,597924.05
184466,799000.0,777648.9733333334
184467,1125000.0,1103557.74
184468,3615.0,4584.316666666667
184469,1270000.0,986267.63
184470,1010000.0,936727.92
184471,580000.0,740970.9366666666
184472,1610000.0,1536630.8166666667
184473,1135000.0,1236839.9566666668
184474,870000.0,869656.6666666666
184475,710000.0,737763.6933333334
184476,625000.0,681471.2466666667
184477,1100000.0,1272438.3133333332
184478,640000.0,722992.5633333334
184479,799900.0,940474.6644444446
184480,613000.0,648978.1566666666
184481,520000.0,518494.06666666665
184482,472000.0,495102.92
184483,505000.0,525951.5133333333
184484,1910000.0,1627842.5833333333
184485,590000.0,335811.2833333333
184486,1200000.0,1289963.88
184487,463555.0,668495.8033333333
184488,975000.0,1088971.58
184489,699000.0,707586.81
184490,810000.0,784925.0
184491,565000.0,582564.0
184492,1600000.0,1326581.5033333334
184493,1650000.0,1579304.2066666668
184494,2288000.0,1982716.2757333333
184495,619000.0,704809.8333333334
184496,345000.0,322337.99
184497,719000.0,706921.0066666667
184498,635000.0,642968.9509523809
184499,4250.0,3836.7847222222226
184500,835000.0,887034.6222222222
184501,570000.0,698764.45
184502,9000.0,5893.854166666667
184503,1390000.0,1111286.3233333332
184504,3600000.0,2435857.63
184505,17000.0,19275.5033
184506,640000.0,697473.7366666667
184507,3750.0,2984.7372222222225
184508,510000.0,452503.06
184509,835000.0,892545.9133333333
184510,485000.0,509683.0
184511,840000.0,818337.75
184512,1700.0,1830.4370370370366
184513,560000.0,630926.6666666666
184514,362000.0,444108.20666666667
184515,620000.0,626612.68
184516,275000.0,331201.6688888889
184517,600000.0,605282.95
184518,1089000.0,1399240.4266666668
184519,5000.0,4441.894444444444
184520,3450.0,3518.04
184521,645000.0,776238.33
184522,777000.0,793285.2466666667
184523,465000.0,437074.1666666667
184524,2900000.0,2703515.0
184525,2100.0,2087.76
184526,385000.0,388392.37333333335
184527,495000.0,639262.0166666667
184528,505000.0,648427.2511111111
184529,950000.0,944615.2466666667
184530,580000.0,593256.5566666666
184531,554000.0,536504.6666666666
184532,805000.0,863468.0
184533,16999.0,18118.743333333332
184534,265000.0,268258.8
184535,975000.0,1059933.57
184536,575000.0,565999.0555555555
184537,720000.0,788637.5622222222
184538,2640000.0,2528726.3333333335
184539,759000.0,731931.936777778
184540,891000.0,922038.9422222221
184541,4000.0,4117.74
184542,310000.0,365562.4866666667
184543,985000.0,981637.6666666666
184544,1499000.0,1966079.8666666667
184545,4800.0,5564.316666666667
184546,215000.0,288346.5014333334
184547,1300000.0,1251551.6166666667
184548,2725000.0,2169770.2133333334
184549,1840000.0,2077167.9733333334
184550,720000.0,933721.6666666666
184551,1840000.0,1514248.88
184552,1065000.0,1015913.8533333334
184553,556860.0,543081.7733333333
184554,210000.0,217857.16666666666
184555,1480000.0,1544154.0
184556,5200.0,4616.806666666666
184557,405000.0,473644.0
184558,720000.0,616935.4066666666
184559,470000.0,501677.0266666667
184560,1050000.0,1049131.11
184561,325000.0,358567.9666666667
184562,888000.0,847269.3133333334
184563,334000.0,414932.3333333333
184564,920000.0,1127566.6666666667
184565,750000.0,840306.0833333334
184566,488000.0,558326.7633333333
184567,570000.0,671811.75
184568,1799000.0,2155046.6033333335
184569,999000.0,868405.9966666667
184570,565000.0,791181.08
184571,515000.0,492244.6533333333
184572,380000.0,380722.0
184573,3550000.0,3751133.466666667
184574,1160000.0,1067887.4122222222
184575,15990.0,16401.54222222222
184576,490000.0,564409.5966666667
184577,425000.0,413225.56666666665
184578,514000.0,483083.93333333335
184579,880000.0,594487.71
184580,8500.0,9426.91
184581,375000.0,413946.2
184582,900000.0,833386.0266666666
184583,365000.0,410713.0
184584,630000.0,649496.5
184585,979000.0,997014.7000000002
184586,1150000.0,981962.34
184587,1261580.0,1340434.48
184588,749785.0,715926.2166666667
184589,1870000.0,2077303.3333333333
184590,745500.0,778612.9666666667
184591,640000.0,607235.09
184592,1695900.0,1528677.805
184593,550000.0,534276.3266666667
184594,4200.0,3896.15
184595,310000.0,353082.2966666667
184596,505000.0,556698.36
184597,487500.0,498510.94
184598,1010000.0,948071.4766666667
184599,660000.0,585947.8933333333
184600,1250000.0,1183895.0
184601,350000.0,322579.77
184602,3000.0,3009.99
184603,1155000.0,958224.9833333333
184604,505000.0,489616.98333333334
184605,1005000.0,844438.7666666667
184606,825000.0,733796.5466666666
184607,1430000.0,1421158.9033333333
184608,725000.0,729278.7266666667
184609,1250000.0,1349278.6666666667
184610,865000.0,883908.2666666667
184611,810000.0,832371.72
184612,1050000.0,1241187.5
184613,575000.0,564564.97
184614,6200.0,5585.545555555555
184615,830000.0,810172.3333333334
184616,1250000.0,1827942.4
184617,495000.0,423242.6566666667
184618,442000.0,639863.4333333333
184619,715000.0,887875.39
184620,475000.0,566675.0822222222
184621,556000.0,603161.15
184622,4000.0,3872.7733333333335
184623,450000.0,605693.7255555555
184624,1055000.0,1043249.2555555555
184625,630380.0,741570.5766666667
184626,868000.0,836322.9733333334
184627,1065000.0,1280908.4833333334
184628,700000.0,454415.3394
184629,559000.0,536424.7777777779
184630,700000.0,681937.2266666667
184631,315000.0,330957.8333333333
184632,5450.0,5827.85
184633,2750.0,2728.3316666666665
184634,900000.0,1202275.6966666668
184635,1060000.0,1178914.5266666666
184636,1224999.0,843608.4933333333
184637,690000.0,758134.4633333334
184638,550000.0,602050.8166666667
184639,129900.0,311972.3333333333
184640,3325000.0,2524171.06
184641,3100.0,2824.847777777778
184642,750000.0,904466.1
184643,1250.0,1667.0222222222221
184644,725000.0,743985.0366666666
184645,630000.0,633589.2222222222
184646,655000.0,611392.5385333333
184647,1020000.0,2091190.3333333333
184648,810000.0,764834.0
184649,490000.0,455674.3233333333
184650,1370000.0,1478139.5333333334
184651,650000.0,628022.5433333333
184652,4000.0,3868.2822222222217
184653,1689000.0,1536377.13
184654,406500.0,382643.33
184655,427500.0,348844.42
184656,750000.0,758358.49
184657,416000.0,405847.59
184658,11500.0,11163.984444444444
184659,459000.0,308671.6588888889
184660,5995.0,5974.8133333333335
184661,623000.0,699854.0
184662,75000.0,281029.4066666667
184663,1000000.0,2628569.8466666667
184664,620000.0,667786.5
184665,3700.0,3572.99
184666,435000.0,393215.94333333336
184667,1450.0,1721.6614814814814
184668,2425000.0,2072312.9133333333
184669,895000.0,852941.6966666667
184670,570000.0,588935.3533333334
184671,815000.0,791418.8566666667
184672,7300.0,5229.855555555555
184673,1585000.0,1356773.2833333334
184674,1350.0,1696.3378333333333
184675,407000.0,456967.49666666664
184676,3000.0,3194.9
184677,735000.0,802394.5233333333
184678,438750.0,477192.8233333333
184679,1660000.0,2048008.91
184680,726000.0,903208.36
184681,886000.0,893152.2933333333
184682,1995.0,1907.5733333333333
184683,1650.0,1964.2405555555558
184684,350000.0,340089.6666666667
184685,129310.0,29868.066666666666
184686,327500.0,409595.0
184687,3000000.0,2212261.7533333334
184688,1875000.0,1876929.3515666667
184689,850000.0,964946.6633333333
184690,2671670.0,2448830.3
184691,2130000.0,1661553.5033333334
184692,1199000.0,1218503.3333333333
184693,1320000.0,1119535.6333333333
184694,568649.0,563685.77
184695,439000.0,460122.45
184696,785000.0,882113.7677777779
184697,1555000.0,1737382.0
184698,1520000.0,1465099.5066666666
184699,749900.0,734832.1966666667
184700,450000.0,494260.6666666667
184701,1310000.0,1172528.6633333333
184702,565000.0,560482.2533333333
184703,559900.0,583954.2233333334
184704,855000.0,856515.1966666667
184705,909000.0,816454.9366666666
184706,860000.0,822962.31
184707,515000.0,495010.88555555564
184708,990000.0,1032375.7866666666
184709,880000.0,684355.5266666666
184710,670000.0,753299.0
184711,1180000.0,1300525.3
184712,525000.0,572429.5
184713,4790.0,4336.502222222222
184714,5500.0,5240.29
184715,860000.0,788242.9333333333
184716,1225000.0,1609214.5712666668
184717,1155000.0,1075605.7933333332
184718,3400.0,3439.801111111111
184719,725000.0,705704.1666666666
184720,835000.0,845282.9166666666
184721,479000.0,553575.0
184722,485000.0,537254.0944444445
184723,910000.0,844611.3955555555
184724,2275000.0,2330166.4
184725,808000.0,952909.9466666667
184726,680000.0,542827.1
184727,2800.0,2980.2
184728,400000.0,426736.87333333335
184729,1860000.0,2044539.46
184730,1467000.0,1217394.17
184731,1825000.0,1682439.1366666667
184732,339000.0,347289.45
184733,890000.0,784026.8333333334
184734,720000.0,681406.6266666667
184735,720000.0,710120.6433333333
184736,910000.0,926749.7633333333
184737,520000.0,527815.4366666666
184738,3990.0,3774.71
184739,2325000.0,2012627.98
184740,435000.0,446424.80966666667
184741,250000.0,255259.2380952381
184742,1000000.0,931515.4966666667
184743,715000.0,683246.99
184744,520000.0,491796.78
184745,6500.0,6800.116666666667
184746,270000.0,448037.23
184747,906000.0,905948.86
184748,1800000.0,2126939.6266666665
184749,6600000.0,4051239.08
184750,450000.0,459697.87666666665
184751,765000.0,725144.1666666666
184752,1505500.0,1241600.0333333334
184753,1575000.0,1085832.472
184754,3950000.0,3856062.4
184755,557500.0,667934.66
184756,2999.0,3065.4733333333334
184757,1312000.0,1260827.16
184758,1150000.0,1206516.76
184759,2499.0,2888.9666666666667
184760,650000.0,689885.7777777778
184761,810000.0,789813.9655555555
184762,2800.0,3107.59
184763,860000.0,811330.4966666667
184764,60000.0,151840.32
184765,645000.0,643724.7666666667
184766,1338000.0,812160.4266666666
184767,485000.0,531721.35
184768,1585000.0,1593040.05
184769,1995000.0,1703346.87
184770,2100.0,1882.3425
184771,590000.0,566736.38
184772,1750000.0,1688939.9
184773,1600000.0,1940248.61
184774,1331000.0,1363722.3476666666
184775,375000.0,439779.5
184776,925000.0,942035.3366666667
184777,430000.0,343347.4533333333
184778,360000.0,357549.75333333336
184779,519000.0,213865.5
184780,2450.0,3392.048333333333
184781,1385000.0,1175084.75
184782,2800.0,3445.0144444444445
184783,1102500.0,1135757.8966666667
184784,750000.0,914541.9933333333
184785,639000.0,660577.6666666666
184786,1742000.0,1320360.3533333333
184787,1375000.0,1385148.2733333334
184788,1000000.0,975554.0
184789,1995000.0,1910094.7633333334
184790,1400000.0,1148056.29
184791,4725000.0,2406590.697455555
184792,220000.0,203761.53333333333
184793,1200000.0,1083766.3366666667
184794,1850000.0,2064286.35
184795,1200000.0,1371092.0233333334
184796,615000.0,745201.1866666666
184797,1830000.0,1824038.5666666667
184798,747000.0,741828.4866666667
184799,780000.0,717948.27
184800,325000.0,342909.0
184801,645000.0,615040.7226666667
184802,460000.0,346324.51
184803,860000.0,870203.81
184804,810000.0,946337.55
184805,660000.0,578319.3333333334
184806,6500.0,7445.05
184807,580000.0,495098.44555555563
184808,1330000.0,1397985.25
184809,1300000.0,1228551.4633333334
184810,520000.0,739186.3866666667
184811,4350.0,3877.752777777778
184812,485000.0,462437.4
184813,618000.0,594098.9833333333
184814,399000.0,555645.29
184815,380000.0,390609.8346666667
184816,6230895.0,4415164.283333333
184817,990000.0,1463115.1466666667
184818,1030000.0,977260.9133333333
184819,8200.0,7401.983333333334
184820,575000.0,567153.3477777777
184821,650000.0,961955.3866666667
184822,455900.0,573914.4733333334
184823,719990.0,733610.96
184824,720000.0,671435.365
184825,649000.0,645743.8633333333
184826,535000.0,579405.2666666667
184827,1750000.0,2008451.9633333334
184828,1800000.0,1405201.1866666668
184829,875000.0,906980.67
184830,1270000.0,1153184.6433333333
184831,749000.0,830353.6666666666
184832,499990.0,496280.12666666665
184833,660000.0,587002.5
184834,1895000.0,1395311.5
184835,875000.0,804623.72
184836,1580000.0,1602298.8133333332
184837,590000.0,790436.0
184838,545000.0,551004.7333333333
184839,1698747.0,1541321.4733333334
184840,810000.0,955088.0
184841,450000.0,382942.6666666667
184842,4211625.0,4200364.9366666665
184843,1406000.0,1244777.73
184844,3425.0,3150.0666666666666
184845,1620000.0,1838991.1333333333
184846,1638000.0,2155756.256666667
184847,616280.0,624044.0466666666
184848,755000.0,846367.8
184849,625000.0,624382.74
184850,1040000.0,1082974.1666666667
184851,1775000.0,1614467.4566666668
184852,415000.0,413440.32
184853,1500000.0,1206978.3666666667
184854,593000.0,638379.4822222223
184855,2000.0,2655.9288888888887
184856,524000.0,563322.6433333333
184857,1700000.0,1226273.9533333334
184858,1540000.0,1595407.3096
184859,864000.0,903353.4966666667
184860,3050.0,3038.0291005290997
184861,650000.0,572729.5
184862,602999.0,615105.0266666666
184863,920000.0,1060854.7866666666
184864,6625.0,6613.803333333333
184865,319000.0,376782.2222222222
184866,230000.0,209422.32666666666
184867,535000.0,582923.8414814814
184868,9800.0,10433.443333333333
184869,742000.0,742595.95
184870,179765.0,338239.36666666664
184871,6200.0,7510.271111111112
184872,1270000.0,1168708.28
184873,952500.0,940955.6588888891
184874,750000.0,732683.65
184875,4500000.0,3091472.6666666665
184876,560000.0,513276.82
184877,1700000.0,1557542.89
184878,7200.0,8416.12388888889
184879,1585000.0,2018582.72
184880,1060000.0,1256360.63
184881,499000.0,596355.6592592592
184882,2830000.0,2560775.8029333334
184883,843000.0,804498.7166666667
184884,740000.0,702174.6633333333
184885,850000.0,803806.49
184886,563000.0,564888.3533333334
184887,600000.0,740411.0
184888,417000.0,353250.1666666667
184889,690000.0,759134.6666666666
184890,750000.0,678569.9777777778
184891,1272000.0,907324.5833333334
184892,1230000.0,1506392.7033333334
184893,765000.0,814463.2333333333
184894,330000.0,419181.21
184895,1070000.0,971682.8266666667
184896,1250000.0,1210834.22
184897,1100000.0,1016257.6766666666
184898,1625000.0,1642051.5
184899,695000.0,656252.29
184900,320000.0,428929.98333333334
184901,4500.0,2031.001375661376
184902,1370000.0,1405509.4366666668
184903,3700.0,4138.778888888888
184904,1320000.0,1141811.25
184905,1250000.0,1333144.8
184906,790000.0,888736.9833333333
184907,1125000.0,1149300.3333333333
184908,1050000.0,868691.6666666666
184909,2900000.0,2429108.55
184910,775000.0,743336.8
184911,1199900.0,952827.9033333333
184912,1025000.0,991576.4633333334
184913,800000.0,782175.0166666667
184914,1115000.0,1102550.7033333334
184915,2650.0,3236.383333333333
184916,1350000.0,1140473.8533333333
184917,588000.0,614793.8066666666
184918,1048000.0,1182133.6666666667
184919,2470000.0,2054608.0766666667
184920,500000.0,489392.0
184921,2500.0,2679.663888888889
184922,1175000.0,1368556.0966666667
184923,407250.0,333793.32
184924,629000.0,655674.21
184925,690000.0,661076.0766666667
184926,252000.0,268996.07
184927,1192800.0,1204766.0833333333
184928,1010000.0,1279414.0
184929,1150000.0,1095708.9133333333
184930,515000.0,509182.01555555564
184931,850000.0,986853.28
184932,569000.0,531542.9033333333
184933,920000.0,982726.3333333334
184934,1575000.0,1498511.3944444444
184935,2150.0,2809.4133333333334
184936,1100000.0,1202749.5177777777
184937,432000.0,429490.76
184938,849000.0,913798.37
184939,577000.0,433753.6666666667
184940,765000.0,815719.6977777778
184941,660000.0,687428.6466666666
184942,575000.0,542466.97
184943,850000.0,747769.9833333333
184944,620000.0,615011.2733333333
184945,1350000.0,1264002.8533333333
184946,485000.0,568830.6666666666
184947,482500.0,476832.66333333333
184948,395000.0,422213.1666666667
184949,1050000.0,1258143.7333333334
184950,760000.0,698453.7666666667
184951,710000.0,754006.9453333333
184952,921000.0,879565.3566666667
184953,1700000.0,1824090.6833333333
184954,5750.0,5088.894444444445
184955,3800.0,3963.656111111112
184956,740000.0,791378.7466666667
184957,849000.0,830853.5166666667
184958,2100000.0,2345636.0766666667
184959,580000.0,488902.4885714286
184960,665000.0,682685.91
184961,570600.0,595138.45
184962,1965000.0,2413927.8366666664
184963,2685000.0,3485173.0688888887
184964,915000.0,890825.6733333333
184965,1020000.0,944170.4866666667
184966,4300.0,4148.626666666667
184967,345000.0,453566.8333333333
184968,412000.0,496500.0266666667
184969,245000.0,249597.66666666666
184970,825000.0,849287.02
184971,511000.0,550410.14
184972,820000.0,889817.0
184973,467000.0,549690.0
184974,4350.0,5541.655
184975,3800.0,3489.777777777778
184976,220000.0,384311.6666666667
184977,680000.0,493996.0
184978,860000.0,989098.4266666666
184979,818500.0,858100.0666666667
184980,1350000.0,1180659.3766666667
184981,325000.0,388489.45
184982,860000.0,815845.0
184983,3900.0,3663.444444444445
184984,4500000.0,3165629.858833333
184985,835000.0,814630.6266666667
184986,802000.0,827345.5166666667
184987,1508000.0,1411616.5533333332
184988,25000.0,22855.0125
184989,835000.0,842644.3333333334
184990,550000.0,1435867.5866666667
184991,1830000.0,1769098.1866666668
184992,810000.0,763709.1733333333
184993,3888777.0,3395647.06
184994,2800.0,2847.0833333333335
184995,650000.0,744498.3
184996,385000.0,460675.42333333334
184997,2580.0,3026.0933333333332
184998,1325000.0,1122498.3333333333
184999,109000.0,235415.28
185000,480000.0,427093.6666666667
185001,825000.0,841952.6133333333
185002,1000000.0,1026854.4566666667
185003,587000.0,599469.75
185004,2200.0,2422.5316682539683
185005,790000.0,768211.2733333333
185006,485000.0,473168.56666666665
185007,599990.0,625740.96
185008,345000.0,337423.4066666667
185009,2800.0,2682.1267000000003
185010,1900.0,1984.0233333333338
185011,2475000.0,2012605.2066666668
185012,2880.0,3117.6311111111113
185013,1875000.0,2150260.8366666664
185014,760000.0,849731.8666666667
185015,758490.0,859994.6766666666
185016,900000.0,919476.3333333334
185017,557954.0,640034.01
185018,400000.0,267060.0
185019,899000.0,811357.3333333334
185020,324999.0,316349.7866666667
185021,4625000.0,2317923.6166666667
185022,310000.0,373152.85
185023,907000.0,857713.7666666667
185024,379000.0,351171.3333333333
185025,3750.0,3062.3683333333333
185026,595000.0,608917.6633333333
185027,2200000.0,1988847.6266666667
185028,890000.0,1086146.3933333333
185029,4995.0,7619.85
185030,1160000.0,843736.3333333334
185031,710000.0,691789.0555555555
185032,2650000.0,2164086.7266666666
185033,65000.0,164746.74
185034,1649000.0,1402971.0133333334
185035,5495.0,5609.33
185036,600000.0,585621.7966666666
185037,1200000.0,993240.5522222223
185038,1600000.0,1144126.4933333334
185039,355000.0,435935.55333333334
185040,5000.0,4835.17
185041,3250.0,14511.283333333333
185042,580000.0,596619.6483333333
185043,760000.0,748551.6666666666
185044,6700.0,5953.47
185045,625000.0,684411.4266666666
185046,3500.0,4855.656666666667
185047,620000.0,614574.9666666667
185048,4000.0,3816.141071428571
185049,525000.0,538104.6666666666
185050,965000.0,812380.71
185051,750000.0,758490.0
185052,1485000.0,1587467.54
185053,836000.0,939264.69
185054,2800.0,2238.5266666666666
185055,528000.0,643426.6322222222
185056,389900.0,400286.9744444444
185057,2150.0,2150.576666666667
185058,656000.0,868267.4966666667
185059,455000.0,448347.95
185060,329000.0,289707.77777777787
185061,1480000.0,1693598.7566666666
185062,1490000.0,1811430.2366666666
185063,835000.0,871856.66
185064,2480000.0,2153561.566666667
185065,680000.0,735059.8666666667
185066,534825.0,533025.59
185067,425000.0,469704.9
185068,430000.0,437036.05
185069,788888.0,769401.6666666666
185070,650000.0,579786.4122222223
185071,760000.0,828590.5533333333
185072,1000000.0,1093719.81
185073,4500.0,4460.703333333333
185074,650000.0,883228.35
185075,1225000.0,2021143.93
185076,435000.0,520342.54
185077,475000.0,589110.0
185078,750000.0,831878.17
185079,7900.0,6643.307777777777
185080,425000.0,400179.17333333334
185081,706200.0,677486.9933333333
185082,430000.0,426513.3411111111
185083,1630000.0,1658772.0
185084,875000.0,923837.1666666666
185085,3500000.0,2966064.38
185086,3960000.0,4099216.6866666665
185087,509990.0,530394.2533333333
185088,1170000.0,1187753.76
185089,68000.0,1047845.93
185090,686000.0,653187.6666666666
185091,3250000.0,2531970.493333333
185092,815000.0,723784.33
185093,869000.0,878220.9733333334
185094,505000.0,488441.5
185095,1500000.0,1395845.5166666666
185096,540000.0,930172.9033333333
185097,225000.0,310086.4666666667
185098,395000.0,425828.31
185099,245000.0,273905.16
185100,1385000.0,1582704.7333333334
185101,1130000.0,882213.3333333334
185102,940000.0,1108622.6966666668
185103,525000.0,673644.7866666666
185104,898000.0,861815.7066666667
185105,680000.0,714070.49
185106,315000.0,416822.0555555555
185107,4400000.0,3376750.8733333335
185108,3750.0,4059.9722222222226
185109,1020000.0,1113068.0
185110,535000.0,621438.1
185111,810000.0,945880.9766666667
185112,599000.0,622626.5433333333
185113,535000.0,497775.12666666665
185114,715000.0,841384.87
185115,3695.0,5570.971111111111
185116,780000.0,803592.6833333333
185117,490000.0,469199.62666666665
185118,1099000.0,1078190.9033333333
185119,657220.0,625379.44
185120,4950.0,4100.39
185121,1700.0,1727.750266955267
185122,389000.0,361278.99
185123,930000.0,946091.0733333334
185124,855000.0,864895.6633333333
185125,800000.0,840424.7833333333
185126,2700000.0,3467760.4266666668
185127,780000.0,1176516.7933333332
185128,5500.0,5987.206666666667
185129,2122500.0,1841697.8033333332
185130,513000.0,601433.61
185131,1605000.0,1627900.0266666666
185132,545000.0,689132.0
185133,611615.0,589757.98
185134,2000000.0,1660898.0666666667
185135,530000.0,486746.06426666665
185136,1560000.0,1602080.09
185137,420000.0,453361.06666666665
185138,1130000.0,926104.5466666666
185139,495000.0,505020.0
185140,888000.0,864870.2466666667
185141,1499000.0,1518030.58
185142,2000.0,2722.463333333333
185143,840000.0,978759.2833333333
185144,525000.0,543642.46
185145,799000.0,944926.4766666667
185146,3000.0,3517.0733333333333
185147,580000.0,614134.9
185148,2250000.0,1868809.37
185149,450000.0,356239.6666666667
185150,910000.0,961650.0711111111
185151,292400.0,379479.12
185152,4550.0,6269.4
185153,525000.0,534177.7466666667
185154,491000.0,453979.98333333334
185155,637000.0,784094.6266666667
185156,275000.0,251901.66
185157,10500000.0,3987923.7933333335
185158,315000.0,290080.63333333336
185159,2450000.0,2696443.1633333336
185160,1250000.0,1978048.0333333334
185161,437000.0,526127.52
185162,585000.0,587343.6066666667
185163,720000.0,675110.8966666666
185164,3235000.0,3364393.066666667
185165,60000.0,272050.8016666667
185166,1838000.0,1625385.6666666667
185167,558500.0,567196.4433333334
185168,545000.0,560947.84
185169,3390000.0,3127403.756666667
185170,1325000.0,1320709.3733333333
185171,1155000.0,1236756.16
185172,705000.0,679596.23
185173,750000.0,760376.1833333333
185174,2595.0,2919.411111111111
185175,1125000.0,1564002.55
185176,2050000.0,2180207.44
185177,389000.0,457327.6666666667
185178,452000.0,351035.7866666667
185179,455000.0,537544.34
185180,1850000.0,1719648.0266666666
185181,1920000.0,1638186.8333333333
185182,1125000.0,1011480.4633333334
185183,605000.0,634911.7433333333
185184,348000.0,361482.08666666667
185185,1200000.0,1176901.1333333333
185186,3625000.0,3531540.4266666668
185187,2500.0,2517.7418253968253
185188,760000.0,717749.111111111
185189,930000.0,1025746.29
185190,435000.0,484161.1066666667
185191,1590000.0,1167223.83
185192,1050000.0,1264709.78
185193,5000.0,4257.44
185194,3850000.0,2654477.9766666666
185195,1610000.0,1970438.4833333334
185196,407000.0,405691.3333333333
185197,1175000.0,1092316.8776666666
185198,630000.0,622653.3433333334
185199,1180000.0,938262.77
185200,1015000.0,1061336.27
185201,560000.0,569877.6266666667
185202,399950.0,450006.6666666667
185203,711000.0,706687.0833333334
185204,775000.0,1074422.2933333332
185205,23000000.0,4400373.666666667
185206,739990.0,853319.1533333333
185207,935000.0,864029.78
185208,1600000.0,1536972.48
185209,877000.0,852513.3866666667
185210,1475000.0,1797280.77
185211,1230000.0,994228.0155555556
185212,700000.0,879599.5833333334
185213,835000.0,786303.8333333334
185214,325000.0,326214.51
185215,224000.0,288773.0
185216,725000.0,844135.0
185217,795000.0,747579.3
185218,1100000.0,1033535.98
185219,1400000.0,2056506.4174444445
185220,8000.0,7244.683333333333
185221,149000.0,172713.96
185222,460000.0,467594.63333333336
185223,1750.0,2045.7069444444442
185224,345000.0,351750.9066666667
185225,862000.0,1049946.6633333333
185226,1068000.0,1075112.8466666667
185227,1700000.0,1568688.6366666667
185228,5400000.0,4401838.54
185229,2900000.0,2207005.533333333
185230,475000.0,461409.75
185231,1120000.0,1156891.6933333334
185232,4500.0,5267.33
185233,700000.0,682660.3333333334
185234,4400.0,4564.85
185235,595000.0,743549.2933333333
185236,4400.0,3951.3277777777776
185237,565000.0,524254.85
185238,1025000.0,1039393.61
185239,875000.0,754794.24
185240,745000.0,909699.2633333333
185241,1550000.0,1470941.5033333334
185242,879000.0,887117.1266666667
185243,470000.0,478635.73333333334
185244,840000.0,791978.4166666666
185245,610000.0,604150.71
185246,620000.0,695304.6233333333
185247,1100000.0,994461.2566666667
185248,986982.0,1096704.5833333333
185249,1274000.0,1230747.172
185250,749000.0,774741.3166666667
185251,3400.0,3496.7038888888883
185252,876000.0,837120.76
185253,1630000.0,1738964.3177777778
185254,1150000.0,1346020.0
185255,961000.0,870836.74
185256,494000.0,700276.04
185257,1750000.0,1545205.65
185258,755000.0,778968.4755555557
185259,765000.0,1104358.3333333333
185260,430000.0,345562.9633333333
185261,5200000.0,2562745.36
185262,475000.0,563400.62
185263,680000.0,658078.1666666666
185264,785000.0,788663.4066666666
185265,590000.0,601386.8333333334
185266,5700.0,6539.593333333333
185267,1875000.0,2110548.0
185268,525000.0,552027.0366666666
185269,630000.0,637943.79
185270,785000.0,824222.01
185271,1037500.0,1158851.84
185272,1350000.0,1651723.17
185273,805000.0,814489.2833333333
185274,707000.0,802009.6266666667
185275,910000.0,1017488.8233333334
185276,510000.0,508555.82666666666
185277,819000.0,839636.9
185278,378500.0,398887.3566666667
185279,675000.0,692853.58
185280,600000.0,614334.5933333334
185281,4500.0,9588.41388888889
185282,885000.0,832922.4188888889
185283,410000.0,434018.0
185284,730000.0,754417.35
185285,1011000.0,795704.36
185286,794000.0,850437.2033333334
185287,1090000.0,941135.6508888889
185288,598000.0,649383.9033333333
185289,437000.0,372712.21888888883
185290,5000.0,4189.304444444445
185291,3200.0,3277.1116666666667
185292,1250000.0,1082346.9266666668
185293,7300.0,6391.08
185294,402000.0,405980.38666666666
185295,810000.0,932381.9633333334
185296,320000.0,324554.6666666667
185297,800000.0,818583.1933333334
185298,1150000.0,1125948.08
185299,2550.0,3091.233333333333
185300,500000.0,516508.0
185301,1349000.0,1275222.8333333333
185302,2500.0,2291.9561904761904
185303,459000.0,462524.36666666664
185304,420000.0,450900.5133333333
185305,749888.0,730425.8
185306,3800.0,3784.8
185307,400000.0,437492.5233333333
185308,1475000.0,1446493.6666666667
185309,498900.0,484122.3933333333
185310,1070000.0,960704.5
185311,1399000.0,1267118.59
185312,485000.0,463473.3333333333
185313,800000.0,751711.2933333333
185314,835000.0,748685.0
185315,538900.0,523657.0833333333
185316,344888.0,460355.1566666667
185317,750000.0,841840.42
185318,1275000.0,1196917.1633333333
185319,1235000.0,1122328.4166666667
185320,1150000.0,1001902.0333333333
185321,655000.0,645006.7666666667
185322,370000.0,343785.6666666667
185323,1142000.0,1144094.4966666666
185324,380000.0,377960.6666666667
185325,387000.0,356292.0133333333
185326,495000.0,539971.3233333334
185327,413000.0,392772.5333333333
185328,1900000.0,2306093.5366666666
185329,620000.0,602751.7166666667
185330,630000.0,616031.1266666667
185331,465000.0,404938.1355555556
185332,1215000.0,1139011.94
185333,395000.0,457775.0
185334,929000.0,917883.2846666666
185335,1350000.0,1214878.16
185336,215000.0,202809.33333333334
185337,899000.0,877349.3333333334
185338,880000.0,880698.7433333333
185339,499000.0,505012.3933333333
185340,390000.0,357643.64666666667
185341,320000.0,342960.60888888885
185342,885000.0,894517.2666666667
185343,829000.0,952681.7133333334
185344,1150000.0,1173753.5666666667
185345,1125000.0,762134.7333333333
185346,424900.0,412309.2833333333
185347,784000.0,812704.0
185348,436000.0,453499.9666666667
185349,1130000.0,1129457.0233333334
185350,240000.0,211538.88555555555
185351,1288000.0,1158580.0
185352,1299000.0,1189025.56
185353,3400.0,3783.8677777777775
185354,240000.0,267590.7
185355,3600.0,3764.3333333333335
185356,1790000.0,1532416.9333333333
185357,4000.0,3761.1066666666666
185358,1330000.0,1378169.68
185359,2275000.0,2255077.5552666667
185360,535000.0,657532.4433333334
185361,315000.0,448283.32
185362,445000.0,419282.42699999997
185363,900000.0,933106.5966666667
185364,800000.0,710382.8966666666
185365,2000.0,2150.8287037037035
185366,1545000.0,1399229.5466666666
185367,435000.0,390549.5833333333
185368,700000.0,692209.6
185369,3125.0,3343.2266666666665
185370,3300000.0,3217947.5
185371,815000.0,777637.7033333334
185372,1800000.0,1889186.39
185373,700000.0,689981.6966666667
185374,962000.0,958907.7777777779
185375,770000.0,715661.9333333333
185376,468000.0,447166.31
185377,1354000.0,1161016.4766666666
185378,400000.0,670602.3033333333
185379,637500.0,681147.4333333333
185380,1050000.0,1063784.6944444443
185381,650000.0,678989.3222222222
185382,875000.0,892428.1533333333
185383,649000.0,615969.33
185384,675000.0,651952.4133333333
185385,1075000.0,1100541.6566666667
185386,1860000.0,1652111.65
185387,785000.0,739597.2033333334
185388,678000.0,554196.2666666667
185389,630000.0,653189.7133333334
185390,1420000.0,1238008.4966666666
185391,450000.0,527034.0977777778
185392,689000.0,703580.6666666666
185393,439000.0,557487.7111111111
185394,1800000.0,2296109.046666667
185395,1565000.0,1549482.7233333334
185396,645000.0,812841.6333333333
185397,2480000.0,2220033.183333333
185398,585000.0,598463.4966666667
185399,785000.0,725923.0833333334
185400,520000.0,487100.81833333336
185401,2400000.0,2233218.2312666667
185402,617000.0,570940.1266666667
185403,365000.0,410280.8
185404,2150.0,1914.9033333333334
185405,800000.0,874608.6266666667
185406,958000.0,1191639.53
185407,335000.0,537062.55
185408,765000.0,747017.3333333334
185409,1639000.0,1818575.6066666667
185410,339000.0,409209.49
185411,420000.0,526329.97
185412,5650.0,6100.5233333333335
185413,715000.0,699132.9414285715
185414,1900.0,2558.7433333333333
185415,1550000.0,1925975.6383333334
185416,518333.0,526054.3466666667
185417,495000.0,489683.9
185418,1025000.0,1030027.031111111
185419,540000.0,820068.17
185420,2050000.0,1616676.3523333336
185421,515000.0,503668.87972222216
185422,3650000.0,3054583.2133333334
185423,6150.0,6211.056666666666
185424,580000.0,627134.4266666666
185425,700000.0,644283.9666666667
185426,2735000.0,2304003.94
185427,1116950.0,1062796.5833333333
185428,425000.0,486855.41333333333
185429,1800000.0,1605192.3866666667
185430,790000.0,841071.7533333333
185431,1520000.0,2128544.8433333333
185432,345000.0,348069.50777777773
185433,725000.0,662087.3766666667
185434,1150000.0,1291056.45
185435,815000.0,797726.4633333334
185436,1000000.0,950453.0866666667
185437,465000.0,487723.33
185438,885000.0,846429.3733333333
185439,767500.0,737815.3333333334
185440,980000.0,1317396.2033333334
185441,445000.0,399712.88666666666
185442,1025000.0,1262936.711111111
185443,630000.0,530905.2566666667
185444,384000.0,374221.10444444447
185445,6000.0,4698.8
185446,510000.0,488456.32
185447,925000.0,884196.77
185448,905000.0,915775.0
185449,575000.0,576813.26
185450,1870000.0,1574356.28
185451,510000.0,476471.4
185452,4800.0,4816.513333333333
185453,915000.0,919815.8466666667
185454,722700.0,689760.9166666666
185455,929000.0,749883.4666666667
185456,1860000.0,1789766.97
185457,1250000.0,1527790.3933333333
185458,6900.0,7700.885555555555
185459,1020000.0,1045913.529
185460,2350000.0,2462679.8866666667
185461,600000.0,857447.1366666667
185462,659000.0,680567.3333333334
185463,519000.0,516731.76
185464,1260000.0,1498988.36
185465,500000.0,488080.98333333334
185466,509500.0,631250.33
185467,520000.0,555208.8633333333
185468,332900.0,232572.15
185469,550000.0,657200.91
185470,859040.0,889489.24
185471,2800.0,3623.5866666666666
185472,1065000.0,1156524.2366666666
185473,1095000.0,1047715.5733333334
185474,626000.0,652109.9933333333
185475,830000.0,902367.0333333333
185476,669900.0,450211.0
185477,1110000.0,829169.09
185478,355000.0,549837.75
185479,4425000.0,4118053.4233333333
185480,835000.0,1037102.5066666667
185481,441000.0,375468.3
185482,232500.0,257418.66333333333
185483,2250000.0,1767988.0066666666
185484,1995.0,2338.463888888889
185485,1875000.0,1865977.1666666667
185486,1640000.0,1509330.4233333333
185487,390000.0,472147.4
185488,720000.0,767309.6866
185489,5895.0,26012.71
185490,780000.0,716578.2933333333
185491,590830.0,581162.9366666666
185492,970000.0,1149889.4166666667
185493,1199000.0,1133578.92
185494,525000.0,548694.771111111
185495,599990.0,603420.1333333333
185496,875000.0,1831419.3666666667
185497,699000.0,668562.4677777777
185498,1800.0,1938.9905185185187
185499,575000.0,597112.4033333333
185500,1670000.0,1445521.9433333334
185501,540000.0,612012.16
185502,530000.0,464861.3333333333
185503,5250.0,4024.73
185504,815000.0,829017.36
185505,2520000.0,2839260.64
185506,1815000.0,1588858.1333333333
185507,615000.0,629158.5
185508,1125000.0,1015784.02
185509,1060000.0,953446.08
185510,760000.0,862864.2938333333
185511,805000.0,756068.4033333333
185512,960000.0,1097880.0
185513,4450000.0,3747918.433333333
185514,1200000.0,1887577.4666666666
185515,420000.0,381371.3855555556
185516,343000.0,463292.2
185517,350000.0,391997.6566666667
185518,455000.0,556587.0
185519,765000.0,880587.6366666667
185520,1950000.0,1781064.61
185521,550000.0,591724.9333333333
185522,680000.0,753853.6266666667
185523,2700.0,3038.7733333333335
185524,1238000.0,1546787.2566666666
185525,662300.0,595292.0
185526,965000.0,913368.15
185527,605000.0,711486.0933333334
185528,860000.0,847537.92
185529,910713.0,869644.4033333333
185530,370000.0,338528.10777777777
185531,1122000.0,988858.38
185532,540000.0,562434.55
185533,670000.0,697805.5966666667
185534,1450000.0,1796742.4433333334
185535,2425000.0,3965259.8691666657
185536,830000.0,805624.02
185537,1500.0,1649.1148148148147
185538,1260000.0,1220901.16
185539,1575000.0,1668949.4133333333
185540,635000.0,709443.2333333333
185541,1500000.0,1706694.2
185542,2535000.0,1929119.3825333333
185543,545000.0,537071.98
185544,770000.0,734809.2833333333
185545,650000.0,1256982.4066666667
185546,12000.0,15993.524444444447
185547,980000.0,1068886.2566666666
185548,790000.0,771889.85
185549,697900.0,711891.9285714285
185550,17850.0,17461.05
185551,312500.0,252787.16666666666
185552,653000.0,546226.6666666666
185553,1312500.0,1420126.66
185554,540000.0,580977.6666666666
185555,780000.0,930409.1733333333
185556,166000.0,287584.5733333333
185557,5500.0,3897.470555555555
185558,710000.0,739307.9566666667
185559,2500.0,4962.965
185560,500000.0,709426.3233333334
185561,375000.0,484003.94666666666
185562,505000.0,457927.73333333334
185563,605000.0,522960.4266666667
185564,529687.0,546774.6533333333
185565,200000.0,396436.55
185566,524477.0,525578.9866666667
185567,5200.0,6695.1
185568,4000000.0,2423538.6766666668
185569,250000.0,230391.2
185570,506328.0,502360.05
185571,1550000.0,1602601.0166666666
185572,1495000.0,2843628.493333333
185573,4300.0,5055.4366666666665
185574,649000.0,633825.8133333334
185575,1355000.0,1444179.4566666668
185576,4000.0,2570.514920634921
185577,1500.0,1657.4533333333336
185578,575000.0,571272.3266666667
185579,2625000.0,2408038.816666667
185580,520000.0,573570.94
185581,1070000.0,1244771.6266666667
185582,415000.0,507944.35333333333
185583,200000.0,275224.67
185584,200000.0,281575.85
185585,250000.0,363861.74333333335
185586,420000.0,458604.77
185587,600000.0,617053.8333333334
185588,380000.0,434514.2366666667
185589,8200.0,7807.3
185590,606050.0,572572.86
185591,645000.0,776610.0
185592,755000.0,787766.3666666667
185593,22500.0,17155.141666666666
185594,538000.0,532056.7577777777
185595,900000.0,999777.65
185596,1780.0,1719.0936111111114
185597,1205000.0,1043430.56
185598,2161473.0,1648715.99
185599,520000.0,628223.8611111111
185600,2731000.0,2680904.1466666665
185601,1225000.0,1425163.2833333334
185602,1849984.0,1937602.0666666667
185603,59999.0,139597.0
185604,670000.0,885568.6033333334
185605,1250000.0,1462777.8
185606,920000.0,937637.7566666667
185607,295000.0,368610.9866666667
185608,1900.0,2232.663650793651
185609,3500.0,4486.2
185610,425000.0,398804.6
185611,810000.0,799032.15
185612,1290000.0,1021576.9455555554
185613,1801096.0,1945393.6
185614,465000.0,415107.6666666667
185615,850000.0,1012151.2866666666
185616,1600000.0,1723153.1
185617,1480000.0,1735219.8766666667
185618,496500.0,578685.4066666666
185619,519000.0,492115.1
185620,7000.0,5942.713333333333
185621,515000.0,480678.0366666667
185622,2650000.0,2689113.3433333333
185623,1325000.0,1328047.72
185624,35000.0,27233.3
185625,2145.0,1979.1716666666666
185626,650000.0,612898.5666666667
185627,850000.0,830766.15
185628,589000.0,559816.0
185629,4945.0,4602.553333333333
185630,1175000.0,1402164.8433333333
185631,800000.0,788373.2466666667
185632,3100.0,3214.133333333333
185633,6050000.0,3778019.993333333
185634,715000.0,712861.3333333334
185635,2750000.0,2756024.68
185636,1900000.0,1942928.76
185637,1880000.0,1944130.12
185638,2995.0,2800.6288095238097
185639,2600000.0,2574192.053333333
185640,710000.0,636341.63
185641,525000.0,522951.27
185642,650000.0,747207.9133333333
185643,2750.0,2823.477777777778
185644,800000.0,783471.6966666667
185645,2900.0,3147.02
185646,130500.0,209353.0011111111
185647,435000.0,474423.2576
185648,856340.0,964035.9633333334
185649,715000.0,633923.6633333333
185650,1525000.0,1586763.3
185651,900000.0,948283.0
185652,500000.0,515430.9666666667
185653,810000.0,741580.0033333333
185654,850000.0,735107.3233333334
185655,2975.0,3009.9911111111114
185656,960000.0,1016117.9566666667
185657,840000.0,766551.23
185658,470000.0,332817.9666666667
185659,580000.0,591141.88
185660,1325000.0,1412691.0
185661,1650000.0,1145703.87
185662,750000.0,729982.6666666666
185663,525000.0,794722.4
185664,650000.0,665273.3933333333
185665,1250000.0,1320693.0755555555
185666,590000.0,670379.3333333334
185667,785000.0,830674.6666666666
185668,729000.0,820916.1666666666
185669,1920000.0,1406068.7866666666
185670,2550.0,2701.625
185671,1290000.0,1125004.7255555554
185672,480000.0,525559.0707936507
185673,609000.0,648259.3566666667
185674,500000.0,459754.99333333335
185675,600000.0,643437.55
185676,3650.0,3304.266666666667
185677,370000.0,547461.3733333333
185678,2695.0,3091.4877777777774
185679,440000.0,411096.38
185680,950000.0,1113631.3566666667
185681,1525000.0,1175620.97
185682,607300.0,594565.9933333333
185683,1100000.0,1233578.69
185684,6500.0,5571.3133333333335
185685,1800000.0,1866373.5333333334
185686,2300.0,2458.15
185687,245000.0,211574.99666666667
185688,2100000.0,2245979.1666666665
185689,465000.0,466394.69
185690,5500.0,5527.466666666666
185691,760315.0,720266.6
185692,450000.0,625113.23
185693,1130000.0,1287801.05
185694,528000.0,577062.82
185695,459990.0,506936.7
185696,11500.0,11546.727777777778
185697,12000.0,8511.36
185698,489000.0,465739.55
185699,1052000.0,1071324.0866666667
185700,3420000.0,3732176.6666666665
185701,2295000.0,1436688.7866666666
185702,882000.0,855144.57
185703,2500.0,2693.15
185704,899000.0,880768.9066666666
185705,2650.0,3441.9988888888893
185706,585000.0,552793.0
185707,1900.0,2245.9155555555553
185708,590000.0,536622.9066666666
185709,85000.0,393523.3333333333
185710,465000.0,352568.0
185711,1400000.0,1287106.468888889
185712,720000.0,658021.8333333334
185713,275000.0,382457.07
185714,676500.0,702936.6666666666
185715,3700.0,3312.0833333333335
185716,695000.0,646317.29
185717,1895000.0,1950947.0266666666
185718,1568000.0,1573923.0066666666
185719,1475000.0,1504750.28
185720,1175000.0,1041124.8333333334
185721,1900.0,3028.08323015873
185722,705000.0,767788.46
185723,2000000.0,2175900.01
185724,480000.0,475775.6666666667
185725,595000.0,621114.82
185726,375000.0,397212.68333333335
185727,225000.0,235507.75433333337
185728,3845.0,4224.75
185729,1031000.0,1136833.5
185730,637000.0,573994.7633333333
185731,479000.0,499733.0
185732,964250.0,954437.5733333334
185733,700000.0,734584.3333333334
185734,1190000.0,1274127.0833333333
185735,423000.0,391754.73333333334
185736,575000.0,584413.5
185737,1148888.0,1524156.6733333333
185738,525000.0,619956.07
185739,654000.0,855660.3433333334
185740,1330000.0,1303189.9833333334
185741,373390.0,366726.4766666667
185742,501125.0,715198.9966666667
185743,1388000.0,1617305.6933333334
185744,2750.0,3545.7688888888883
185745,499900.0,531998.3566666667
185746,675000.0,704195.9466666667
185747,259000.0,299050.9166666667
185748,969000.0,773319.3233333334
185749,495000.0,511722.62333333335
185750,540000.0,656300.6833333333
185751,2100.0,2175.8052222222227
185752,419000.0,405964.29
185753,560000.0,610199.7333333333
185754,2760000.0,3313579.7733333334
185755,470000.0,476432.26666666666
185756,780000.0,906186.3333333334
185757,1225000.0,1288601.17
185758,580000.0,575031.14
185759,360000.0,316645.4266666667
185760,420000.0,419762.1
185761,460000.0,451078.8233333333
185762,1079000.0,1009339.3266666667
185763,865000.0,745536.7333333333
185764,900000.0,906822.62
185765,1100000.0,1211052.61
185766,1150000.0,872019.2933333333
185767,290000.0,314554.97222222225
185768,655000.0,764993.3333333334
185769,2750.0,2402.21
185770,700000.0,714198.8566666667
185771,350000.0,308209.33
185772,610000.0,620736.6666666666
185773,503000.0,518729.0266666667
185774,1250000.0,1181655.8266666667
185775,285000.0,269443.2
185776,655000.0,764726.11
185777,2990.0,3478.78
185778,365000.0,415981.18666666665
185779,693900.0,712266.8333333334
185780,3000.0,5124.74
185781,4325000.0,3631433.446666667
185782,875000.0,1504364.46
185783,809000.0,816859.2566666667
185784,812500.0,864403.0666666667
185785,264950.0,292056.6666666667
185786,4000.0,3711.1366666666668
185787,695000.0,707641.0
185788,680000.0,633757.9566666667
185789,985000.0,871719.85
185790,990000.0,983242.7266666667
185791,745000.0,848438.9733333334
185792,1150000.0,1314839.9933333334
185793,1455000.0,1391442.01
185794,1585000.0,1584066.3333333333
185795,900000.0,924265.4466666667
185796,370000.0,378143.6666666667
185797,2200000.0,2909446.34
185798,1100000.0,854716.0466666666
185799,305000.0,387020.8855555556
185800,415000.0,577720.2466666667
185801,2830000.0,2742733.0
185802,1375000.0,1694014.7266666666
185803,640000.0,618243.35
185804,545000.0,579321.4533333334
185805,1660000.0,1652201.9932333333
185806,1816000.0,1369225.7966666666
185807,549131.0,534969.6726984127
185808,260000.0,446832.08
185809,930000.0,874918.4
185810,558000.0,539211.6666666666
185811,885000.0,1073307.88
185812,1900000.0,2764587.1666666665
185813,819900.0,775738.69
185814,18000.0,12233.511111111111
185815,1625000.0,1505915.3233333332
185816,874000.0,731667.52
185817,829000.0,789144.22
185818,2499990.0,1827948.77
185819,420000.0,401264.1666666667
185820,280000.0,306358.77777777775
185821,3945.0,3742.7483333333334
185822,776000.0,1088931.3333333333
185823,1299000.0,962510.72
185824,7450.0,7291.034444444444
185825,1248000.0,1116641.6666666667
185826,565000.0,571632.8333333334
185827,660000.0,788466.3333333334
185828,1250000.0,1282982.0933333333
185829,885000.0,897256.1903333334
185830,850000.0,910350.3
185831,425000.0,394628.67333333334
185832,820000.0,923936.3333333334
185833,1288888.0,1659308.2366666666
185834,590000.0,599021.8
185835,450000.0,766868.0
185836,650000.0,632629.6666666666
185837,1600.0,1750.8416666666667
185838,430000.0,469445.66
185839,1840000.0,1822034.85
185840,3150000.0,3139061.816666667
185841,500000.0,463451.88888888893
185842,1560000.0,1406735.0
185843,765000.0,747619.45
185844,765225.0,745345.4366666666
185845,645000.0,595735.01
185846,385000.0,387893.68666666665
185847,450000.0,457190.9666666667
185848,3350.0,3369.9211111111113
185849,1625000.0,2076373.71
185850,1320000.0,1941360.33
185851,652150.0,660469.47
185852,695000.0,755642.9666666667
185853,494000.0,652559.04
185854,775000.0,785761.25
185855,2695.0,2554.4066666666668
185856,870000.0,846831.66
185857,537000.0,586619.0833333334
185858,784000.0,926788.4626666667
185859,850000.0,996403.38
185860,1100000.0,1119601.7333333334
185861,659000.0,680036.7133333334
185862,665000.0,627094.4833333333
185863,749000.0,719014.3566666667
185864,430000.0,393814.61666666664
185865,355000.0,386538.64444444445
185866,1090000.0,974138.3333333334
185867,1600000.0,1667642.8333333333
185868,1012000.0,847002.83
185869,580000.0,649418.1
185870,427000.0,503784.1433333333
185871,1317500.0,1490118.1233333333
185872,250000.0,255521.15666666668
185873,735000.0,662018.8566666667
185874,1908000.0,1787519.6166666667
185875,1055000.0,1044977.8333333334
185876,372000.0,332600.402
185877,540000.0,717259.13
185878,1375000.0,1298167.0
185879,815000.0,787186.2366666667
185880,492500.0,506083.93333333335
185881,1360000.0,1489954.42
185882,450000.0,464133.0366666667
185883,400000.0,382561.11111111107
185884,1230000.0,1258093.3
185885,310000.0,224530.33
185886,675000.0,686725.3333333334
185887,730000.0,717918.34
185888,585000.0,642530.13
185889,780000.0,741098.3
185890,1430000.0,1533789.0433333332
185891,1100000.0,1341624.3166666667
185892,1665000.0,1313655.2466666666
185893,374000.0,373854.98
185894,1030000.0,1108108.5866666667
185895,580000.0,555488.6333333333
185896,750000.0,751865.6
185897,525000.0,525457.0333333333
185898,2500000.0,2443184.2466666666
185899,950000.0,900250.4466666667
185900,1180000.0,1254212.33
185901,560000.0,654154.9633333334
185902,1625000.0,1258252.5733333332
185903,2700.0,2262.1833333333334
185904,1850000.0,1546910.3333333333
185905,6500.0,8531.83
185906,1260000.0,1194869.3333333333
185907,1600000.0,1257396.85
185908,434500.0,409538.6
185909,995000.0,718240.2166666667
185910,1545000.0,1232360.8233333332
185911,3250.0,3367.558888888889
185912,768000.0,773530.5416666666
185913,489000.0,519271.38666666666
185914,1600000.0,1642161.94
185915,401000.0,330583.72699999996
185916,339000.0,386423.3333333333
185917,598300.0,594311.1666666666
185918,466990.0,458998.72
185919,1900000.0,1902868.7666666666
185920,560900.0,541275.2333333333
185921,1234000.0,1327239.5766666667
185922,965000.0,1569349.5166666666
185923,375000.0,423735.18666666665
185924,1240000.0,1094331.5166666666
185925,805000.0,801812.53
185926,1905000.0,2174947.5
185927,4100.0,3682.0033333333336
185928,1370000.0,1741665.9
185929,795000.0,1009356.1633333333
185930,829500.0,893058.1133333333
185931,420000.0,424333.79333333333
185932,455000.0,429946.75
185933,450000.0,431100.41
185934,1165000.0,986624.2533333333
185935,950000.0,982813.6666666666
185936,415000.0,393862.76666666666
185937,2895000.0,2757801.2466666666
185938,2150.0,2194.206111111111
185939,390000.0,415034.44333333336
185940,1000000.0,883795.3333333334
185941,170000.0,315256.53
185942,557500.0,550929.8166666667
185943,4095.0,4007.0133333333333
185944,750000.0,830531.7933333333
185945,725000.0,755373.7766666666
185946,2375000.0,2667286.17
185947,1285000.0,1094484.61
185948,835000.0,920016.7
185949,1530000.0,1337932.6
185950,2250000.0,2057479.1633333333
185951,3350.0,3411.7
185952,950000.0,1800376.7933333332
185953,545000.0,625096.7666666667
185954,5500.0,7482.533333333334
185955,620000.0,556548.4566666667
185956,650000.0,660698.0633333334
185957,9300.0,7915.1033333333335
185958,3300.0,3640.8
185959,3325000.0,2148489.1666666665
185960,299000.0,401246.49333333335
185961,390000.0,532106.3333333334
185962,505000.0,500622.3377777778
185963,400000.0,406015.0733333333
185964,2450000.0,2336053.2133333334
185965,3650000.0,4158200.7222222215
185966,2018000.0,1640939.9875
185967,399000.0,430499.44666666666
185968,1825.0,2148.80917989418
185969,935000.0,1012356.04
185970,2060000.0,1983175.9166666667
185971,500000.0,483640.99333333335
185972,1510000.0,1904492.1166666667
185973,1070000.0,994677.2433333333
185974,965000.0,911434.3333333334
185975,1725000.0,2115955.2733333334
185976,1715000.0,1393154.4033333333
185977,2125000.0,2705600.0
185978,440000.0,496649.86666666664
185979,715000.0,743980.6566666666
185980,380000.0,383686.72866666666
185981,520000.0,481859.6
185982,2000000.0,2017857.46
185983,2725000.0,2484790.29
185984,618000.0,623415.7616666667
185985,9110000.0,4717789.033333333
185986,515000.0,508066.2366666667
185987,1225215.0,1293098.7033333334
185988,1000000.0,829487.4933333333
185989,580000.0,601089.78
185990,875000.0,1034843.9318333333
185991,10000.0,10543.3125
185992,805000.0,1197283.4766666666
185993,779000.0,803803.2633333333
185994,430000.0,524518.4833333333
185995,1035000.0,1000899.6133333333
185996,7000.0,6425.533333333334
185997,713000.0,1096998.8666666667
185998,720000.0,453276.66
185999,540000.0,679660.8766666667
186000,1500.0,1832.4170370370366
186001,685000.0,670791.96
186002,1215000.0,1146298.19
186003,45000.0,25297.111111111113
186004,639990.0,678935.5370666666
186005,262200.0,259189.79333333333
186006,520000.0,655327.1
186007,1300000.0,1297222.1066666667
186008,1650000.0,1610277.95
186009,2800.0,2991.326666666667
186010,1250000.0,1036126.0766666667
186011,1010000.0,1097241.7033333334
186012,722500.0,735740.28
186013,1380000.0,1237004.0233333334
186014,2300000.0,1917555.92
186015,933500.0,970307.5333333333
186016,4700.0,5138.25
186017,2525.0,2669.48
186018,2500.0,2415.016666666667
186019,675000.0,668003.4366666666
186020,635000.0,673495.0833333334
186021,435000.0,470695.33666666667
186022,750000.0,746711.48
186023,3150.0,3161.323888888889
186024,599990.0,626012.1666666666
186025,895000.0,758506.4666666667
186026,3000.0,3128.866666666667
186027,1950000.0,1554061.4666666666
186028,3150000.0,2881084.5966666667
186029,525000.0,514640.1566666667
186030,415000.0,343383.8466666667
186031,2250.0,2368.287777777778
186032,1900000.0,2102666.6666666665
186033,439999.0,481503.0466666667
186034,430000.0,516444.0966666667
186035,1245000.0,1255021.9166666667
186036,787500.0,1231543.4666666666
186037,780000.0,722785.9666666667
186038,2400000.0,4090188.553333333
186039,700000.0,709418.3466666667
186040,899000.0,884775.0
186041,1875000.0,3048129.6533333333
186042,1140000.0,1395498.82
186043,2900.0,2312.355555555556
186044,1210000.0,2059391.31
186045,230000.0,250300.32666666666
186046,2850000.0,3207902.263333333
186047,374999.0,375482.6666666667
186048,2750.0,2766.13
186049,1200000.0,888698.5833333334
186050,1130000.0,1221026.4933333334
186051,299000.0,292505.3933333333
186052,1150000.0,1045699.0333333333
186053,630000.0,623537.9866666667
186054,1200000.0,1609665.9833333334
186055,740000.0,1023286.1066666667
186056,1705000.0,1600729.2566666666
186057,200000.0,401166.38333333336
186058,920000.0,742606.9933333333
186059,1000000.0,1731778.83
186060,624325.0,609745.8033333333
186061,2040000.0,1869725.9166666667
186062,3100000.0,3439701.1333333333
186063,860000.0,849336.6566666666
186064,1575000.0,1716374.0733333332
186065,809000.0,868192.8133333334
186066,490000.0,470187.0933333333
186067,2325000.0,1706566.17
186068,280000.0,467857.25333333336
186069,1779000.0,1672358.8096
186070,725000.0,716594.0666666667
186071,2150000.0,2591902.2066666665
186072,865000.0,1273599.19
186073,379000.0,555732.0833333334
186074,675000.0,672036.6666666666
186075,695000.0,709168.6666666666
186076,1225000.0,951673.66
186077,1375000.0,1480619.03
186078,810000.0,815819.9233333333
186079,690000.0,560537.4444444444
186080,245000.0,342267.51
186081,899999.0,796412.6866666666
186082,539990.0,528243.4
186083,515000.0,542169.3366666667
186084,4525000.0,4469454.77
186085,498500.0,514001.26666666666
186086,500000.0,571444.9633333334
186087,400000.0,334593.4066666667
186088,650000.0,670816.6633333333
186089,695000.0,685143.4833333333
186090,3450.0,3926.1352777777784
186091,725000.0,951483.21
186092,2270000.0,2090860.4333333333
186093,865000.0,880971.93
186094,495000.0,531204.9933333333
186095,335000.0,396232.30666666664
186096,1601000.0,1812008.6333333333
186097,590000.0,561704.8433333334
186098,4800000.0,4290454.75
186099,648000.0,686356.5
186100,490000.0,977399.5433333333
186101,470000.0,487370.6119761904
186102,53000.0,138022.16666666666
186103,749500.0,594633.3466666667
186104,289275.0,288324.63333333336
186105,955000.0,1011645.02
186106,2600000.0,2238298.75
186107,585000.0,598197.7777777778
186108,580000.0,750000.84
186109,2900.0,2806.82
186110,3330000.0,3510204.756666667
186111,1968000.0,2240942.9433333334
186112,560000.0,578110.0
186113,595000.0,486002.1766666667
186114,625000.0,573286.8966666666
186115,500000.0,447639.13666666666
186116,2500.0,2480.673333333333
186117,714000.0,716719.02
186118,705000.0,670646.0666666667
186119,1500000.0,1445401.7033333334
186120,550000.0,582067.3033333333
186121,209000.0,252411.83333333334
186122,2587500.0,1886857.4896666666
186123,866000.0,863832.45
186124,660000.0,961090.26
186125,997500.0,1190483.8033333332
186126,525000.0,677053.1766666666
186127,1410000.0,1172931.62
186128,1190800.0,999650.9666666667
186129,379999.0,395077.5333333333
186130,420000.0,420058.6666666667
186131,235000.0,260815.33333333334
186132,625000.0,707799.3333333334
186133,5700.0,6483.6
186134,40000.0,398847.5833333333
186135,950000.0,1013188.0522222221
186136,1900.0,2485.0627000000004
186137,2250.0,3105.2888888888892
186138,566660.0,562790.45
186139,270000.0,329451.4266666667
186140,561021.0,538941.2466666667
186141,400000.0,415188.88666666666
186142,637700.0,763184.6666666666
186143,454000.0,728943.2633333333
186144,710000.0,675044.231111111
186145,240000.0,310266.3333333333
186146,450000.0,352584.51
186147,790000.0,836576.62
186148,575000.0,608600.091111111
186149,531900.0,413858.32
186150,505000.0,530378.36
186151,249000.0,256159.40666666668
186152,757500.0,828351.3533333334
186153,7000000.0,3546212.6666666665
186154,3400.0,3423.2833333333333
186155,1220000.0,1169664.737777778
186156,730000.0,1150904.9566666668
186157,1249000.0,1091312.4833333334
186158,1125000.0,1436305.4666666666
186159,5661935.5,1987404.9974666666
186160,3700.0,3757.846666666667
186161,805000.0,803328.01
186162,975000.0,1427055.67
186163,1840000.0,1767030.37
186164,458000.0,588463.5127777779
186165,440000.0,425110.5933333333
186166,575000.0,562546.1666666666
186167,805000.0,898900.2359999998
186168,415900.0,560485.0
186169,238000.0,296108.35333333333
186170,765000.0,782905.1119047619
186171,1150000.0,1240021.2711111112
186172,1210000.0,1042171.5092777779
186173,1137500.0,963164.7333333333
186174,370000.0,631112.22
186175,780000.0,780893.3333333334
186176,3295.0,3500.5266666666666
186177,3235000.0,3367171.803333333
186178,429000.0,387422.43666666665
186179,4000000.0,3384650.8845666666
186180,655000.0,830677.71
186181,141500.0,326040.5933333333
186182,4700.0,4930.783333333333
186183,990780.0,1173842.7777777778
186184,501607.0,533313.8033333333
186185,630232.0,585079.6733333333
186186,4200.0,5574.05
186187,734000.0,662334.66
186188,650000.0,641726.0933333334
186189,1029000.0,995002.85
186190,445000.0,444413.32666666666
186191,449000.0,562710.7633333333
186192,1098888.0,975554.2353333334
186193,930000.0,1018816.3133333334
186194,4250.0,4481.1033333333335
186195,3000.0,2972.633333333333
186196,1075000.0,1244246.12
186197,980000.0,987782.34
186198,515000.0,518862.91333333333
186199,875000.0,1366627.4966666666
186200,562900.0,558588.9533333334
186201,600000.0,857872.7666666667
186202,2700000.0,3152195.763333333
186203,580000.0,615173.9033333333
186204,2450000.0,1771572.06
186205,1518500.0,1807649.6233333333
186206,1665000.0,1423850.2533333334
186207,2585000.0,2602995.6591666667
186208,260000.0,285461.93333333335
186209,560000.0,649109.6466666666
186210,525000.0,717775.1666666666
186211,7500.0,9340.716666666669
186212,1750000.0,1151343.0
186213,515995.0,529720.6666666666
186214,485555.0,506889.498
186215,330000.0,444136.92333333334
186216,8889.0,332253.00333333336
186217,3750.0,3710.1522222222216
186218,2040.0,2138.587777777778
186219,10000.0,9748.044444444444
186220,2420.0,2485.3227777777774
186221,400000.0,437478.8257777778
186222,1545.0,1812.4252777777783
186223,523990.0,545111.92
186224,750000.0,916461.0
186225,400000.0,415797.4444444445
186226,2800.0,2676.091111111111
186227,650000.0,768858.4666666667
186228,849000.0,1134443.95
186229,416000.0,394417.5266666667
186230,499000.0,534245.8066666666
186231,429000.0,386972.29333333333
186232,470000.0,453579.93666666665
186233,645000.0,551994.0
186234,522000.0,582654.1033333334
186235,330000.0,293182.3333333333
186236,2175000.0,1717667.1633333333
186237,700000.0,372129.0133333333
186238,630000.0,676541.7533333333
186239,353000.0,386007.3333333333
186240,5600.0,5211.623333333333
186241,535000.0,546780.52
186242,585000.0,643884.4277777777
186243,530000.0,488036.23333333334
186244,1845000.0,1840329.4266666668
186245,492500.0,573251.7866666666
186246,300000.0,283157.0
186247,230000.0,561860.13
186248,145000.0,150434.55555555556
186249,1510000.0,1450683.5088888889
186250,1245000.0,863899.6633333333
186251,660000.0,571830.3966666666
186252,1250000.0,1245939.3266666667
186253,1070000.0,1110175.3833333333
186254,650000.0,645058.6033333334
186255,333000.0,321126.3333333333
186256,1625000.0,1835695.5422222225
186257,350000.0,302091.33
186258,307500.0,270608.2
186259,2900.0,3349.8333333333335
186260,705000.0,632216.2333333333
186261,3250000.0,3034893.7933333335
186262,550000.0,658225.9233333333
186263,630000.0,740667.04
186264,850000.0,874988.2890476191
186265,1150000.0,1277096.1633333333
186266,808000.0,857535.9411111111
186267,2600.0,2371.41
186268,862000.0,1144116.54
186269,965000.0,1050524.1933333334
186270,950000.0,1097205.8333333333
186271,445000.0,367637.14
186272,3625000.0,3057354.75
186273,965000.0,940068.2804999999
186274,705000.0,701497.26
186275,341500.0,378057.63333333336
186276,685000.0,677188.8666666667
186277,3550.0,3752.0866666666666
186278,435000.0,468696.6666666667
186279,2700.0,3393.818333333333
186280,2120000.0,1936458.1957333335
186281,715000.0,716763.6633333333
186282,425000.0,431297.06
186283,16900.0,14489.711111111113
186284,3750.0,3737.58
186285,535000.0,563494.8666666667
186286,857000.0,796239.8
186287,470000.0,460134.08
186288,3500.0,3386.38
186289,609000.0,667475.6733333333
186290,2250000.0,1493461.4866666666
186291,342000.0,297248.65
186292,1245000.0,1441076.6957333335
186293,2100000.0,1918665.7333333334
186294,594990.0,587629.65
186295,1600000.0,1470673.8633333333
186296,600000.0,645675.0
186297,452000.0,466702.0833333333
186298,1535000.0,1639128.2233333334
186299,1485000.0,1487259.4533333334
186300,2440000.0,1883925.4166666667
186301,265000.0,245138.01333333334
186302,625000.0,621314.9833333333
186303,725000.0,761260.6666666666
186304,1080000.0,937170.7866666666
186305,2700.0,3014.1966666666667
186306,2350.0,2079.860404040404
186307,1500.0,2694.8755555555554
186308,510000.0,505327.55333333334
186309,440000.0,525045.6266666667
186310,860000.0,939894.5
186311,1155000.0,1241178.45
186312,740000.0,741674.2333333333
186313,300000.0,282137.69666666666
186314,692000.0,653730.5933333334
186315,1850.0,1907.0633333333333
186316,1699000.0,1416359.39
186317,320000.0,334396.0
186318,900000.0,1389387.8966666667
186319,3000.0,3461.5833333333335
186320,700000.0,999098.5166666667
186321,1400000.0,1493402.8833333333
186322,652000.0,373197.34
186323,5500.0,6622.986666666667
186324,470000.0,477087.7033333333
186325,7995.0,6484.236666666667
186326,2150.0,2203.5466666666666
186327,1105000.0,1208742.8266666667
186328,2000000.0,2004436.45
186329,2050.0,2021.7928998779
186330,1340000.0,1748265.7602777777
186331,839000.0,801891.8111111111
186332,1345900.0,1434436.0733333332
186333,6500.0,9727.198888888888
186334,585000.0,588199.59
186335,1650000.0,1035402.4433333334
186336,1700000.0,1899930.6365000003
186337,790000.0,695744.3666666667
186338,497500.0,924423.7166666667
186339,260000.0,474962.6566666667
186340,1283000.0,1093957.52
186341,340000.0,388190.33666666667
186342,430000.0,436379.6666666667
186343,470000.0,476402.44555555563
186344,5295000.0,3667165.7644444443
186345,735000.0,506410.44333333336
186346,760000.0,650794.5866666667
186347,460000.0,582332.66
186348,1330000.0,1190705.6333333333
186349,825000.0,711795.0266666666
186350,2595.0,2919.075
186351,800000.0,962732.1366666667
186352,450000.0,429821.7266666667
186353,2275000.0,2061764.3766666667
186354,1260000.0,1253576.3433333333
186355,419000.0,1127409.1766666668
186356,610000.0,650622.0
186357,650000.0,375690.0725
186358,1350000.0,1209338.6366666667
186359,233000.0,232029.0
186360,563825.0,538671.8933333333
186361,1498000.0,1960730.8266666667
186362,399900.0,348312.2266666667
186363,670000.0,743826.75
186364,1200000.0,1217266.5033333334
186365,2900.0,3080.8333333333335
186366,633000.0,694367.44
186367,730000.0,874458.97
186368,1800000.0,1859794.09
186369,370000.0,391075.92333333334
186370,1050000.0,1263553.4166666667
186371,690000.0,767909.5833333334
186372,426000.0,483656.5
186373,1670000.0,3647364.1566666667
186374,780000.0,612295.68
186375,640000.0,398715.0
186376,307500.0,406326.01666666666
186377,430000.0,439936.26666666666
186378,1910000.0,2051224.6166666667
186379,3351000.0,2697089.993333333
186380,565000.0,578099.21
186381,540000.0,570028.7933333333
186382,3100.0,2681.8577777777778
186383,505000.0,516744.61333333334
186384,1395000.0,1590832.4833333334
186385,1520000.0,1505779.3333333333
186386,1036000.0,1551862.1466666667
186387,685000.0,689153.3833333333
186388,214000.0,146866.71999999997
186389,1615000.0,2297977.8933333335
186390,3525000.0,3039412.59
186391,1895000.0,1235613.1733333333
186392,725000.0,790553.97
186393,2440000.0,2607927.332222222
186394,293550.0,526162.6355555556
186395,563390.0,569422.0533333333
186396,1325000.0,1320588.06
186397,1050000.0,787446.14
186398,840000.0,872786.6333333333
186399,620000.0,665482.6666666666
186400,779900.0,711549.3233333334
186401,485000.0,559381.26
186402,2100.0,2315.4047777777787
186403,4800.0,5195.81
186404,775000.0,762624.6733333333
186405,2700.0,2842.633333333333
186406,219900.0,218480.33333333334
186407,1180000.0,1131442.0066666666
186408,2695.0,2834.9966666666664
186409,6000.0,3948.8933333333325
186410,496534.0,507106.26
186411,16500.0,20305.822222222225
186412,725000.0,691056.6633333333
186413,199000.0,132378.33333333334
186414,694000.0,699860.8966666666
186415,865000.0,746015.25
186416,645000.0,774973.46
186417,2460000.0,2430445.58
186418,3500.0,4154.09
186419,685000.0,731498.9966666667
186420,807500.0,868465.56
186421,502000.0,647230.4933333333
186422,975000.0,959640.5666666667
186423,9500.0,13532.54
186424,350000.0,431794.16333333333
186425,495000.0,397570.7266666667
186426,720000.0,671893.78
186427,5900.0,5469.366666666667
186428,4300.0,4642.846666666666
186429,950000.0,854378.18
186430,430000.0,434131.28
186431,809000.0,933589.2
186432,657000.0,621715.0
186433,372000.0,395701.74666666664
186434,370000.0,365694.94333333336
186435,599000.0,582902.49
186436,535000.0,529001.8866666667
186437,1530525.0,1228284.2666666666
186438,3000000.0,3935103.4266666668
186439,5900.0,5040.183333333333
186440,24500000.0,4633432.906666666
186441,3850.0,3787.443333333333
186442,926500.0,1103808.4266666668
186443,5500.0,5984.506666666667
186444,850000.0,809908.3033333333
186445,185000.0,216562.43666666668
186446,3350000.0,4093130.15
186447,304999.0,319970.43333333335
186448,5150.0,5338.526666666667
186449,19995.0,17565.45
186450,425000.0,443542.4733333333
186451,400000.0,375725.37666666665
186452,825.0,1717.6144444444444
186453,605000.0,611537.4966666667
186454,700000.0,771969.3866666667
186455,4950.0,4968.24
186456,423000.0,375919.9377777778
186457,473000.0,480350.56666666665
186458,1299000.0,921075.0666666667
186459,450000.0,480196.67
186460,2600.0,2675.59
186461,1610000.0,1487778.3333333333
186462,1400000.0,1788632.8866666667
186463,899900.0,918619.6366666667
186464,735000.0,715540.6333333333
186465,2350.0,2266.567222222222
186466,490000.0,564423.0
186467,925000.0,836144.5633333334
186468,745000.0,895072.6
186469,670000.0,746032.45
186470,635000.0,672483.2766666666
186471,819000.0,784640.2066666667
186472,1935000.0,1969184.25
186473,159900.0,205738.03333333333
186474,2195000.0,1854655.3
186475,494000.0,505674.47
186476,1155000.0,1046982.0044444446
186477,2250000.0,2705578.2675
186478,299900.0,268290.75396825396
186479,1580000.0,1345285.3333333333
186480,720000.0,663798.6
186481,1600.0,64627.41583333333
186482,1670000.0,1445793.55
186483,820000.0,879776.5566666666
186484,725000.0,717424.6666666666
186485,1090000.0,894419.6066666667
186486,1100000.0,1491193.45
186487,500000.0,571838.0066666667
186488,1614000.0,1919784.9533333334
186489,1388000.0,1423281.1666666667
186490,2300.0,2123.5478571428575
186491,650000.0,683176.8533333334
186492,860000.0,997217.1833333333
186493,560000.0,504506.8333333333
186494,3650.0,3075.45
186495,2100.0,2148.8919047619047
186496,87000.0,279067.2633333333
186497,420000.0,428629.65555555554
186498,1915000.0,1900281.9233333333
186499,330000.0,331919.74333333335
186500,465000.0,542171.7533333333
186501,1494999.0,1285508.8866666667
186502,600000.0,797229.87
186503,860000.0,2348500.4033333333
186504,405000.0,482206.5
186505,740000.0,696062.0
186506,380000.0,376525.1666666667
186507,2300000.0,2836622.6166666667
186508,1600000.0,1425305.9166666667
186509,1383000.0,1473869.47
186510,605000.0,618757.19
186511,765000.0,774530.6666666666
186512,4900.0,5679.203333333333
186513,630000.0,635734.6666666666
186514,2495000.0,2427256.44
186515,720000.0,756247.3266666667
186516,446000.0,578526.6566666666
186517,890000.0,1012953.2566666667
186518,1375000.0,1424712.45
186519,5700.0,5523.723333333333
186520,2350.0,2961.73
186521,4850000.0,2419620.15
186522,465000.0,562041.4233333333
186523,710000.0,771899.0277777778
186524,812000.0,766520.3666666667
186525,540000.0,586399.44
186526,263000.0,448102.6666666667
186527,765000.0,771231.3333333334
186528,347500.0,315053.99666666664
186529,460000.0,424748.0
186530,761000.0,707494.3455555555
186531,700000.0,683957.37
186532,1550000.0,1356377.8233333332
186533,980000.0,1180742.41
186534,2750.0,2809.2033333333334
186535,1130000.0,929312.5
186536,521300.0,587268.0304
186537,978000.0,721967.9033333333
186538,536000.0,597442.6333333333
186539,839900.0,763541.5433333333
186540,900000.0,823688.84
186541,2560000.0,2695806.86
186542,535000.0,575583.6033333334
186543,5125000.0,3318834.533333333
186544,720000.0,781484.6833333333
186545,470000.0,453749.0544444445
186546,1375000.0,1418680.14
186547,2710000.0,3912048.97
186548,295000.0,307370.3333333333
186549,7495.0,8246.766666666666
186550,556364.0,560910.6
186551,1000000.0,1279438.4133333333
186552,675000.0,757017.77
186553,1300000.0,1635979.283
186554,440000.0,532383.1366666667
186555,1999900.0,1424373.8666666667
186556,38000.0,84605.66666666667
186557,850000.0,806857.7433333333
186558,521610.0,534762.7933333333
186559,360000.0,345135.9666666667
186560,291500.0,295622.08
186561,1120000.0,1175326.8233333332
186562,630000.0,614729.45
186563,1150000.0,1254710.8766666667
186564,860000.0,822928.7633333333
186565,450000.0,470286.6066666667
186566,565000.0,519615.1666666667
186567,1359000.0,1359995.6666666667
186568,830000.0,983546.3366666667
186569,465000.0,472032.6666666667
186570,4000.0,4713.45
186571,1156000.0,1186417.82
186572,1535000.0,1646781.0233333334
186573,529000.0,759864.7533333333
186574,598000.0,596647.6133333333
186575,1145000.0,954360.98
186576,18950.0,14502.994444444443
186577,592000.0,598890.3033333333
186578,1825000.0,1851644.9733333334
186579,735000.0,701699.0933333334
186580,775000.0,797335.56
186581,860000.0,895106.3733333333
186582,315000.0,419622.0
186583,585000.0,609687.53
186584,899999.0,984817.39
186585,400000.0,451340.11333333334
186586,694000.0,671719.6666666666
186587,445000.0,430835.9
186588,450000.0,571246.2266666667
186589,185000.0,235600.0
186590,825000.0,1025602.5
186591,725000.0,720483.0
186592,510000.0,514304.5
186593,1750000.0,1779599.9366666668
186594,990000.0,975806.2233333334
186595,585000.0,698137.5933333334
186596,1925000.0,1714456.09
186597,705000.0,508707.44933333335
186598,2800.0,2836.94
186599,775000.0,791961.9533333334
186600,449000.0,409578.9766666667
186601,869000.0,905165.0833333334
186602,1850000.0,2019573.31
186603,353000.0,365447.62666666665
186604,2400000.0,2468763.763333333
186605,860000.0,872188.0466666666
186606,350000.0,346937.85333333333
186607,700000.0,815841.6388888889
186608,2125000.0,1660063.7666666666
186609,5000000.0,4859639.793333333
186610,835000.0,844103.0
186611,600000.0,585783.3533333334
186612,909900.0,986876.0
186613,918925.0,848294.8466666667
186614,870000.0,869815.4833333333
186615,400000.0,412038.49666666664
186616,595000.0,589841.87
186617,350000.0,419338.9444444445
186618,6000000.0,5032680.333333333
186619,2435000.0,1539589.2466666666
186620,229500.0,505524.3333333333
186621,507840.0,539941.2566666667
186622,1167000.0,1138069.4666666666
186623,575000.0,577581.7633333333
186624,1950000.0,2329074.1633333336
186625,310000.0,368475.3333333333
186626,210000.0,205802.0
186627,845000.0,454170.26666666666
186628,564060.0,563402.5833333334
186629,1850.0,2016.0430158730157
186630,590000.0,584836.0333333333
186631,560000.0,523403.29333333333
186632,3400000.0,3578298.64
186633,555000.0,652168.7377777777
186634,1586300.0,1417720.58
186635,1900.0,2336.1266666666666
186636,1187340.0,1314951.2433333334
186637,1050000.0,989212.5166666667
186638,952500.0,1034002.6666666666
186639,3135000.0,3000893.6866666665
186640,2275000.0,2330071.6533333333
186641,1285000.0,1393209.3366666667
186642,4200000.0,4511987.361111111
186643,330000.0,403552.9
186644,1665000.0,2460671.5633333335
186645,1400000.0,1530054.2533333334
186646,480000.0,414678.5833333333
186647,40000.0,28047.173333333332
186648,555000.0,573220.5033333333
186649,1050000.0,1358493.8266666667
186650,1449000.0,1091664.0
186651,1335000.0,1505449.1666666667
186652,318000.0,275784.56
186653,1010000.0,697563.8766666667
186654,1872000.0,1844727.8533333333
186655,2300.0,2519.9222222222224
186656,855000.0,977557.9966666667
186657,835000.0,828300.3566666667
186658,1640000.0,1982476.775
186659,1249999.0,1050424.1666666667
186660,704000.0,726200.0
186661,900000.0,1143466.2777777778
186662,4550000.0,2316252.9366666665
186663,825000.0,845897.33
186664,4150.0,4300.285000000001
186665,129000.0,218750.33
186666,313000.0,275106.1666666667
186667,695000.0,717903.4866666667
186668,2830000.0,2688856.8133333335
186669,1125000.0,1068372.55
186670,640000.0,653444.8
186671,3500000.0,2993322.56
186672,8000.0,10679.26
186673,189900.0,176393.20666666667
186674,690000.0,649204.0
186675,980000.0,966195.9133333333
186676,727000.0,668942.85
186677,675000.0,634044.0966666667
186678,610000.0,845543.02
186679,530000.0,567032.1433333333
186680,634999.0,562595.4366666666
186681,12500.0,9190.649166666666
186682,370000.0,410193.82444444444
186683,718000.0,875843.0766666667
186684,299800.0,432679.3333333333
186685,830000.0,888600.4833333333
186686,750000.0,680930.1666666666
186687,1350000.0,1942198.1666666667
186688,670000.0,627608.25
186689,635000.0,780772.3033333333
186690,300000.0,285023.1666666667
186691,8000.0,8618.233333333334
186692,765000.0,823224.4833333333
186693,400000.0,466550.9166666667
186694,2400.0,2312.03
186695,787609.0,718329.38
186696,320000.0,347079.8333333333
186697,2280000.0,2344221.92
186698,575000.0,548537.13
186699,545000.0,614464.2433333333
186700,870000.0,808218.7133333334
186701,2050000.0,1871963.5566666666
186702,515000.0,458297.1
186703,16500.0,12384.676666666666
186704,425000.0,401639.9855555555
186705,770000.0,800616.83
186706,970000.0,949142.7533333333
186707,620000.0,619600.4633333334
186708,800000.0,868675.8177777777
186709,489000.0,411298.68333333335
186710,675000.0,684241.5
186711,1530000.0,1687475.13
186712,1045005.0,987184.0666666667
186713,2615000.0,2382632.88
186714,230000.0,258131.66666666666
186715,1255824.0,1254529.0866666667
186716,2288000.0,2422253.3333333335
186717,1700000.0,1431272.4966666666
186718,450000.0,429186.93333333335
186719,5475.0,5492.28
186720,526500.0,505806.81333333335
186721,390000.0,323762.8333333333
186722,460000.0,580105.0866666667
186723,2360000.0,3095026.743333333
186724,148375.0,544768.0
186725,1100000.0,1150469.0166666666
186726,635000.0,647351.8
186727,16000.0,15322.005555555554
186728,3495.0,4970.75
186729,550000.0,570788.5333333333
186730,1070000.0,1004942.3866666667
186731,1150000.0,1402604.6666666667
186732,1200000.0,1157545.5566666666
186733,1549000.0,1431633.06
186734,1000000.0,1176049.26
186735,3350.0,3490.8333333333335
186736,2980.0,2807.0333333333333
186737,205000.0,241797.88492063488
186738,4200.0,4293.616666666667
186739,650000.0,776911.4866666667
186740,1200000.0,973947.72
186741,2700000.0,2467435.513333333
186742,2400000.0,2210538.0866666664
186743,4745000.0,2556773.8233333332
186744,1275000.0,1379282.3466666667
186745,299000.0,286683.8233333333
186746,650000.0,772878.0
186747,1640265.0,1524769.0766666667
186748,1000000.0,1042364.8
186749,1488651.0,1413028.4533333334
186750,1175000.0,1048970.3966666667
186751,1625000.0,1298064.0153333335
186752,80000.0,311437.61333333334
186753,1600977.0,1586190.2366666666
186754,535000.0,522230.64
186755,2225.0,2283.61
186756,360000.0,446238.3333333333
186757,1600000.0,1875122.3433333333
186758,890000.0,1019237.4333333333
186759,724000.0,685689.08
186760,1900000.0,1641049.5833333333
186761,3500000.0,3449060.243333333
186762,3000.0,2932.446977777778
186763,579000.0,534776.2844444445
186764,640000.0,636996.12
186765,2200.0,2288.6579166666666
186766,325000.0,354754.94333333336
186767,482000.0,538165.5
186768,240000.0,217397.78333333333
186769,539000.0,591337.38
186770,429000.0,438135.5
186771,205000.0,677606.3855555556
186772,10000.0,10787.343333333334
186773,445000.0,488594.3
186774,910000.0,918330.8333333334
186775,4380.0,4521.7
186776,877000.0,783510.3333333334
186777,9995.0,9683.277766666666
186778,445000.0,360223.4603333333
186779,3800.0,3482.655793650794
186780,365000.0,586681.7276
186781,12900000.0,4745245.876666667
186782,262500.0,246652.08
186783,680000.0,704892.99
186784,475000.0,389357.55555555556
186785,3600000.0,3572902.1366666667
186786,1160000.0,1223557.45
186787,549000.0,479774.75
186788,4500.0,3617.6066666666666
186789,1200000.0,1050589.6666666667
186790,3231882.0,3003372.6633333336
186791,460000.0,1253494.7733333334
186792,60000.0,197591.76666666666
186793,750000.0,762565.0
186794,445000.0,558110.35
186795,580000.0,622968.3
186796,265000.0,377507.94666666666
186797,80000.0,155800.77
186798,550000.0,613914.2366666667
186799,254000.0,287119.3333333333
186800,2775.0,3595.1766666666667
186801,192000.0,311816.8136666666
186802,2000000.0,1246395.5966666667
186803,835000.0,866482.9166666666
186804,1190000.0,1570490.0
186805,1250000.0,1384007.7333333334
186806,970000.0,1390071.0933333333
186807,1335000.0,1327577.4866666666
186808,1398000.0,1377318.16
186809,570000.0,681734.5733333334
186810,3300.0,3598.8675
186811,4887500.0,4289734.733333333
186812,465000.0,448397.06666666665
186813,785000.0,846125.3966666666
186814,290000.0,329038.69
186815,6600.0,5483.39
186816,1580000.0,1536296.5866666667
186817,249900.0,309093.8333333333
186818,1575000.0,1831965.1151666665
186819,2450000.0,1763681.74
186820,780000.0,824783.5666666667
186821,716000.0,753598.3
186822,436000.0,464549.1666666667
186823,595000.0,566059.1666666666
186824,572000.0,617210.9877777777
186825,1919000.0,1827534.14
186826,285000.0,324943.51666666666
186827,483090.0,506313.4733333333
186828,962000.0,1055214.5766666667
186829,6578000.0,3970493.276666667
186830,1710000.0,1997681.4866666666
186831,637000.0,663964.0666666667
186832,875000.0,698912.9833333333
186833,657400.0,842173.3333333334
186834,295900.0,310032.52
186835,520000.0,483843.32666666666
186836,1800000.0,2148787.6866666665
186837,485000.0,619654.4252380952
186838,515000.0,569706.8133333334
186839,770000.0,800424.2833333333
186840,730000.0,1055309.2466666666
186841,3100.0,3264.7477777777776
186842,585000.0,583695.4766666667
186843,1495000.0,1232523.21
186844,830000.0,936034.09
186845,307000.0,262795.3233333333
186846,700000.0,735713.62
186847,611000.0,689770.1822222222
186848,1199999.0,1096569.3333333333
186849,390000.0,328593.42
186850,1295000.0,1478772.3144444444
186851,1050000.0,982709.1066666667
186852,970000.0,872330.9233333333
186853,1920000.0,1840922.9233333333
186854,155000.0,199020.66666666666
186855,2330000.0,1855830.0
186856,400000.0,389836.92333333334
186857,700000.0,661558.96
186858,442900.0,300584.3333333333
186859,700000.0,704284.5
186860,410000.0,326000.5
186861,95000.0,156094.16666666666
186862,515000.0,443548.0
186863,620000.0,581778.9866666667
186864,710000.0,685676.7933333333
186865,380000.0,386271.74666666664
186866,779000.0,699007.2466666667
186867,850000.0,1009704.87
186868,1487500.0,1590658.87
186869,579740.0,568738.33
186870,650000.0,568727.5933333334
186871,489000.0,463677.2222222223
186872,733000.0,687160.12
186873,2225000.0,2049859.9733333334
186874,480000.0,597376.3333333334
186875,607900.0,594710.7266666667
186876,224000.0,334258.49333333335
186877,1120000.0,1047702.1255555556
186878,1340000.0,1242771.7806666666
186879,1749.0,1901.6366666666668
186880,370000.0,516258.31333333335
186881,650000.0,688588.5533333333
186882,575000.0,702542.7666666667
186883,800000.0,728860.3
186884,125000.0,180684.33
186885,2995.0,3604.3933333333334
186886,310000.0,383584.3333333333
186887,3300.0,3773.5436111111107
186888,810000.0,842517.6666666666
186889,825000.0,953223.987777778
186890,629500.0,646926.9444444444
186891,1200000.0,1120324.1133333333
186892,642000.0,661077.1033333334
186893,1600.0,1692.5944444444444
186894,1899990.0,1892892.2
186895,2800.0,2813.286666666667
186896,607500.0,797245.1633333333
186897,435000.0,528988.6666666666
186898,930000.0,572334.4933333333
186899,799000.0,898987.66
186900,1300.0,5324.53
186901,6995.0,6821.623333333333
186902,540000.0,593605.4633333334
186903,610000.0,646661.76
186904,705000.0,715860.0
186905,2900000.0,3944573.0566666666
186906,2750000.0,2704723.703333333
186907,1490000.0,1295534.3333333333
186908,2400.0,2365.321111111111
186909,7000.0,8676.216666666667
186910,370000.0,396583.15
186911,735000.0,703915.0
186912,1600000.0,1760249.3833333333
186913,535000.0,459926.6742666667
186914,1080000.0,1214654.9166666667
186915,2250.0,2669.213333333333
186916,690000.0,731840.0
186917,505000.0,591553.0533333333
186918,400000.0,396809.75333333336
186919,2075000.0,1693454.5
186920,1055000.0,981763.2
186921,795000.0,744243.2444444444
186922,545000.0,547659.5733333334
186923,435000.0,559500.05
186924,3200.0,3450.6366666666668
186925,2000.0,1955.3555555555558
186926,290000.0,324533.3333333333
186927,700000.0,710118.6433333333
186928,35000.0,8107.110234920636
186929,1518000.0,1659534.62
186930,1750000.0,1881371.8598666673
186931,1385000.0,1209096.3466666667
186932,265000.0,281870.6666666667
186933,427000.0,523095.0
186934,715000.0,850517.0
186935,810000.0,934346.3
186936,995000.0,1030373.5966666667
186937,743000.0,1082123.3833333333
186938,275000.0,302065.3466666667
186939,1600000.0,1755784.4266666668
186940,1392000.0,1449051.0366666666
186941,1290000.0,1692835.3533333333
186942,855000.0,726741.6666666666
186943,390000.0,386569.57
186944,935000.0,1054523.2366666666
186945,2695.0,3020.0316666666668
186946,550000.0,542452.6266666667
186947,2720000.0,3038293.26
186948,475000.0,469951.57666666666
186949,725000.0,761252.6733333333
186950,655000.0,516478.3333333333
186951,810000.0,758113.3333333334
186952,428000.0,441286.4666666667
186953,1925000.0,2336307.603666667
186954,1098000.0,951275.78
186955,5000.0,3798.647222222222
186956,715000.0,652233.2666666667
186957,295000.0,334634.2188888889
186958,6495.0,5698.1
186959,597039.0,591789.3833333333
186960,430000.0,461703.3333333333
186961,6200.0,6641.707777777778
186962,785000.0,797781.8333333334
186963,423500.0,381283.2133333333
186964,905000.0,1206261.6666666667
186965,1100000.0,1013356.72
186966,475000.0,504762.24333333335
186967,777000.0,916187.6833333333
186968,515900.0,515805.63
186969,525000.0,393779.38
186970,2660000.0,2290730.283333333
186971,670000.0,647148.93
186972,715000.0,1056921.2786666667
186973,700000.0,712008.73
186974,230000.0,269264.81333333335
186975,4250000.0,4137647.49
186976,2548000.0,1656571.1666666667
186977,773000.0,703130.9933333333
186978,990000.0,969605.6711111111
186979,370000.0,427035.75333333336
186980,1690000.0,1658239.3133333332
186981,1040000.0,923289.0755555554
186982,9500.0,8702.943333333333
186983,700000.0,883669.4833333333
186984,2110000.0,1573512.35
186985,170000.0,174372.29333333333
186986,605000.0,596669.1
186987,5252000.0,4304398.34
186988,1054990.0,1030562.7166666667
186989,2900.0,2410.394444444444
186990,380000.0,385850.42
186991,542500.0,606884.2533333333
186992,702000.0,670698.2866666666
186993,360000.0,305449.6666666667
186994,3600.0,3751.56
186995,2300000.0,2310245.783333333
186996,374000.0,342359.5833333333
186997,785000.0,735571.2166666667
186998,1710000.0,1590735.6533333333
186999,3920000.0,3621267.013333333
187000,775000.0,732938.4966666667
187001,6250000.0,3433695.08
187002,2180000.0,2045528.3333333333
187003,375000.0,424325.16
187004,405000.0,402356.6666666667
187005,14500000.0,4621899.533333333
187006,890000.0,1093441.4566666668
187007,380000.0,377433.66333333333
187008,4525.0,4363.4766666666665
187009,775000.0,838576.6666666666
187010,695000.0,687259.3366666667
187011,785000.0,762390.5233333333
187012,549000.0,569527.0766666667
187013,330000.0,350894.3933333333
187014,155000.0,238023.99666666667
187015,2995.0,2988.2727777777777
187016,580000.0,545286.6444444443
187017,525000.0,549236.93
187018,395000.0,365354.56666666665
187019,3380.0,3061.0266666666666
187020,450000.0,403344.69
187021,825000.0,864651.218888889
187022,510000.0,509346.86
187023,2400000.0,1606768.9633333334
187024,289900.0,219971.96666666667
187025,355000.0,386838.66333333333
187026,1620000.0,1537237.1933333334
187027,610000.0,558538.4866666667
187028,12000000.0,5011699.413333333
187029,1860000.0,1813635.01
187030,20000.0,16552.795555555553
187031,2850.0,2933.346666666667
187032,526000.0,550539.6966666667
187033,607000.0,573894.44
187034,5000.0,8418.996666666666
187035,1650.0,1898.1982539682533
187036,1430000.0,1740931.7133333334
187037,814999.0,776706.8166666667
187038,439250.0,422814.64
187039,464000.0,516604.13
187040,750000.0,752940.7633333333
187041,3750.0,3236.9966666666664
187042,114900.0,192796.99666666667
187043,340000.0,350090.67333333334
187044,5495.0,6228.350396825396
187045,700000.0,863602.0466666666
187046,3500.0,4055.693333333333
187047,940000.0,943847.82
187048,850000.0,854028.5366666666
187049,450000.0,394045.6666666667
187050,750505.0,740402.78
187051,5700.0,6153.795
187052,318000.0,478384.32
187053,247500.0,297446.66
187054,502050.0,516902.41
187055,480000.0,440735.25333333336
187056,435500.0,441601.6
187057,575000.0,571884.7533333333
187058,710000.0,678498.3333333334
187059,575000.0,504642.5
187060,6750.0,6302.274444444444
187061,649000.0,611680.8433333334
187062,506749.0,546275.8966666666
187063,466323.0,489904.7733333333
187064,575000.0,460261.9866666667
187065,660000.0,382789.17333333334
187066,2488000.0,2647243.33
187067,325000.0,399235.75333333336
187068,624325.0,611040.66
187069,1020000.0,1203704.07
187070,1150000.0,1324314.1766666668
187071,800000.0,727488.0333333333
187072,455000.0,478450.49333333335
187073,644000.0,739802.1666666666
187074,1995000.0,2667725.466666667
187075,278500.0,322028.92333333334
187076,800000.0,980984.88
187077,4650000.0,4394431.74
187078,557500.0,547633.6466666666
187079,280000.0,344214.30555555556
187080,1025000.0,1331737.5
187081,599000.0,574624.9666666667
187082,5000.0,7090.104444444445
187083,233000.0,1292799.2933333332
187084,177000.0,243583.66666666666
187085,375000.0,437285.38
187086,7600000.0,4663993.036666667
187087,523490.0,527268.7233333334
187088,3950000.0,3718044.3333333335
187089,192000.0,296389.85
187090,2675.0,3391.0491666666667
187091,600000.0,659334.0
187092,800000.0,771425.2933333333
187093,1230000.0,1172479.46
187094,19900.0,17362.47
187095,680000.0,556596.5
187096,3475.0,3820.4966666666664
187097,805000.0,812109.2622222222
187098,1975.0,3947.6766666666667
187099,557500.0,565183.08
187100,738000.0,898257.8
187101,479000.0,463223.6766666667
187102,470000.0,502596.12666666665
187103,229000.0,264595.35
187104,264716.0,780705.1666666666
187105,1405000.0,1293337.387833333
187106,2195.0,2157.0822222222223
187107,4092055.0,3565909.2333333334
187108,469900.0,472029.3333333333
187109,510000.0,573463.92
187110,530000.0,529509.0133333333
187111,467990.0,465525.4
187112,434990.0,434028.8
187113,1600000.0,1474814.7933333332
187114,1807500.0,1572320.4833333334
187115,970000.0,841205.5466666666
187116,900000.0,926976.4666666667
187117,12750.0,9318.054166666667
187118,1841750.0,1265894.2166666666
187119,544500.0,557320.3133333334
187120,645000.0,763509.4276190477
187121,537500.0,514087.6566666667
187122,2445000.0,2757365.4425
187123,714000.0,744388.2266666667
187124,605000.0,878134.7666666667
187125,790000.0,787006.6733333333
187126,485000.0,391101.72222222225
187127,586500.0,705171.2033333334
187128,1650000.0,1894876.5966666667
187129,2973000.0,2942814.29
187130,5500.0,8726.393333333333
187131,1775000.0,1915584.1691666667
187132,300000.0,407891.50299999997
187133,1790369.0,1963951.3466666667
187134,840000.0,921168.4266666666
187135,2899000.0,2363771.79
187136,635000.0,719743.8266666667
187137,290000.0,270266.3333333333
187138,3100000.0,2282675.2
187139,3200.0,3553.8102222222224
187140,6600.0,7625.987500000002
187141,5250.0,5428.683333333333
187142,444990.0,428699.14666666667
187143,4700.0,5056.304444444444
187144,948000.0,860749.79
187145,1018000.0,1074203.68
187146,580000.0,473242.9733333333
187147,645000.0,563465.12
187148,1950000.0,1686230.7066666668
187149,425000.0,419722.6666666667
187150,760000.0,740492.44
187151,2600.0,2716.1822222222218
187152,330000.0,336416.82666666666
187153,3115000.0,1881844.87
187154,440000.0,406423.3333333333
187155,735000.0,952209.3388888887
187156,579000.0,552051.6966666667
187157,244300.0,246335.97666666665
187158,3700000.0,2611146.657611111
187159,650000.0,657644.35
187160,710000.0,630366.66
187161,514900.0,600698.89
187162,519000.0,505753.05
187163,890000.0,885903.8533333334
187164,2950.0,2693.8458333333333
187165,4600.0,4464.615555555556
187166,600000.0,833839.0166666667
187167,225000.0,315244.7233333333
187168,345000.0,425324.99666666664
187169,3500000.0,3349815.546666667
187170,590000.0,526215.6666666666
187171,635000.0,631351.9166666666
187172,1510000.0,1358181.0666666667
187173,950000.0,1026993.6
187174,465000.0,467365.1533333333
187175,525000.0,442356.92699999997
187176,5400000.0,4143519.96
187177,960000.0,815214.86
187178,1035000.0,1170739.1
187179,3250.0,3018.5983333333334
187180,380000.0,381709.7866666667
187181,445000.0,384659.5
187182,938496.0,908877.2426666667
187183,540000.0,609337.1833333333
187184,2800000.0,2132639.3866666667
187185,550837.0,564440.5233333333
187186,850000.0,735899.3966666666
187187,2145000.0,3978829.1166666667
187188,328000.0,333235.5833333333
187189,515000.0,468362.5555555556
187190,1570000.0,1552739.7633333334
187191,615000.0,608500.3
187192,1375000.0,1411819.5555555557
187193,1800000.0,1822791.9144444442
187194,895000.0,652493.0
187195,545000.0,595333.2933333333
187196,1379000.0,1477357.4315666668
187197,8000.0,9165.786611111113
187198,540000.0,661557.1633333333
187199,685000.0,769474.4133333333
187200,450000.0,491546.06666666665
187201,475000.0,494244.5
187202,365000.0,363065.6666666667
187203,505000.0,506501.82
187204,395000.0,487084.58
187205,900000.0,1141683.93
187206,5500.0,6143.316666666667
187207,899000.0,856157.6533333333
187208,1100000.0,990256.0
187209,2050000.0,1944998.3966666667
187210,1200000.0,1511296.63
187211,695000.0,649684.84
187212,405000.0,376348.34711111104
187213,882000.0,946065.4381666667
187214,435000.0,421550.98
187215,836000.0,909680.9966666667
187216,565168.0,535712.0366666666
187217,485000.0,427517.0
187218,530000.0,546986.0533333333
187219,775000.0,812670.7533333333
187220,4850.0,5078.5633333333335
187221,369000.0,370181.27777777775
187222,675000.0,730030.9233333333
187223,1739000.0,1956950.4717333333
187224,609990.0,587565.6833333333
187225,1410000.0,1152222.3666666667
187226,650000.0,644521.7214285714
187227,3500.0,3126.4177777777777
187228,875000.0,961320.5666666667
187229,2085000.0,2187994.8778666668
187230,202000.0,201629.36666666667
187231,465000.0,539131.89
187232,645000.0,611319.6333333333
187233,535000.0,555313.3377777778
187234,380000.0,347830.33
187235,3155000.0,3540060.3733333335
187236,2595.0,2838.208333333333
187237,3000.0,6439.343333333333
187238,999000.0,1058181.34
187239,565000.0,534312.5076
187240,1385000.0,1222034.5933333333
187241,265000.0,380635.9733333333
187242,10000.0,13352.726666666667
187243,640000.0,818494.1666666666
187244,489000.0,534888.0733333334
187245,6700.0,5234.3
187246,5200.0,5747.058333333333
187247,235000.0,250794.60333333333
187248,403000.0,410795.7733333333
187249,2950.0,3006.07
187250,417000.0,393195.13333333336
187251,2450000.0,1727932.3196
187252,500000.0,581919.9966666667
187253,485000.0,496027.9
187254,1110000.0,1240853.6533333333
187255,370000.0,310793.77111111116
187256,399000.0,294620.89444444445
187257,765000.0,907101.0066666667
187258,5108000.0,3788389.2866666666
187259,1700000.0,1231177.3
187260,271000.0,298560.33
187261,385000.0,363353.46
187262,277500.0,303867.6666666667
187263,150000.0,154985.36
187264,118000.0,156535.0
187265,1288990.0,1115054.0666666667
187266,2195.0,2213.5348484848487
187267,459000.0,448016.99333333335
187268,445000.0,463650.56666666665
187269,1545000.0,1486721.6266666667
187270,425000.0,432604.55333333334
187271,599000.0,603405.8133333334
187272,825000.0,959942.8155555556
187273,3700.0,3820.1466666666665
187274,925000.0,970925.0
187275,465000.0,566028.9466666667
187276,1258500.0,912758.4
187277,725000.0,788683.7733333333
187278,800000.0,614856.5333333333
187279,785000.0,864839.0
187280,370000.0,471047.4166666667
187281,660000.0,779709.7
187282,412000.0,442641.6666666667
187283,568274.0,525306.5866666667
187284,650000.0,676979.1666666666
187285,655000.0,655678.8333333334
187286,720000.0,734221.9733333334
187287,738000.0,742393.6566666666
187288,2000000.0,2168396.6133333333
187289,750000.0,781967.4133333333
187290,1300000.0,1273892.8333333333
187291,480000.0,523774.99
187292,715000.0,673602.2133333334
187293,265000.0,247160.61333333334
187294,2025000.0,1714784.0
187295,431000.0,570281.3466666667
187296,300000.0,321596.2155555556
187297,2599000.0,2226551.9
187298,650000.0,592490.0000000001
187299,6000.0,6008.122222222222
187300,2325000.0,2160655.933333333
187301,419900.0,412878.82666666666
187302,452000.0,326086.1414444445
187303,650000.0,516479.1666666667
187304,2700000.0,2191543.13
187305,425000.0,398172.1777777778
187306,3300.0,3489.0455555555554
187307,345000.0,391349.5
187308,420000.0,555829.6666666666
187309,1150000.0,1307255.2466666666
187310,235000.0,244093.31333333332
187311,2700.0,2625.7966666666666
187312,410000.0,418599.32666666666
187313,429000.0,463316.6666666667
187314,550000.0,523458.5
187315,589000.0,585397.3333333334
187316,645000.0,563057.7933333333
187317,820000.0,847530.3933333333
187318,1160000.0,716878.1
187319,1290000.0,1461702.8766666667
187320,860000.0,831173.0333333333
187321,1400000.0,1457254.28
187322,529500.0,441287.0333333333
187323,512837.0,492885.07
187324,600000.0,1659694.5083333333
187325,760000.0,714383.1466666666
187326,1150000.0,871748.2566666667
187327,2400000.0,2782033.5866666664
187328,350000.0,326033.81666666665
187329,479000.0,456501.26666666666
187330,720000.0,781728.33
187331,299999.0,278395.99333333335
187332,900000.0,880539.9733333334
187333,251500.0,389339.6666666667
187334,95000.0,205216.91666666666
187335,5000000.0,3847957.3333333335
187336,205000.0,324550.5301666667
187337,512395.0,499156.94
187338,2900.0,3370.413333333333
187339,3100.0,3632.8966666666665
187340,2175000.0,2226679.033333333
187341,3995.0,4305.843333333333
187342,810000.0,574322.66
187343,1275000.0,1266279.1566666667
187344,1785000.0,2065194.2433333334
187345,699000.0,662006.78
187346,1315000.0,1295255.6133333333
187347,612500.0,558698.4533333334
187348,105000.0,404650.88888888893
187349,945000.0,514695.1666666667
187350,440000.0,466396.0
187351,490000.0,488999.6
187352,4800.0,4883.4766666666665
187353,1005000.0,910788.4722222221
187354,400000.0,393125.88888888893
187355,615000.0,643014.6933333334
187356,3100.0,3146.468888888889
187357,95000.0,379292.3333333333
187358,850000.0,1077682.0466666666
187359,620000.0,640307.2666666667
187360,450000.0,480805.60333333333
187361,4750.0,5323.286666666667
187362,1695000.0,1135068.608888889
187363,645000.0,721504.98
187364,900000.0,962925.8333333334
187365,559000.0,622155.7166666667
187366,625000.0,615740.8933333333
187367,540000.0,509390.5333333333
187368,430000.0,843499.5866666667
187369,592700.0,570098.4366666666
187370,3748000.0,3691046.0733333332
187371,289000.0,242195.46
187372,295000.0,306016.3
187373,420000.0,427897.9888888889
187374,477000.0,604803.1666666666
187375,7525000.0,3649326.6666666665
187376,670000.0,650004.9666666667
187377,669000.0,893938.99
187378,670000.0,622913.3333333334
187379,905000.0,945604.8611111112
187380,1200000.0,1230524.6666666667
187381,510000.0,478949.13
187382,1315000.0,1768092.5166666666
187383,1200000.0,1210102.1833333333
187384,1850000.0,1555530.1666666667
187385,459500.0,468885.8233333333
187386,503000.0,490007.91
187387,469000.0,482267.06333333335
187388,879000.0,853570.2666666667
187389,5500000.0,4934078.283333333
187390,3900.0,3870.165555555556
187391,365000.0,421412.91333333333
187392,705000.0,592040.2133333334
187393,970000.0,1182225.3733333333
187394,620000.0,582914.231111111
187395,612000.0,848938.0333333333
187396,24000.0,19373.44222222222
187397,282000.0,281764.3333333333
187398,241000.0,230547.0
187399,10300.0,13291.427777777777
187400,249000.0,406954.3333333333
187401,1050000.0,1352026.4
187402,6400.0,7156.745555555555
187403,725000.0,960256.4866666667
187404,2050.0,2677.842777777778
187405,620000.0,738687.17
187406,715000.0,696331.8633333333
187407,1500000.0,2771494.6666666665
187408,9500.0,10955.986666666666
187409,799317.0,864659.1633333333
187410,49500.0,187052.32333333333
187411,403307.0,475780.94
187412,345000.0,444437.56666666665
187413,2975.0,3595.468888888888
187414,585000.0,561532.3522222223
187415,285000.0,250543.95666666667
187416,2450000.0,2788072.4433333334
187417,2000000.0,1459322.3966666667
187418,1750000.0,1753471.1333333333
187419,1897000.0,2237563.4366666665
187420,1025000.0,1139735.7955555557
187421,675000.0,741965.11
187422,825000.0,925531.3233333334
187423,1250000.0,1190402.43
187424,165000.0,379614.25333333336
187425,2750.0,2840.6066666666666
187426,300000.0,353722.13666666666
187427,139105.0,170850.33333333334
187428,863000.0,827923.0
187429,598000.0,802044.41
187430,1020000.0,1008083.32
187431,570000.0,551852.6233333333
187432,360000.0,503516.76666666666
187433,715000.0,701343.7166666667
187434,677000.0,878950.3466666667
187435,860000.0,964217.1666666666
187436,720000.0,975305.59
187437,1820000.0,1750794.9333333333
187438,350000.0,578327.55
187439,2000.0,2118.4456084656085
187440,310000.0,285611.2866666667
187441,699000.0,653193.2433333333
187442,1430000.0,1135241.4666666666
187443,860000.0,886709.36
187444,429900.0,371797.7166666667
187445,660000.0,592702.0833333334
187446,5750.0,6224.85
187447,175000.0,204761.66666666666
187448,730000.0,583508.05
187449,590000.0,544892.9666666667
187450,790000.0,796644.1
187451,1291000.0,911457.9466666667
187452,365000.0,463564.9266666667
187453,1422000.0,1928384.1566666667
187454,285000.0,253300.66666666666
187455,185000.0,427457.66333333333
187456,325000.0,291612.11333333334
187457,2250.0,2513.1311111111113
187458,489999.0,436075.58666666667
187459,935000.0,982474.7833333333
187460,240000.0,275418.8333333333
187461,3680.0,3676.76
187462,715000.0,760803.6333333333
187463,286150.0,408172.24666666664
187464,420000.0,493262.1666666667
187465,1060000.0,891169.46
187466,155000.0,516635.04888888885
187467,882372.0,892132.3433333334
187468,755000.0,683996.3833333333
187469,1150000.0,1023681.88
187470,230000.0,372169.74
187471,1345000.0,1322915.5333333334
187472,1080000.0,1001554.5
187473,477361.0,480325.73333333334
187474,165000.0,419367.0
187475,389000.0,349937.31
187476,998000.0,974168.1333333333
187477,636365.0,655535.9133333333
187478,566420.0,525514.4033333333
187479,940000.0,1223100.6266666667
187480,890000.0,967847.3066666666
187481,3500.0,3475.2
187482,929000.0,992595.55
187483,2400000.0,2279645.258266667
187484,135000.0,161448.33333333334
187485,800000.0,661230.4433333334
187486,350000.0,363791.2766666667
187487,391000.0,339814.4
187488,691000.0,681790.54
187489,840000.0,912727.8466666667
187490,925000.0,1070799.4922222223
187491,489000.0,503452.57
187492,715000.0,601803.3333333334
187493,850000.0,847530.2866666666
187494,475000.0,630365.4188888889
187495,7000.0,6723.95
187496,650000.0,725112.1666666666
187497,2200000.0,3260019.6066666665
187498,1650000.0,2295653.91
187499,240000.0,265899.5
187500,440000.0,530026.4666666667
187501,595000.0,582682.89
187502,1063990.0,1035341.5733333334
187503,100000.0,177843.53333333333
187504,266000.0,256773.75333333333
187505,329000.0,519209.86666666664
187506,232500.0,209980.0
187507,290000.0,341230.29
187508,1685000.0,1638847.5366666666
187509,420000.0,378370.51
187510,339000.0,529919.4166666666
187511,1535000.0,2298475.92
187512,549000.0,492685.3433333333
187513,1000000.0,1051842.39
187514,470000.0,477377.61
187515,489200.0,519894.2366666667
187516,2275.0,2708.609047619048
187517,1060000.0,1077071.2133333334
187518,485000.0,220711.0
187519,630000.0,758720.1466666666
187520,1340000.0,1163552.5433333332
187521,1400000.0,1577573.0
187522,330000.0,302420.83
187523,729000.0,603594.2666666667
187524,3200.0,4009.2633333333333
187525,950000.0,944891.05
187526,950000.0,779879.45
187527,979000.0,1090636.6566666667
187528,357000.0,326948.0733333333
187529,1188000.0,1347498.8333333333
187530,1300000.0,1138385.2933333332
187531,1925000.0,1831825.0
187532,455000.0,475716.6666666667
187533,1275000.0,1366437.6666666667
187534,620000.0,800107.2822222223
187535,360000.0,313024.69333333336
187536,3450.0,3522.1666666666665
187537,370000.0,342297.5
187538,1625526.0,1498008.43
187539,189900.0,279926.32666666666
187540,373000.0,415560.62333333335
187541,905000.0,948698.2
187542,520000.0,521798.3333333333
187543,380000.0,414629.6666666667
187544,459900.0,447249.8333333333
187545,320000.0,276360.6666666667
187546,540000.0,574767.0633333334
187547,385000.0,400922.69666666666
187548,275000.0,244074.93
187549,565000.0,662739.9858333333
187550,1196080.0,1718553.8166666667
187551,450000.0,438976.0
187552,535000.0,530973.8766666667
187553,1340000.0,1830938.4166666667
187554,670000.0,909767.75
187555,820000.0,787931.0633333334
187556,715990.0,737547.2533333333
187557,370000.0,445988.0
187558,495000.0,450070.2222222222
187559,432807.0,429470.5933333333
187560,425000.0,450101.1066666667
187561,585000.0,855868.8466666667
187562,350000.0,526984.6933333334
187563,1790000.0,1732312.6866666668
187564,889900.0,889019.2966666666
187565,799000.0,747210.6266666667
187566,390000.0,376590.1666666667
187567,3600.0,3541.489444444444
187568,1375000.0,1577705.7966666666
187569,450000.0,564990.7666666667
187570,525000.0,546878.3166666667
187571,1800000.0,2236461.45
187572,820000.0,824385.2933333333
187573,405000.0,389567.06
187574,375000.0,596616.9733333334
187575,520000.0,545008.45
187576,770000.0,751448.1266666667
187577,495000.0,471664.0933333333
187578,12000000.0,3934817.1133333333
187579,3400.0,3847.9533333333334
187580,535000.0,618390.43
187581,910000.0,893223.0233333333
187582,725000.0,786517.6633333333
187583,435000.0,502337.3333333333
187584,399900.0,476614.29
187585,45000.0,32992.92222222222
187586,1270000.0,1285516.75
187587,1004000.0,1220234.6666666667
187588,970000.0,846674.31
187589,650000.0,705609.0866666667
187590,435000.0,413060.45
187591,870000.0,1063489.5833333333
187592,4025000.0,3752465.7466666666
187593,3300.0,2785.671666666667
187594,4750.0,7027.8966666666665
187595,2915000.0,2782324.7133333334
187596,900000.0,1001436.1866666666
187597,629500.0,439646.3333333333
187598,680000.0,697036.2866666666
187599,540000.0,989240.6066666667
187600,405000.0,603035.1533333333
187601,849500.0,739413.1133333333
187602,1376000.0,1407502.3633333333
187603,603000.0,595296.7133333334
187604,1484000.0,1389776.3577777778
187605,3400.0,3061.8033333333333
187606,810000.0,769152.9133333333
187607,5000.0,6844.683333333333
187608,689000.0,588703.5
187609,685000.0,736403.3266666667
187610,400000.0,527469.2733333333
187611,519990.0,505623.53
187612,580000.0,530911.4133333333
187613,390000.0,345016.5
187614,970000.0,809700.2933333333
187615,910000.0,935208.2
187616,2200.0,2650.3811111111113
187617,5750000.0,3296755.3566666665
187618,655000.0,672972.9988888889
187619,1339990.0,1291335.6066666667
187620,960000.0,1020155.6666666666
187621,699000.0,885813.5566666666
187622,915000.0,886968.0826666667
187623,600000.0,654830.3666666667
187624,575000.0,502311.64
187625,499000.0,609141.25
187626,370000.0,455134.50303333334
187627,749000.0,779619.6666666666
187628,2795.0,2762.7833333333333
187629,1092920.0,1275572.1166666667
187630,1140000.0,1022860.9433333334
187631,82000.0,246147.49333333335
187632,265000.0,309395.0
187633,365000.0,422229.7
187634,1900000.0,2399505.8066666666
187635,465000.0,780224.05
187636,355000.0,420490.89666666667
187637,11475000.0,4380747.96
187638,545400.0,522712.8333333333
187639,872220.0,798440.1666666666
187640,820000.0,782052.3333333334
187641,300000.0,343871.72269841266
187642,355000.0,320204.6666666667
187643,410000.0,400023.05
187644,960000.0,978043.4466666667
187645,1140000.0,1103731.1333333333
187646,1050000.0,1400962.3666666667
187647,690000.0,572006.4866666667
187648,1195000.0,1121006.37
187649,8000.0,8399.0
187650,490000.0,478523.66333333333
187651,730000.0,725693.7
187652,1680000.0,1316727.0983333334
187653,675000.0,661835.4633333334
187654,2610000.0,3191841.05
187655,300000.0,353608.7766666667
187656,619900.0,598320.3833333333
187657,3700.0,4055.785555555555
187658,355000.0,295328.57
187659,5850000.0,3848420.515
187660,2450000.0,3038845.0833333335
187661,855000.0,836429.0
187662,310000.0,487805.0
187663,1455000.0,1094712.47
187664,385000.0,370558.496
187665,910000.0,894274.68
187666,660000.0,806475.51
187667,300000.0,418743.1822222222
187668,749999.0,813329.52
187669,1050000.0,1086942.72
187670,490000.0,505644.00111111114
187671,295000.0,454529.6666666667
187672,775000.0,858629.2933333333
187673,3150.0,3489.463333333333
187674,868000.0,563430.5
187675,620000.0,585573.7
187676,1800.0,1951.5844444444442
187677,645000.0,590941.8
187678,472000.0,453237.13333333336
187679,522000.0,476485.68
187680,455000.0,505491.75333333336
187681,588000.0,537129.21
187682,230000.0,419158.33
187683,1620000.0,1545770.9733333334
187684,330000.0,392722.6822222222
187685,699000.0,691062.7333333333
187686,675000.0,672250.2766666666
187687,474900.0,460764.62666666665
187688,4800000.0,3161488.466666667
187689,283000.0,275527.6666666667
187690,410000.0,594803.34
187691,483000.0,532779.8966666666
187692,665000.0,654244.9733333334
187693,240000.0,250845.33333333334
187694,890000.0,896918.1266666667
187695,7105000.0,3779565.513333333
187696,1180000.0,952378.2633333333
187697,355000.0,324916.6
187698,850000.0,904464.17
187699,540000.0,499175.39
187700,800000.0,782015.68
187701,425000.0,465058.0
187702,499950.0,582513.6944444444
187703,2995.0,3260.983333333333
187704,312000.0,416470.73333333334
187705,614000.0,594076.8666666667
187706,1445000.0,1653492.5866666667
187707,962500.0,834407.1266666667
187708,550000.0,623554.3033333333
187709,595000.0,629636.46
187710,1025000.0,1300897.0266666666
187711,239000.0,229729.93333333332
187712,460000.0,449282.33
187713,3400000.0,4049045.9766666666
187714,1630000.0,1315676.6633333333
187715,310000.0,385610.0333333333
187716,999000.0,1025405.8833333333
187717,2130000.0,1885703.13
187718,460000.0,472334.74333333335
187719,650000.0,637188.1433333333
187720,405000.0,618199.1266666667
187721,415000.0,403866.1666666667
187722,145000.0,252936.82666666666
187723,1650000.0,1833247.5933333333
187724,372000.0,381805.00000000006
187725,439900.0,329503.69333333336
187726,125000.0,160883.99777777778
187727,1138500.0,1003050.2933333333
187728,2350.0,2678.7355555555555
187729,185000.0,342778.75666666665
187730,489000.0,490962.26666666666
187731,900000.0,873378.04
187732,399000.0,390321.1122222222
187733,1269000.0,1490132.51
187734,725000.0,757201.1333333333
187735,1825000.0,1527962.0781666667
187736,650000.0,675501.518888889
187737,655000.0,736934.75
187738,1185000.0,1330814.44
187739,2800000.0,3533973.111111111
187740,790000.0,772849.33
187741,1870000.0,1327344.5033333334
187742,725000.0,1089125.3908333334
187743,705000.0,803317.6666666666
187744,1800000.0,2238195.51
187745,2550.0,2607.18
187746,1460000.0,1522720.0866666667
187747,945000.0,871227.0166666667
187748,750000.0,808130.3666666667
187749,3779000.0,3198427.4633333334
187750,1300000.0,2023816.65
187751,465000.0,438235.7166666667
187752,1843500.0,1942156.63
187753,320000.0,307837.3333333333
187754,2200.0,2223.383333333333
187755,800000.0,772146.6566666666
187756,305000.0,273097.56
187757,580000.0,573214.0
187758,4900.0,4787.1033333333335
187759,740000.0,688468.48
187760,70800.0,25001.557777777776
187761,159000.0,183135.66666666666
187762,1855000.0,1325647.0666666667
187763,470000.0,663568.7966666666
187764,399000.0,512353.6666666667
187765,6500000.0,4410009.0
187766,2826000.0,3205482.18
187767,570000.0,554268.5933333334
187768,2075000.0,1909364.9133333333
187769,20000.0,19601.566666666666
187770,4350.0,4304.329657142857
187771,938000.0,959413.3333333334
187772,9100000.0,4702559.86
187773,1700000.0,1657045.0
187774,600000.0,673897.4333333333
187775,745000.0,1323172.5845111115
187776,1100000.0,1266697.2966666666
187777,1020000.0,1075219.27
187778,940000.0,848316.5
187779,1750.0,1915.5222222222226
187780,700000.0,712532.59
187781,900000.0,812563.6466666666
187782,565000.0,546221.14
187783,525000.0,537981.5633333334
187784,529900.0,627620.8666666667
187785,3000.0,3063.0471666666667
187786,975000.0,990885.2766666666
187787,1090000.0,1299724.47
187788,525000.0,508802.16333333333
187789,235000.0,249977.49999999994
187790,825000.0,741249.1266666667
187791,880355.0,768427.84
187792,800000.0,754012.96
187793,1009958.0,777630.81
187794,650000.0,916901.31
187795,1089000.0,1111149.0133333334
187796,25000.0,18835.81327777778
187797,275000.0,255922.59333333332
187798,1109434.0,801795.7833333333
187799,1725000.0,1553648.5
187800,550380.0,524889.5233333333
187801,663490.0,679315.015
187802,2100000.0,1545819.696
187803,607418.0,624367.3966666666
187804,640071.0,654854.2466666667
187805,220000.0,295107.62111111113
187806,2800.0,3142.945
187807,580000.0,824871.1099666667
187808,2650.0,2960.828333333334
187809,899000.0,697578.33
187810,460000.0,441115.6433333333
187811,620000.0,640441.4866666667
187812,610000.0,382713.0
187813,2500.0,52655.253333333334
187814,4850000.0,3670079.8733333335
187815,4100.0,3752.0266666666666
187816,500000.0,492154.91333333333
187817,390000.0,565683.47
187818,350000.0,463415.5266666667
187819,410000.0,376359.9166666667
187820,260000.0,392344.01666666666
187821,980000.0,964157.5233333333
187822,410000.0,470528.29
187823,477825.0,506317.9766666667
187824,3325000.0,3062804.9166666665
187825,1275000.0,1180751.1122222221
187826,472109.0,489327.05666666664
187827,385000.0,414667.25
187828,1215000.0,1744775.0833333333
187829,373000.0,414947.61
187830,345000.0,378567.37666666665
187831,155000.0,190759.6
187832,439000.0,482197.26666666666
187833,998000.0,1051072.1833333333
187834,3100.0,3250.7233333333334
187835,1800.0,2084.51
187836,610000.0,623719.5703333333
187837,799999.0,819808.0366666666
187838,845000.0,885457.67
187839,445000.0,568990.4166666666
187840,550000.0,626053.4666666667
187841,1999000.0,1671554.4666666666
187842,345000.0,363911.16
187843,760000.0,800616.5
187844,705000.0,698571.3833333333
187845,9500.0,8518.394444444444
187846,1725000.0,2353788.4954333333
187847,2395.0,2551.628888888889
187848,545000.0,550321.0566666666
187849,560000.0,641381.98
187850,1243371.0,1911334.9966666666
187851,599000.0,692651.05
187852,3100.0,3366.0033333333336
187853,1850.0,2092.1866666666665
187854,7300.0,7352.8
187855,1300000.0,1184416.2833333334
187856,435000.0,523340.3333333333
187857,1210000.0,1207533.4933333334
187858,498000.0,836093.7733333333
187859,1550000.0,1355977.0966666667
187860,365000.0,444938.64
187861,390000.0,370114.3333333333
187862,415000.0,422553.55
187863,2700.0,2847.8752777777777
187864,425000.0,459090.8
187865,1039990.0,1138800.5533333332
187866,1290000.0,1681317.39
187867,1775000.0,1902468.3033333332
187868,335000.0,455788.41888888885
187869,500000.0,598077.9511111111
187870,2000000.0,2666280.5
187871,586820.0,591224.2766666666
187872,550000.0,599144.92
187873,525000.0,510252.99111111107
187874,590000.0,585112.3871428572
187875,2350000.0,2113264.6348
187876,1505000.0,1684386.6433333333
187877,478850.0,645832.52
187878,2500.0,1896.7537037037036
187879,530000.0,553921.1833333333
187880,3500.0,3527.4072222222217
187881,335000.0,410476.3333333333
187882,525000.0,529659.7284444445
187883,320000.0,369529.35333333333
187884,770000.0,616287.59
187885,405000.0,434632.8333333333
187886,1650.0,1958.4305555555559
187887,190056.0,400107.63333333336
187888,307000.0,357061.6666666667
187889,370000.0,360953.4533333333
187890,440000.0,446602.28277777776
187891,969000.0,1194392.86
187892,1800000.0,2139743.9833333334
187893,375000.0,356101.48
187894,880000.0,955727.1555555555
187895,9280700.0,4240396.833333333
187896,549000.0,554650.89
187897,4495.0,4585.1338888888895
187898,625000.0,621696.2266666667
187899,1195000.0,1199025.1733333333
187900,515000.0,526761.2933333333
187901,475000.0,628295.1933333334
187902,400000.0,566118.6666666666
187903,1060000.0,1128004.0833333333
187904,925000.0,994838.1266666667
187905,505322.0,485661.2233333333
187906,449000.0,656817.3866666667
187907,521000.0,527332.6933333334
187908,2298.0,2353.4383333333335
187909,780000.0,838708.8666666667
187910,990000.0,899416.4466666667
187911,1655000.0,2135164.33
187912,640000.0,604386.9333333333
187913,2499888.0,2039056.82
187914,425000.0,576897.32
187915,675000.0,644618.4666666667
187916,670000.0,551257.4966666667
187917,674990.0,713735.0666666667
187918,1250000.0,1404159.0
187919,439000.0,471979.36666666664
187920,2750000.0,2879881.993333333
187921,755000.0,780642.87
187922,1495.0,1835.2433333333333
187923,785000.0,720563.96
187924,1060000.0,1011427.6666666666
187925,827375.0,811105.96
187926,200000.0,301991.75666666665
187927,4070.0,6371.916666666667
187928,734990.0,745390.2666666667
187929,7008888.0,5051207.36
187930,448000.0,396308.45
187931,399900.0,374375.46
187932,3999975.0,4297556.776666666
187933,1655000.0,1877593.7933333332
187934,762000.0,776782.8133333334
187935,2120000.0,2671181.18
187936,660000.0,818137.7533333333
187937,1425000.0,1279914.7566666666
187938,515000.0,529524.3233333334
187939,825000.0,825737.0633333334
187940,577990.0,563065.2533333333
187941,1825000.0,1980940.6666666667
187942,575000.0,696726.4666666667
187943,427000.0,445157.32666666666
187944,480000.0,586348.68
187945,225000.0,224663.66333333333
187946,5300000.0,4091536.5933333333
187947,545000.0,702046.0633333334
187948,180500.0,161815.50666666665
187949,3750000.0,2642229.5166666666
187950,388000.0,427490.56666666665
187951,505000.0,328867.3498412698
187952,641000.0,716147.6633333333
187953,5100000.0,4311701.45
187954,3400.0,3157.48
187955,630000.0,905351.3333333334
187956,395000.0,420359.36666666664
187957,345000.0,466340.54
187958,570000.0,715436.2066666667
187959,579000.0,600277.88
187960,475000.0,440181.6666666667
187961,808000.0,967666.13
187962,555000.0,621907.21
187963,605000.0,685841.9166666666
187964,1524000.0,1802015.7833333334
187965,474000.0,526075.9566666667
187966,1295000.0,758916.6233333333
187967,580000.0,652352.2533333333
187968,650000.0,907823.7366666667
187969,690000.0,758369.93
187970,1147500.0,832117.04
187971,2600.0,2821.862222222222
187972,370300.0,350688.73333333334
187973,800000.0,1064982.0833333333
187974,3100000.0,2772705.33
187975,555000.0,612636.9033333333
187976,1250.0,1810.4420940170942
187977,3470000.0,3644778.934888889
187978,180000.0,410974.5793650794
187979,785000.0,833397.5333333333
187980,590000.0,579064.1666666666
187981,531000.0,500961.64
187982,1770000.0,1358353.47
187983,2700000.0,2545544.46
187984,3000.0,3096.61
187985,275000.0,327351.2211111111
187986,1060000.0,1264043.9333333333
187987,326000.0,239690.32666666666
187988,442000.0,448200.3233333333
187989,515000.0,513164.3333333333
187990,1750.0,1917.4941666666664
187991,1950000.0,1709569.091111111
187992,2450.0,2232.152777777778
187993,760000.0,915032.3233333334
187994,330000.0,376343.2233333333
187995,940000.0,863895.9633333334
187996,445000.0,359561.78
187997,845000.0,993678.27
187998,7500.0,5625.98
187999,3500.0,3490.0033333333336
188000,1460000.0,1252294.8433333333
188001,1125000.0,1427664.7566666666
188002,475000.0,543778.22
188003,5725000.0,4749240.033333333
188004,680000.0,869336.7566666667
188005,1360000.0,1716240.2166666666
188006,1700000.0,1101049.3277777778
188007,475000.0,645312.5633333334
188008,1535450.0,1939672.1066666667
188009,399990.0,363730.91
188010,645000.0,672081.908888889
188011,769990.0,704270.585
188012,565000.0,599481.71
188013,340000.0,367625.0555555555
188014,599000.0,739065.6
188015,300000.0,402229.3333333333
188016,820000.0,1039717.3233333334
188017,2200.0,2497.2567460317464
188018,2137938.0,1690985.2433333334
188019,1137490.0,1048151.0233333333
188020,526000.0,558337.8633333333
188021,315000.0,264799.8333333333
188022,1250000.0,1484306.3333333333
188023,484000.0,496582.99666666664
188024,682500.0,610150.6688888889
188025,540000.0,669965.3566666667
188026,915000.0,731039.99
188027,2000.0,2844.266666666667
188028,917300.0,1006434.93
188029,2700000.0,2246070.3333333335
188030,2600.0,2470.624444444444
188031,4045.0,4127.62
188032,705000.0,699790.7833333333
188033,3300000.0,2785472.8566666665
188034,255000.0,366389.0
188035,4475.0,4618.098888888889
188036,710000.0,547129.21
188037,540000.0,450267.5333333333
188038,665000.0,705953.5666666667
188039,1650000.0,1776831.5833333333
188040,1250000.0,1052880.8266666667
188041,463000.0,411928.0133333333
188042,775000.0,1492703.3366666667
188043,510000.0,471840.00666666665
188044,418967.0,350799.04
188045,140000.0,212945.74333333335
188046,3035000.0,2763415.64
188047,4290.0,4042.08
188048,350000.0,345689.64
188049,636700.0,642626.35
188050,1020000.0,970986.9266666666
188051,1195000.0,1084529.8966666667
188052,410000.0,373398.3
188053,369000.0,310100.0
188054,595000.0,564233.3373015872
188055,480000.0,474719.5266666667
188056,694990.0,674295.4333333333
188057,698296.0,683034.9633333334
188058,925000.0,1187846.1066666667
188059,852500.0,950783.0
188060,1700000.0,1726439.91
188061,450000.0,515792.2966666667
188062,215000.0,268536.9380952381
188063,574900.0,580132.6666666666
188064,345000.0,422954.9266666667
188065,3950.0,5220.750952380951
188066,10700000.0,4399929.113333333
188067,770800.0,909171.2133333334
188068,4800.0,3246.286666666667
188069,810000.0,1042969.6666666666
188070,995000.0,776824.6666666666
188071,7500.0,5832.885714285714
188072,575000.0,575437.5155555556
188073,402000.0,399258.1853333333
188074,705000.0,825187.4033333333
188075,3900.0,4585.514444444445
188076,505990.0,492519.17
188077,725000.0,765149.72
188078,330000.0,519857.59
188079,577500.0,597569.9418666667
188080,5890000.0,5224891.758412698
188081,394000.0,374089.64
188082,440000.0,490659.65
188083,435000.0,402249.6666666667
188084,435000.0,452323.33
188085,530000.0,538759.3066666666
188086,141888.0,186008.46
188087,329900.0,358782.0
188088,46000.0,53838.8944
188089,450000.0,432309.9066666667
188090,1032000.0,1028758.0333333333
188091,1672102.0,1745750.16
188092,499000.0,465057.0833333333
188093,5000.0,6448.76388888889
188094,5500.0,3582.41
188095,429900.0,469007.79333333333
188096,289000.0,494228.63333333336
188097,525000.0,601622.22
188098,1625000.0,1451287.7666666666
188099,2600000.0,3823268.5566666666
188100,580000.0,486903.43333333335
188101,910000.0,1361637.4833333334
188102,517833.0,480767.44
188103,78000.0,253844.61666666667
188104,600000.0,616220.0
188105,327000.0,332971.6666666667
188106,604500.0,1072241.4866666666
188107,503000.0,938692.8333333334
188108,2699000.0,2177172.77
188109,610000.0,609103.0333333333
188110,2250.0,2276.8
188111,924000.0,869422.7633333333
188112,440000.0,447330.79853333335
188113,1075000.0,1352803.1866666668
188114,11500000.0,4626686.503333333
188115,715000.0,737799.5466666666
188116,2900.0,2897.4088888888887
188117,410000.0,428576.5
188118,4160000.0,2532193.24
188119,648000.0,618374.7433333333
188120,8700.0,8295.69111111111
188121,765000.0,698481.0
188122,402000.0,410863.5613333334
188123,1300000.0,1382101.5233333334
188124,7349000.0,875393.3333333334
188125,450000.0,435086.55
188126,1300000.0,1476752.7933333332
188127,3200.0,3419.076666666667
188128,577000.0,637690.8166666667
188129,750000.0,906886.3333333334
188130,650000.0,604104.6666666666
188131,1800.0,2055.328888888889
188132,3650.0,3751.0836111111107
188133,680000.0,833266.2633333333
188134,670000.0,848940.7266666667
188135,1595.0,1847.6122222222225
188136,402000.0,395693.9633333333
188137,1995.0,2140.763928571429
188138,2900.0,2945.111825396825
188139,1750000.0,1490055.9066666667
188140,385000.0,515418.63333333336
188141,270000.0,368934.08
188142,375000.0,391062.00666666665
188143,737500.0,302920.9680555556
188144,699000.0,686790.4266666666
188145,525000.0,560953.53
188146,695000.0,699503.26
188147,498500.0,518044.8466666667
188148,1199000.0,1074733.8233333332
188149,290000.0,400569.96
188150,1750000.0,2447741.5866666664
188151,499000.0,472547.4
188152,475000.0,462228.2633333333
188153,565000.0,273687.44
188154,565000.0,559929.8266666667
188155,830000.0,893772.3966666666
188156,270000.0,399371.08
188157,265000.0,289717.19666666666
188158,533000.0,566676.6633333333
188159,212500.0,211617.41666666666
188160,555000.0,786848.3766666667
188161,460000.0,487025.0266666667
188162,4750.0,5281.666666666667
188163,535000.0,371058.05666666664
188164,505000.0,520430.51
188165,1100000.0,731189.48
188166,2200.0,2084.0188888888893
188167,675000.0,750280.3333333334
188168,9600000.0,5106473.77
188169,32000.0,107843.33333333333
188170,670000.0,699923.0
188171,879000.0,765810.66
188172,575000.0,737055.2976190477
188173,780000.0,759704.8666666667
188174,1487500.0,1580495.7233333334
188175,430000.0,490188.9666666667
188176,680000.0,734240.6633333333
188177,1100.0,4111.233333333334
188178,1400.0,1953.0055555555555
188179,445000.0,364215.48
188180,590000.0,580165.9366666666
188181,1550000.0,1815761.8166666667
188182,497000.0,555968.8533333334
188183,2350.0,2777.455
188184,560000.0,587483.37
188185,420000.0,411011.05
188186,415000.0,475827.99666666664
188187,2260000.0,2383752.6
188188,950000.0,1154264.0033333334
188189,505000.0,509907.6666666667
188190,980000.0,1215553.0433333332
188191,605000.0,648279.0
188192,774024.0,726951.8866666667
188193,1232000.0,1344700.0020777779
188194,195000.0,278555.11
188195,670000.0,603473.0
188196,1250000.0,1060726.6133333333
188197,890000.0,933463.3333333334
188198,525000.0,517481.88333333336
188199,365000.0,447703.8333333333
188200,550000.0,717058.6966666667
188201,1230000.0,1963415.94
188202,269500.0,335077.2733333333
188203,790000.0,806057.5966666667
188204,370000.0,320580.3333333333
188205,1120000.0,986947.6333333333
188206,374500.0,402621.9633333333
188207,560000.0,484303.99333333335
188208,538900.0,541543.23
188209,375000.0,362970.69666666666
188210,720000.0,703680.8333333334
188211,765000.0,757045.3666666667
188212,645000.0,698399.5666666667
188213,525000.0,541430.6244333333
188214,290000.0,304746.25
188215,480000.0,539969.2042666667
188216,435000.0,404671.48333333334
188217,550000.0,591407.22
188218,360000.0,353053.9533333333
188219,915000.0,943207.9066666666
188220,16700000.0,4763306.07
188221,900000.0,1091388.9766666666
188222,735000.0,732255.42
188223,556000.0,557368.81
188224,1160000.0,1143452.1666666667
188225,490532.0,457491.4866666667
188226,612000.0,670730.5
188227,1800000.0,646705.67
188228,138000.0,186288.0
188229,1200000.0,805888.72
188230,1650000.0,1196522.1766666668
188231,1080000.0,1155617.6666666667
188232,850000.0,793214.4877777778
188233,760000.0,531874.7166666667
188234,90000.0,191775.16666666666
188235,760000.0,1208191.2833333334
188236,550000.0,610672.69
188237,243000.0,280820.5833333333
188238,950000.0,1023150.3933333333
188239,638000.0,644175.3566666667
188240,4950000.0,1512714.8366666667
188241,550000.0,429442.44666666666
188242,195000.0,325899.60333333333
188243,2300000.0,4260567.066666666
188244,569486.0,574407.42
188245,650000.0,637356.6666666666
188246,870000.0,949864.2933333333
188247,400000.0,461201.15111111116
188248,390000.0,525682.42
188249,690000.0,798146.3333333334
188250,500000.0,680269.888888889
188251,480000.0,502724.33
188252,1590000.0,2124854.8333333335
188253,600000.0,587605.6233333333
188254,875500.0,645322.3333333334
188255,385000.0,371454.7033333333
188256,480000.0,639729.6
188257,468000.0,493341.2222222223
188258,2775000.0,2090263.4675
188259,2850.0,2718.402222222222
188260,1450000.0,1599767.7247666668
188261,460000.0,454710.29333333333
188262,575000.0,552866.2611111111
188263,642000.0,782915.9133333333
188264,890000.0,2789605.0
188265,6800.0,6350.026666666667
188266,1100000.0,814645.29
188267,145000.0,483445.24666666664
188268,122000.0,213517.2188888889
188269,775000.0,604310.5266666666
188270,569413.0,613397.3166666667
188271,439000.0,482918.53
188272,725000.0,760259.2933333333
188273,320000.0,447369.7233333333
188274,680000.0,1207279.6966666668
188275,2750.0,2843.213492063492
188276,7250.0,6668.738888888888
188277,1136000.0,1261323.0866666667
188278,428000.0,459659.16
188279,760000.0,891742.8766666667
188280,1199000.0,1796575.4233333333
188281,1100000.0,1025032.83
188282,490000.0,427102.66333333333
188283,950000.0,680550.0
188284,490000.0,671170.89
188285,296500.0,283896.4166666667
188286,691732.0,703919.22
188287,250000.0,330534.3333333333
188288,899000.0,900058.0
188289,387000.0,395263.0
188290,669000.0,532446.0166666667
188291,2450.0,3347.9
188292,2235000.0,2565969.053333333
188293,918000.0,983363.0233333333
188294,585000.0,561758.3
188295,490000.0,555457.4533333334
188296,22000.0,55565.47
188297,525000.0,541015.18
188298,1350000.0,1896793.2333333334
188299,111000.0,247517.46666666667
188300,702500.0,664628.74
188301,225000.0,473849.9166666667
188302,1620000.0,1389886.97
188303,197500.0,328671.6666666667
188304,1005000.0,998660.3960000001
188305,332000.0,328028.30333333334
188306,460000.0,469220.75666666665
188307,1526500.0,1271126.0
188308,675000.0,608532.3333333334
188309,1202000.0,1270939.8033333332
188310,799000.0,866496.3466666667
188311,265000.0,291734.36666666664
188312,849000.0,969353.4166666666
188313,321000.0,363669.94666666666
188314,707500.0,1485693.3333333333
188315,729000.0,734280.8466666667
188316,2075000.0,1542313.5503333334
188317,1900000.0,1739751.4666666666
188318,462500.0,537887.9833333333
188319,400000.0,461560.441111111
188320,548000.0,638865.0711111111
188321,4350000.0,3805507.8933333335
188322,5000.0,4159.866666666667
188323,849000.0,593416.13
188324,729999.0,707583.6066666667
188325,510000.0,596665.33
188326,240000.0,216132.30333333334
188327,825000.0,816776.9733333334
188328,700000.0,968974.4744444445
188329,445000.0,442921.51
188330,525000.0,465222.16
188331,7925000.0,4533599.56
188332,2300.0,2387.7222222222226
188333,410000.0,532784.83
188334,17500000.0,4555537.5633333335
188335,1950000.0,2116536.816666667
188336,4500.0,4746.894444444444
188337,460000.0,438802.14
188338,478000.0,480467.18666666665
188339,2525000.0,2313187.0
188340,1149000.0,1037570.25
188341,1158000.0,1041680.0333333333
188342,740000.0,802244.9933333333
188343,533900.0,516748.5733333333
188344,738991.0,690979.4066666666
188345,694900.0,672637.58
188346,8200000.0,4528490.113333333
188347,1600000.0,1309689.33
188348,3250.0,3917.86
188349,2800000.0,2137380.55
188350,700000.0,723507.81
188351,2200.0,1893.58
188352,257500.0,293593.5833333333
188353,6700.0,5810.683333333333
188354,915000.0,913898.3333333334
188355,440000.0,465966.6666666667
188356,1795.0,2795.0
188357,685000.0,655079.61
188358,685000.0,724339.6566666666
188359,220000.0,232885.0
188360,4195.0,4568.669722222222
188361,940000.0,826079.2533333333
188362,629990.0,623409.6866666666
188363,6425000.0,3987819.2666666666
188364,900000.0,783721.5633333334
188365,19950000.0,4210979.0
188366,495000.0,552421.7732666667
188367,335000.0,437064.0933333333
188368,1230000.0,1922403.8333333333
188369,183713.0,272048.3333333333
188370,530237.0,571371.5866666667
188371,925000.0,578592.9333333333
188372,950000.0,1155158.9044444447
188373,3995.0,4232.899444444445
188374,900000.0,998018.7777777779
188375,225000.0,449346.16
188376,850000.0,981485.0
188377,451500.0,465979.00666666665
188378,460000.0,506918.3333333333
188379,800000.0,1030561.6633333333
188380,390000.0,466449.3333333333
188381,505000.0,515556.16333333333
188382,1830000.0,2183539.3466666667
188383,300000.0,294758.1666666667
188384,820000.0,838566.4366666666
188385,1618200.0,1361508.29
188386,350000.0,518788.98
188387,560000.0,712874.19
188388,235000.0,344107.2733333333
188389,2611500.0,2518347.2266666666
188390,178800.0,200084.66666666666
188391,475000.0,398346.3333333333
188392,2750000.0,2139452.6666666665
188393,4300000.0,3859557.95
188394,645000.0,596527.0533333333
188395,90000.0,201360.66666666666
188396,625000.0,537578.88
188397,239000.0,260101.66666666666
188398,5500.0,4515.4
188399,585000.0,665836.9466666667
188400,500000.0,510394.21
188401,3060000.0,1783801.6666666667
188402,435000.0,431566.85
188403,620000.0,636582.65
188404,515000.0,489832.45
188405,511500.0,717136.1666666666
188406,1165000.0,1224807.34
188407,725000.0,774383.27
188408,363600.0,384360.39666666667
188409,675000.0,659891.0
188410,520000.0,387677.6566666667
188411,535000.0,730414.5366666666
188412,880000.0,864555.0
188413,845000.0,879211.0
188414,6000000.0,3589124.466666667
188415,475000.0,579384.21
188416,1675000.0,1935771.96
188417,2570000.0,2403617.703333333
188418,429000.0,411619.7633333333
188419,6000.0,4440.32
188420,1650000.0,1881750.0133333334
188421,479000.0,620140.4033333333
188422,399900.0,447052.0
188423,273000.0,321298.60777777777
188424,1725000.0,1740914.9966666666
188425,815000.0,1048419.7933333333
188426,279500.0,337483.0966666667
188427,575000.0,604107.111111111
188428,405000.0,403799.68666666665
188429,889000.0,877591.6666666666
188430,1620000.0,1559854.6
188431,205000.0,253581.66666666666
188432,268400.0,283529.78619047615
188433,297000.0,273160.99333333335
188434,2225000.0,2803753.777777778
188435,780000.0,834373.8366666667
188436,1035000.0,984284.0933333334
188437,300000.0,333623.55
188438,760000.0,815106.92
188439,825000.0,1119003.9066666667
188440,2550000.0,2738952.9033333333
188441,875000.0,764168.05
188442,485000.0,575742.0555555556
188443,420000.0,484841.57
188444,905000.0,959570.6233333333
188445,996832.0,1009286.0433333333
188446,1100000.0,906738.8
188447,650000.0,605402.5
188448,440206.0,500030.7142857143
188449,250000.0,294180.0
188450,2650000.0,2743091.546666667
188451,699000.0,686287.9288888889
188452,1068000.0,1091695.5833333333
188453,360000.0,409326.05
188454,853000.0,834003.8866666667
188455,485000.0,364292.25333333336
188456,385000.0,250137.36111111115
188457,325000.0,343560.9266666667
188458,575000.0,871262.97
188459,590000.0,629018.7966666666
188460,415000.0,442454.6666666667
188461,1040000.0,893028.2166666667
188462,520000.0,531685.8733333333
188463,1375000.0,2087457.3766666667
188464,489000.0,543380.0033333333
188465,520000.0,617009.095
188466,3000.0,2880.233333333333
188467,1110000.0,1052613.0
188468,541000.0,566042.39
188469,5700.0,7504.49
188470,349000.0,355240.80333333334
188471,515000.0,532494.08
188472,1550000.0,1206039.07
188473,835000.0,945760.6666666666
188474,247432.0,239817.0
188475,4400.0,4280.791111111112
188476,405000.0,403500.57
188477,390000.0,451306.6666666667
188478,350000.0,355369.49666666664
188479,181000.0,382162.8333333333
188480,457000.0,394586.23333333334
188481,147115.0,204766.33333333334
188482,960000.0,918442.4444444446
188483,525000.0,519782.3333333333
188484,620000.0,705313.9633333334
188485,2400000.0,1593982.6333333333
188486,464000.0,467948.7233333333
188487,520000.0,441153.5333333333
188488,266000.0,351022.1244444445
188489,640000.0,646592.6833333333
188490,580.0,575340.6666666666
188491,489000.0,685331.38
188492,2050000.0,4025292.8333333335
188493,797000.0,696382.0677777778
188494,602940.0,601895.6866666666
188495,459500.0,512604.6433333333
188496,3000000.0,2127510.3953333334
188497,720000.0,811336.6166666667
188498,205000.0,231272.1244444445
188499,480000.0,625516.0
188500,815000.0,697273.0466666666
188501,1695.0,1807.33
188502,1850.0,2035.6396825396826
188503,559000.0,637252.57
188504,2000000.0,965350.37
188505,865000.0,911552.44
188506,701380.0,691372.8333333334
188507,1610000.0,1573356.1111111112
188508,650000.0,651940.5066666667
188509,285000.0,513797.7633333333
188510,350000.0,360713.91
188511,295000.0,371635.69
188512,360000.0,395170.7633333333
188513,390000.0,469901.6666666667
188514,410000.0,409494.75666666665
188515,585000.0,649551.1133333333
188516,1203000.0,1496398.2533333334
188517,490000.0,596138.6633333333
188518,4600.0,3817.766666666667
188519,1657000.0,1192818.75
188520,1750000.0,1328690.6333333333
188521,3000000.0,3287671.8733333335
188522,3217153.0,3568271.8333333335
188523,950000.0,1367810.1566666667
188524,342100.0,395039.6
188525,865000.0,1018338.42
188526,624900.0,708819.4496614496
188527,415000.0,457520.6066666667
188528,599000.0,759810.18
188529,855000.0,821173.8666666667
188530,600000.0,760107.4133333333
188531,562500.0,861339.9333333333
188532,883500.0,1061851.7966666666
188533,562000.0,557248.0
188534,307000.0,340107.38333333336
188535,385000.0,354018.1566666667
188536,455000.0,430809.2833333333
188537,370000.0,465482.0
188538,1800.0,2031.8638888888888
188539,550000.0,666355.35
188540,410000.0,439266.68333333335
188541,420000.0,685367.62
188542,275000.0,312852.0
188543,2100.0,1977.8469444444445
188544,1350000.0,1222319.2233333334
188545,275000.0,298327.61
188546,460000.0,516249.94
188547,1498000.0,1610888.0558777777
188548,215000.0,169092.16666666666
188549,628000.0,705547.1271666667
188550,905000.0,843109.1933333334
188551,3995.0,3874.4404761904757
188552,970000.0,905915.2044444446
188553,671495.0,548210.5244444445
188554,956490.0,932598.2133333334
188555,5150000.0,3984335.3333333335
188556,420000.0,467070.66333333333
188557,250000.0,240009.83
188558,280000.0,274944.6666666667
188559,1450000.0,1508994.95
188560,1174685.0,1262506.9366666668
188561,637000.0,589334.21
188562,512000.0,785306.2633333333
188563,418000.0,401749.3333333333
188564,1235000.0,1142255.75
188565,584880.0,574040.4866666667
188566,2300.0,2389.463333333333
188567,1120000.0,1402813.2133333334
188568,1900000.0,2291271.4966666666
188569,845000.0,924320.6633333333
188570,425000.0,343835.25666666665
188571,1410000.0,981004.22
188572,530000.0,546516.0866666667
188573,660000.0,432435.0631555555
188574,1100000.0,1185562.3333333333
188575,495000.0,573530.2093333334
188576,950000.0,825096.47
188577,1950.0,1927.2666666666667
188578,515000.0,541192.1877777777
188579,1134400.0,1770594.4533333334
188580,327000.0,417572.95666666667
188581,473000.0,600081.64
188582,100000.0,232968.33333333334
188583,1330000.0,1333404.4133333333
188584,275000.0,352517.1766666667
188585,380000.0,380520.6533333333
188586,515000.0,550476.6666666666
188587,639000.0,811631.5555555555
188588,1175000.0,1448955.0
188589,369000.0,514208.9533333333
188590,10000000.0,3996112.7083333335
188591,335000.0,338090.0333333333
188592,7950000.0,4600441.67
188593,2500000.0,2002282.8333333333
188594,535900.0,827323.3333333334
188595,940000.0,950946.3922222223
188596,268000.0,307873.25666666665
188597,369900.0,408773.32666666666
188598,15000.0,25086.741666666665
188599,480000.0,523348.94666666666
188600,329900.0,394038.99333333335
188601,980000.0,1026018.7733333333
188602,730000.0,1231328.0366666666
188603,108750.0,162889.66666666666
188604,2175.0,2056.6966666666667
188605,200000.0,474774.66
188606,535000.0,732417.4666666667
188607,1750000.0,2101540.33
188608,180000.0,232774.33333333334
188609,503000.0,497172.66333333333
188610,210000.0,230210.49666666667
188611,2400.0,2285.8244444444445
188612,468000.0,453295.93
188613,323500.0,396599.49666666664
188614,210000.0,198936.16666666666
188615,485000.0,540782.9266666666
188616,175000.0,241417.5
188617,2200000.0,2034626.6866666668
188618,715000.0,767527.46
188619,5700000.0,4312099.88
188620,615000.0,719791.8333333334
188621,465000.0,473009.13333333336
188622,945000.0,774030.8333333334
188623,140000.0,188906.33
188624,590000.0,635872.9166666666
188625,470000.0,569619.6333333334
188626,425000.0,407721.19111111114
188627,1950000.0,1231862.1983333332
188628,385000.0,398928.22
188629,750000.0,684091.5833333334
188630,500000.0,537538.0666666667
188631,1780000.0,2083245.31
188632,310000.0,374344.58777777775
188633,495000.0,326613.0
188634,1230000.0,958586.0066666667
188635,310000.0,366564.0266666667
188636,99000.0,247601.67333333334
188637,554400.0,586248.0
188638,122000.0,257575.81333333332
188639,534900.0,580771.1633333333
188640,1970000.0,2219190.2533333334
188641,350000.0,451235.09
188642,617000.0,772841.0555555556
188643,429995.0,447795.19666666666
188644,29500.0,25259.522222222222
188645,435000.0,505483.3333333333
188646,510000.0,459567.26666666666
188647,305000.0,312554.63666666666
188648,460000.0,836099.58
188649,2400000.0,1755438.1766666668
188650,1035767.0,904992.4772222221
188651,308000.0,333123.2311111111
188652,1150000.0,1869528.3433333333
188653,4100000.0,4570282.283333333
188654,935000.0,1183569.6533333333
188655,1625000.0,1705669.8633333333
188656,1650000.0,833325.6666666666
188657,2500000.0,2468146.1266666665
188658,795000.0,1518090.85
188659,339000.0,308410.3333333333
188660,727000.0,891454.7766666666
188661,295000.0,377413.5333333333
188662,580000.0,433547.4444444444
188663,1800000.0,1948410.8633333333
188664,392700.0,402235.58
188665,838171.0,910620.43
188666,3575000.0,4214394.433333334
188667,386250.0,502659.9683333333
188668,450000.0,409683.3566666667
188669,715000.0,748180.5
188670,380000.0,366529.4666666667
188671,1040000.0,1059970.0
188672,405000.0,432665.5291428572
188673,120000.0,196256.68
188674,1675000.0,1701594.2166666666
188675,300000.0,303985.1666666667
188676,725000.0,830674.1666666666
188677,700000.0,739082.5
188678,480000.0,432642.6666666667
188679,535000.0,599935.6733333333
188680,2995.0,3207.54
188681,1150000.0,1036122.7566666667
188682,1170000.0,974570.3333333334
188683,892991.0,964245.6
188684,1095000.0,1096687.65
188685,1100000.0,1227600.1966666668
188686,552000.0,699176.0
188687,2500.0,2679.494444444444
188688,310000.0,385355.26666666666
188689,3300000.0,2064208.0033333334
188690,3000000.0,2608505.55
188691,340000.0,505520.05
188692,406000.0,472026.55222222226
188693,3298765.0,3555200.33
188694,583000.0,512020.1666666667
188695,355000.0,371331.1111111111
188696,3200000.0,2992505.3133333335
188697,835000.0,886558.11
188698,1535000.0,1808018.4333333333
188699,340000.0,296945.10333333333
188700,940000.0,1085848.2933333332
188701,3600000.0,1331921.0233333334
188702,1390000.0,1122023.32
188703,3195.0,2873.2466666666664
188704,600000.0,656708.18
188705,3501200.0,4223067.673333333
188706,373500.0,363640.38333333336
188707,400000.0,448254.0
188708,35000.0,107308.29333333333
188709,619000.0,519320.88222222216
188710,480000.0,491069.58666666667
188711,299999.0,337519.61873333337
188712,290000.0,324162.17333333334
188713,775000.0,773779.42
188714,11000.0,7663.020833333333
188715,337000.0,332239.1666666667
188716,2600.0,3296.139523809524
188717,993500.0,1344147.2066666668
188718,585000.0,780799.96
188719,520000.0,532498.1333333333
188720,330000.0,416241.29
188721,1895.0,1884.1566666666668
188722,585000.0,463613.7833333333
188723,370000.0,367209.3
188724,450000.0,488663.3333333333
188725,770000.0,791781.96
188726,645000.0,648898.5466666666
188727,600000.0,578576.6466666666
188728,665000.0,830652.5733333334
188729,931000.0,788371.2666666667
188730,650000.0,627930.19
188731,4635000.0,2559755.466666667
188732,705000.0,869154.6666666666
188733,610900.0,577462.45
188734,24500000.0,4364759.993333333
188735,1285000.0,1384063.18
188736,480000.0,497483.3333333333
188737,440000.0,519769.86666666664
188738,280000.0,260099.16666666666
188739,860000.0,1139458.9666666666
188740,2225000.0,2500415.1133333333
188741,435000.0,504977.36666666664
188742,840000.0,594644.75
188743,710000.0,608755.5
188744,2800000.0,1854250.7333333334
188745,475900.0,474070.31666666665
188746,7500.0,7288.93
188747,1175000.0,1476903.3
188748,650000.0,740954.3183333334
188749,175100.0,462763.5833333333
188750,1400000.0,2463323.033333333
188751,7500.0,20596.6
188752,45000.0,9803.396666666667
188753,445000.0,519077.0333333333
188754,564900.0,570857.4866666667
188755,1080000.0,952093.24
188756,3100000.0,3197314.993333333
188757,550000.0,816491.4
188758,499000.0,467042.1666666667
188759,205000.0,121458.66
188760,546000.0,552468.9
188761,2050.0,1975.0097222222225
188762,700000.0,776805.5
188763,581212.0,539812.0066666667
188764,2650000.0,2553490.966666667
188765,135000.0,150160.22222222225
188766,15000.0,10696.307738095238
188767,27500.0,9752.38561111111
188768,255000.0,363731.0366666667
188769,530000.0,424136.8333333333
188770,5700000.0,3608295.0
188771,300000.0,420224.96
188772,1170000.0,1456879.1133333333
188773,565000.0,633208.436
188774,320000.0,365782.00333333336
188775,5600000.0,2424352.36
188776,850000.0,879349.66
188777,1660000.0,2151959.5566666666
188778,400000.0,369797.42333333334
188779,3397687.0,3229207.8066666666
188780,425000.0,463882.2033333333
188781,375000.0,501538.7158333333
188782,453000.0,439428.36333333334
188783,415000.0,406925.24
188784,799999.0,890499.1033333334
188785,510000.0,466756.0266666667
188786,280000.0,669637.5133333333
188787,1250000.0,1403813.9833333334
188788,565000.0,558164.8433333334
188789,1600000.0,1452147.8666666667
188790,520000.0,799984.5833333334
188791,406000.0,496006.5
188792,540000.0,661287.3533333334
188793,5995000.0,4565448.07
188794,605000.0,581355.2633333333
188795,2950.0,2482.3299999999995
188796,850000.0,941103.0
188797,2500.0,2308.2730952380953
188798,770000.0,446628.74666666664
188799,160000.0,300877.4266666667
188800,719000.0,729042.4166666666
188801,525000.0,563872.0023809522
188802,1200000.0,2008840.8133333332
188803,54000.0,190175.0
188804,1200000.0,1534800.0366666666
188805,314000.0,285129.25333333336
188806,472500.0,503015.4266666667
188807,340000.0,350198.49666666664
188808,250000.0,278323.0
188809,400000.0,477657.2
188810,450000.0,358713.59
188811,130000.0,214593.70666666667
188812,180000.0,265468.92333333334
188813,880000.0,841116.2333333333
188814,280000.0,300599.32666666666
188815,338000.0,415709.33
188816,692000.0,941370.0555555556
188817,328000.0,353295.1066666667
188818,535000.0,560861.7094444445
188819,515000.0,583131.83
188820,500000.0,585698.5166666667
188821,375000.0,615740.99
188822,155000.0,207132.98
188823,317000.0,301200.3333333333
188824,1800000.0,1577184.0666666667
188825,2100000.0,1559004.3033333332
188826,515000.0,572775.44
188827,3700.0,2995.586666666667
188828,1680.0,1875.5790111111107
188829,2900.0,3288.596666666667
188830,550000.0,562048.1566666666
188831,505000.0,601606.6833333333
188832,220507.35,323888.18
188833,1589308.0,1463056.5533333332
188834,1675835.0,1416398.2433333334
188835,133000.0,353981.92333333334
188836,300000.0,508311.4666666667
188837,2800.0,2184.810255022755
188838,260000.0,247233.66666666666
188839,40000.0,163506.66666666666
188840,865000.0,751188.53
188841,4000.0,8207.839523809524
188842,127500.0,252292.82
188843,595000.0,1228680.0
188844,3000000.0,915259.7938333333
